# Pug Upper | length 4 | nose -X up +Y
mtllib bob_pug.mtl
g upper
v -0.967579 0.840440 -0.157683
v -0.897611 0.771833 -0.152541
v -1.001707 0.843872 -0.224527
v -0.911262 0.758113 -0.205674
v -1.000001 0.821573 -0.248523
v -1.068259 0.907332 -0.174823
v -0.970989 0.866166 -0.109692
v -1.061434 0.926199 -0.123403
v -1.163823 0.936491 -0.154254
v -1.168944 0.951926 -0.114835
v -1.240617 0.936491 -0.140543
v -1.250853 0.933059 -0.101124
v -1.168944 0.948497 -0.065131
v -1.262799 0.927913 -0.056559
v -1.264508 0.919338 -0.000000
v -1.056314 0.816427 0.267375
v -1.104096 0.794129 0.272518
v -1.030717 0.770119 0.284515
v -1.008532 0.797561 0.263946
v -1.029012 0.852446 0.289658
v -1.059728 0.849015 0.274231
v -1.110921 0.843872 0.250235
v -1.182594 0.816427 0.253665
v -1.163823 0.847301 0.227953
v -1.211606 0.874745 0.210816
v -1.320820 0.739243 -0.253665
v -1.298635 0.771833 -0.251949
v -1.290104 0.716947 -0.281087
v -1.315701 0.694649 -0.275944
v -1.344711 0.720376 -0.260520
v -1.343006 0.672350 -0.260520
v -1.296930 0.653484 -0.279373
v -1.242322 0.694649 -0.301656
v -1.249147 0.752967 -0.281087
v -1.110921 0.843872 -0.250235
v -1.059728 0.850732 -0.274231
v -1.104096 0.794129 -0.272518
v -1.056314 0.816427 -0.267375
v -1.029012 0.852446 -0.289658
v -1.008532 0.797561 -0.263946
v -1.030717 0.770119 -0.284515
v -1.191129 0.734100 -0.303368
v -1.213311 0.785554 -0.272518
v -1.150173 0.763255 -0.296513
v -1.182594 0.816427 -0.253665
v -1.235496 0.838726 -0.233096
v -1.266213 0.804421 -0.245093
v -1.274744 0.849015 -0.200532
v -1.303755 0.818141 -0.210816
v -1.303755 0.854160 -0.164539
v -1.278158 0.888466 -0.164539
v -1.247442 0.883319 -0.190247
v -1.211606 0.874745 -0.210816
v -1.163823 0.847300 -0.227953
v -1.092151 0.732383 -0.310224
v -1.129692 0.706655 -0.320509
v -1.180889 0.668922 -0.313650
v -1.124576 0.624328 -0.320509
v -1.066554 0.879891 -0.385636
v -1.047783 0.881605 -0.349643
v -1.085325 0.878173 -0.353073
v -1.069968 0.874745 -0.315366
v -1.029012 0.852446 -0.289658
v -1.059728 0.850732 -0.274231
v -1.110921 0.873027 -0.282799
v -1.124576 0.879891 -0.317080
v -1.110921 0.845585 -0.382211
v -1.098976 0.847300 -0.406205
v -1.247442 0.881605 -0.231382
v -1.247442 0.831866 -0.260520
v -1.220136 0.885034 -0.251949
v -1.225256 0.835294 -0.279373
v -1.233791 0.766687 -0.281086
v -1.211606 0.752966 -0.306795
v -1.215016 0.713515 -0.311937
v -1.191129 0.699795 -0.330790
v -1.110921 0.843872 -0.250235
v -1.167238 0.888466 -0.255378
v -1.162118 0.876459 -0.229669
v -1.163823 0.847300 -0.227953
v -1.208191 0.902186 -0.210816
v -1.211606 0.874745 -0.210816
v -1.247442 0.883319 -0.190247
v -1.244028 0.907332 -0.191964
v -1.213311 0.905618 -0.229669
v -1.242322 0.902186 -0.212530
v -1.175769 0.879891 -0.282799
v -1.189420 0.842154 -0.310224
v -1.184300 0.771833 -0.330790
v -1.177474 0.701510 -0.342788
v -1.143347 0.842154 -0.346217
v -1.192835 0.680929 -0.342788
v -1.177474 0.672350 -0.361641
v -1.155293 0.716947 -0.349643
v -1.163823 0.687789 -0.365070
v -1.141638 0.740961 -0.361641
v -1.141638 0.727240 -0.368496
v -1.127987 0.788986 -0.382211
v -1.122867 0.790700 -0.397634
v -1.153583 0.780408 -0.358215
v -1.191129 0.699795 0.330790
v -1.177474 0.701510 0.342788
v -1.192835 0.680929 0.342788
v -1.215016 0.713516 0.311937
v -1.211606 0.752966 0.306795
v -1.233791 0.766687 0.281086
v -1.225256 0.835294 0.279373
v -1.247442 0.831866 0.260520
v -1.220136 0.885034 0.251949
v -1.247442 0.881606 0.231382
v -1.213311 0.905618 0.229669
v -1.242322 0.902186 0.212530
v -1.244028 0.907332 0.191964
v -1.208191 0.902186 0.210816
v -1.247442 0.883319 0.190247
v -1.211606 0.874745 0.210816
v -1.163823 0.847301 0.227953
v -1.162118 0.876459 0.229669
v -1.167238 0.888466 0.255378
v -1.110921 0.843872 0.250235
v -1.029012 0.852446 0.289658
v -1.047783 0.881605 0.349643
v -1.059728 0.849015 0.274231
v -1.110921 0.873027 0.282799
v -1.175769 0.879891 0.282799
v -1.069968 0.874745 0.315366
v -1.085325 0.878174 0.353073
v -1.066554 0.879891 0.385636
v -1.110921 0.845586 0.382211
v -1.098976 0.847301 0.406205
v -1.127987 0.788986 0.382211
v -1.122867 0.790700 0.397634
v -1.141638 0.727240 0.368496
v -1.141638 0.740961 0.361640
v -1.163823 0.687789 0.365070
v -1.155293 0.716948 0.349643
v -1.177474 0.672350 0.361640
v -1.124576 0.879891 0.317080
v -1.189420 0.842154 0.310224
v -1.143347 0.842154 0.346217
v -1.153583 0.780408 0.358215
v -1.184300 0.771833 0.330790
v -0.967579 0.840440 0.157683
v -0.970990 0.866167 0.109692
v -1.068259 0.907332 0.174823
v -1.061434 0.926199 0.123403
v -1.163823 0.936491 0.154254
v -1.168944 0.951926 0.114835
v -1.240617 0.936491 0.140543
v -1.001707 0.843872 0.224527
v -0.897612 0.771833 0.152541
v -0.911262 0.758113 0.205674
v -1.000001 0.821573 0.248523
v -1.168944 0.843871 -0.365070
v -1.221846 0.843871 -0.310224
v -1.145053 0.900471 -0.358215
v -1.208191 0.888466 -0.294797
v -1.114336 0.922770 -0.330790
v -1.196245 0.921053 -0.277660
v -1.184300 0.946783 -0.245093
v -1.244028 0.936491 -0.207387
v -1.247442 0.919338 -0.231382
v -1.242322 0.902186 -0.212530
v -1.252562 0.888466 -0.250235
v -1.247442 0.881605 -0.231382
v -1.254268 0.838726 -0.272518
v -1.247442 0.831866 -0.260520
v -1.233791 0.766687 -0.281086
v -1.240617 0.771833 -0.289658
v -1.218431 0.713515 -0.322221
v -1.216725 0.776980 -0.323935
v -1.199660 0.715233 -0.341075
v -1.179184 0.723808 -0.358215
v -1.177474 0.778694 -0.361641
v -1.177474 0.672350 -0.361641
v -1.192835 0.680929 -0.342788
v -1.186009 0.675782 -0.363357
v -1.122867 0.790700 -0.397634
v -1.127987 0.785554 -0.404490
v -1.098976 0.847300 -0.406205
v -1.153583 0.725522 -0.378781
v -1.141638 0.727240 -0.368496
v -1.172354 0.691221 -0.371926
v -1.163823 0.687789 -0.365070
v -1.197955 0.680929 -0.346217
v -1.215016 0.713515 -0.311937
v -1.162118 0.735814 -0.373638
v -1.145053 0.782122 -0.395921
v -1.051194 0.912478 -0.373638
v -1.093856 0.895325 -0.413061
v -1.127987 0.840440 -0.413061
v -1.105802 0.845585 -0.421629
v -1.068259 0.885034 -0.414774
v -1.066554 0.879891 -0.385636
v -1.032423 0.891894 -0.378781
v -1.018772 0.900471 -0.308511
v -1.092151 0.926199 -0.286228
v -1.172354 0.946783 -0.195389
v -1.240617 0.938206 -0.173107
v -1.029012 0.852446 -0.289658
v -1.005121 0.873027 -0.311937
v -1.008532 0.797561 -0.263946
v -1.000001 0.821573 -0.248523
v -1.001707 0.843872 -0.224527
v -1.244028 0.907332 -0.191964
v -1.047783 0.881605 -0.349643
v -1.267918 0.910764 -0.166251
v -1.247442 0.883319 -0.190247
v -1.278158 0.888466 -0.164539
v -1.290104 0.903900 -0.135401
v -1.240617 0.936491 -0.140543
v -1.163823 0.936491 -0.154254
v -1.068259 0.907332 -0.174823
v -1.075085 0.912478 -0.222814
v -0.967579 0.840440 -0.157683
v -1.250853 0.933059 -0.101124
v -1.240617 0.936491 -0.140543
v -1.313995 0.900471 -0.089126
v -1.290104 0.903900 -0.135401
v -1.186009 0.675782 0.363357
v -1.172354 0.691221 0.371926
v -1.199660 0.715233 0.341075
v -1.218431 0.713516 0.322222
v -1.197955 0.680929 0.346217
v -1.192835 0.680929 0.342788
v -1.177474 0.672350 0.361640
v -1.163823 0.687789 0.365070
v -1.141638 0.727240 0.368496
v -1.153583 0.725522 0.378781
v -1.122867 0.790700 0.397634
v -1.127987 0.785554 0.404489
v -1.215016 0.713516 0.311937
v -1.233791 0.766687 0.281086
v -1.098976 0.847301 0.406205
v -1.105802 0.845586 0.421629
v -1.145053 0.782122 0.395921
v -1.162118 0.735815 0.373638
v -1.179184 0.723808 0.358215
v -1.216725 0.776980 0.323935
v -1.240617 0.771833 0.289658
v -1.254268 0.838726 0.272518
v -1.247442 0.831866 0.260520
v -1.247442 0.881606 0.231382
v -1.252562 0.888466 0.250235
v -1.242322 0.902186 0.212530
v -1.247442 0.919338 0.231382
v -1.177474 0.778694 0.361641
v -1.208191 0.888466 0.294797
v -1.221846 0.843872 0.310224
v -1.145053 0.900471 0.358215
v -1.168944 0.843871 0.365070
v -1.093856 0.895325 0.413061
v -1.127987 0.840440 0.413061
v -1.068259 0.885034 0.416487
v -1.051194 0.912478 0.373638
v -1.114336 0.922771 0.330790
v -1.196245 0.921053 0.277660
v -1.018772 0.900472 0.308511
v -1.005121 0.873027 0.311937
v -1.032423 0.891894 0.378781
v -1.245737 0.936491 0.207387
v -1.184300 0.946784 0.245093
v -1.092151 0.926199 0.286228
v -1.001707 0.843872 0.224527
v -1.000001 0.821573 0.248523
v -1.008532 0.797561 0.263946
v -1.029012 0.852446 0.289658
v -1.047783 0.881605 0.349643
v -1.066554 0.879891 0.385636
v -0.967579 0.840440 0.157683
v -1.068259 0.907332 0.174823
v -1.240617 0.938205 0.173107
v -1.172354 0.946784 0.195389
v -1.075085 0.912478 0.222814
v -1.163823 0.936491 0.154254
v -1.240617 0.936491 0.140543
v -1.290104 0.903900 0.135401
v -1.267918 0.910764 0.166251
v -1.244028 0.907332 0.191964
v -1.247442 0.883319 0.190247
v -1.233792 0.036019 -0.000000
v -1.191129 -0.078898 -0.000000
v -1.204780 0.048025 0.104550
v -1.235497 0.089191 0.046278
v -1.213311 0.114918 0.116547
v 0.305461 0.476820 0.080555
v 0.315701 0.478538 0.090840
v 0.290104 0.495690 -0.000000
v 0.298635 0.499118 0.020566
v 0.305461 0.511125 0.063414
v 0.329352 0.488826 0.130258
v 0.298635 0.526563 0.111406
v 0.363483 0.439086 0.154253
v 0.346417 0.420220 0.143973
v 0.404435 0.363619 0.118261
v 0.428327 0.406499 0.092552
v 0.395904 0.411645 -0.001713
v 0.447098 0.499119 0.022283
v 0.409555 0.411645 -0.097695
v 0.412970 0.516271 -0.032564
v 0.290104 0.495690 -0.000000
v 0.298635 0.499118 0.020566
v 0.303755 0.478538 -0.080555
v 0.308875 0.492258 -0.051417
v 0.344711 0.421934 -0.145685
v 0.346417 0.456239 -0.111406
v 0.402730 0.363619 -0.119977
v 0.383959 0.368766 -0.000000
v 0.349828 0.528277 -0.035993
v 0.312286 0.526563 0.003429
v 0.305461 0.511125 0.063414
v 0.303755 0.557437 0.059989
v 0.298635 0.526563 0.111406
v 0.271330 0.538570 0.147398
v 0.276450 0.572871 0.102837
v 0.213311 0.547144 0.169681
v 0.223551 0.574585 0.126832
v 0.146758 0.548858 0.152541
v 0.170649 0.572871 0.118261
v 0.100681 0.538570 0.106263
v 0.134813 0.564296 0.083984
v 0.097271 0.519699 0.039419
v 0.131398 0.550576 0.037706
v 0.235496 0.617468 0.111406
v 0.293515 0.607176 0.087410
v 0.334472 0.583163 0.035993
v 0.385664 0.596884 0.046278
v 0.424916 0.595170 0.090840
v 0.443686 0.478538 0.102837
v 0.424916 0.562578 0.152541
v 0.377134 0.521417 0.188534
v 0.343002 0.612322 0.205674
v 0.320820 0.564296 0.227953
v 0.233788 0.643195 0.221098
v 0.220136 0.595170 0.238237
v 0.385664 0.471677 0.161109
v 0.327646 0.507696 0.169681
v 0.291810 0.531706 0.200532
v 0.211606 0.555719 0.215955
v 0.112627 0.603744 0.203958
v 0.122867 0.562579 0.186821
v 0.203071 0.502551 -0.041135
v 0.136518 0.504265 -0.018853
v 0.201365 0.511125 -0.082271
v 0.109216 0.507696 -0.047991
v 0.097271 0.519699 0.039419
v 0.056314 0.526563 0.032564
v 0.100681 0.538570 0.106263
v 0.061434 0.550576 0.121690
v 0.146758 0.548858 0.152541
v 0.213311 0.547144 0.169681
v 0.271330 0.538570 0.147398
v 0.213311 0.689503 0.042848
v 0.242322 0.660347 0.020566
v 0.194540 0.682643 0.039419
v 0.216726 0.655201 0.023995
v 0.180889 0.675782 0.053133
v 0.199660 0.641478 0.042848
v 0.230376 0.636335 -0.018853
v 0.209897 0.620896 0.008568
v 0.208191 0.576303 -0.001713
v 0.211606 0.591738 0.037706
v 0.204780 0.612322 -0.030850
v 0.199660 0.624328 0.070274
v 0.180889 0.667208 0.071986
v 0.167234 0.699795 0.063414
v 0.168943 0.701509 0.049703
v 0.177474 0.704941 0.042848
v 0.191125 0.711801 0.046278
v 0.228668 0.691221 0.059989
v 0.199660 0.715233 0.058276
v 0.230376 0.687789 0.071986
v 0.199660 0.715233 0.065131
v 0.215017 0.675782 0.087410
v 0.189420 0.710087 0.073699
v 0.163824 0.727240 0.047991
v 0.167234 0.732383 0.051416
v 0.167234 0.728954 0.044561
v 0.170649 0.732383 0.046278
v 0.172354 0.734100 0.054846
v 0.174060 0.734100 0.049703
v 0.167234 0.723808 0.061701
v 0.165529 0.730668 0.056559
v 0.162115 0.720376 0.054846
v 0.162115 0.727240 0.053133
v 0.163824 0.720376 0.047991
v 0.163824 0.727240 0.047991
v 0.168944 0.722094 0.042848
v 0.175769 0.725522 0.044561
v 0.180889 0.728954 0.051416
v 0.180889 0.728954 0.058276
v 0.174060 0.727240 0.063414
v 0.168944 0.734100 0.058276
v 0.165529 0.730668 0.056559
v 0.162115 0.727240 0.053133
v 0.175769 0.704941 0.071986
v 0.136518 0.504265 -0.018853
v 0.156998 0.535138 -0.001713
v 0.203071 0.502551 -0.041135
v 0.199660 0.529991 -0.015427
v 0.250853 0.529991 -0.017140
v 0.230376 0.540284 0.001713
v 0.267918 0.569442 0.035993
v 0.238908 0.571156 0.047991
v 0.249147 0.622610 0.082271
v 0.221842 0.617468 0.085697
v 0.215017 0.675782 0.087410
v 0.194540 0.668922 0.085697
v 0.189420 0.710087 0.073699
v 0.174060 0.727240 0.063414
v 0.168944 0.734100 0.058276
v 0.187715 0.572871 -0.017140
v 0.160409 0.581449 -0.005143
v 0.143343 0.595170 0.029138
v 0.146758 0.610604 0.068557
v 0.182594 0.617468 0.101124
v 0.320820 0.641478 0.107980
v 0.244027 0.658629 0.130258
v 0.172354 0.658629 0.114835
v 0.126282 0.651770 0.070273
v 0.119452 0.632903 0.017140
v 0.143343 0.615750 -0.027422
v 0.177474 0.608890 -0.046278
v 0.220136 0.624328 -0.065131
v 0.174060 0.617468 -0.082271
v 0.116042 0.622610 -0.058276
v 0.078500 0.639764 0.008568
v 0.087031 0.662062 0.087410
v 0.148463 0.674068 0.149112
v 0.244027 0.668922 0.176536
v 0.343002 0.643195 0.157683
v 0.124572 0.648341 0.185105
v 0.051194 0.636335 0.107980
v 0.042663 0.608890 0.010285
v 0.093856 0.590024 -0.075412
v 0.180889 0.590024 -0.107980
v 0.250853 0.607176 -0.087410
v 0.264504 0.631189 -0.029138
v 0.040957 0.590024 0.123403
v 0.034129 0.562579 0.020566
v 0.092151 0.541998 -0.071986
v 0.194540 0.541998 -0.107980
v 0.274744 0.567725 -0.083984
v 0.293515 0.603744 -0.015427
v 0.264504 0.653484 0.037706
v 0.276450 0.541998 -0.058276
v 0.298635 0.586592 0.006855
v 0.269624 0.639763 0.061701
v 0.249147 0.622610 0.082271
v 0.267918 0.569442 0.035993
v 0.250853 0.529991 -0.017140
v -0.656996 0.039452 -0.373638
v -0.588737 0.042880 -0.361641
v -0.662115 -0.087473 -0.310224
v -0.680886 0.209255 -0.377068
v -0.694541 0.049739 -0.371926
v -0.742323 0.111490 -0.390778
v -0.737203 0.034305 -0.383923
v -0.820822 0.096051 -0.423343
v -0.812287 0.020584 -0.421629
v -0.912972 0.013721 -0.431914
v -0.895906 -0.078898 -0.423342
v -0.923208 0.080613 -0.431914
v -1.011947 -0.022295 -0.358215
v -0.930037 0.133785 -0.431914
v -0.827647 0.150937 -0.425059
v -0.839592 0.269283 -0.401064
v -0.749148 0.231550 -0.373638
v -0.846418 0.337893 -0.377068
v -0.750854 0.397925 -0.305082
v 0.447098 -0.077181 -0.258804
v 0.387374 0.003432 -0.341075
v 0.464163 0.030873 -0.221098
v 0.266213 0.041165 -0.380494
v 0.276450 -0.084045 -0.401064
v 0.119452 0.037733 -0.385636
v 0.146757 -0.078898 -0.392491
v -0.010240 0.001718 -0.337645
v 0.412970 0.252134 -0.255378
v 0.500000 0.156083 -0.126832
v 0.406145 0.126924 -0.308511
v 0.409141 -0.075321 -0.069803
v -1.245737 0.121778 -0.000000
v -1.255973 0.159512 -0.000000
v -1.244028 0.128638 -0.058276
v -1.271333 0.161229 -0.061701
v -1.225256 0.157798 -0.126832
v -1.264508 0.180096 -0.000000
v -1.242322 0.197248 -0.133688
v -1.172354 0.217830 -0.214243
v -1.284984 0.183524 -0.061701
v -1.261093 0.207537 -0.000000
v -1.165529 0.258995 -0.212530
v -1.081914 0.312163 -0.310224
v -1.250853 0.222975 -0.133688
v -1.284984 0.209255 -0.061701
v -1.261093 0.243557 -0.000000
v -1.283278 0.241842 -0.059989
v -1.059728 0.747820 -0.298227
v -1.040957 0.461385 -0.293084
v -1.023892 0.512839 -0.308511
v -1.029012 0.449379 -0.303368
v -0.991470 0.507696 -0.318792
v -0.974405 0.602030 -0.322221
v -1.010241 0.603744 -0.320509
v -1.047783 0.593456 -0.323935
v -1.046077 0.511125 -0.301656
v -1.061434 0.463099 -0.286228
v -1.068259 0.416791 -0.270801
v -1.064849 0.397925 -0.279373
v -1.027306 0.401353 -0.313650
v -0.986350 0.454525 -0.327364
v -0.953925 0.590024 -0.318792
v -1.076794 0.358474 -0.291371
v -1.023892 0.356760 -0.341075
v -1.037543 0.692935 -0.311937
v -1.076794 0.663776 -0.322222
v -1.090445 0.564296 -0.320509
v -0.982935 0.692935 -0.296513
v -0.940273 0.689503 -0.284515
v -0.924917 0.571157 -0.310224
v -0.970989 0.408214 -0.359928
v -0.819113 0.730669 -0.000000
v -0.827647 0.720376 -0.080555
v -0.875425 0.802706 -0.000000
v -0.757680 0.684357 -0.000000
v -0.767919 0.670636 -0.089126
v -0.844709 0.691221 -0.152541
v -0.793516 0.631189 -0.166251
v -0.878840 0.655201 -0.224527
v -0.837884 0.576303 -0.253665
v -0.895906 0.504265 -0.323935
v -0.919797 0.737529 -0.239951
v -1.165529 0.938205 -0.000000
v -1.054609 0.931345 -0.066844
v -1.051194 0.926199 -0.000000
v -0.962458 0.869599 -0.063414
v -0.953925 0.871313 -0.000000
v -0.897612 0.806135 -0.089126
v 0.010237 -0.032587 0.214242
v -0.047781 0.094337 0.293084
v -0.022185 -0.030874 0.243380
v -0.027305 0.066892 0.315366
v 0.001706 -0.018867 0.231382
v 0.006826 -0.041162 0.243380
v -0.006825 0.234982 0.325647
v 0.107510 0.185242 0.358215
v 0.044368 0.368766 0.282799
v 0.168944 0.341321 0.301656
v 0.283275 0.171517 0.344504
v 0.266213 0.041165 0.380493
v 0.119452 0.037734 0.385636
v 0.276450 -0.084045 0.401063
v -0.010240 0.001718 0.337645
v 0.146758 -0.078899 0.392491
v -0.068258 0.096051 0.287942
v -0.071672 0.252134 0.306795
v -0.146757 0.257277 0.310224
v -0.143346 0.401353 0.260520
v -0.047781 0.389346 0.269089
v -0.138226 0.483683 0.179966
v -0.017065 0.487112 0.190247
v -0.501707 0.046311 0.346217
v -0.527304 0.233264 0.346217
v -0.588737 0.042880 0.361640
v -0.416384 0.236696 0.330790
v -0.530718 0.394493 0.277660
v -0.424914 0.399639 0.267375
v -0.522184 0.492258 0.181678
v -0.418088 0.490544 0.174823
v -0.412969 0.531706 0.085697
v -0.278157 0.485398 0.174823
v -0.279863 0.521417 0.085697
v -0.278157 0.401353 0.262233
v -0.267917 0.252134 0.327364
v -0.119455 0.089191 0.296513
v -0.075087 -0.049740 0.262233
v -0.237200 0.068610 0.325647
v -0.373722 0.054885 0.346217
v -0.184302 -0.087473 0.286228
v -0.469286 -0.109771 0.301656
v -1.250853 0.933060 0.101124
v -1.313995 0.900472 0.089126
v -1.240617 0.936491 0.140543
v -1.290104 0.903900 0.135401
v 0.387374 0.003432 0.341075
v 0.406145 0.126924 0.308511
v 0.464163 0.030873 0.221098
v 0.447098 -0.077181 0.258804
v 0.189420 0.449379 0.210816
v 0.300341 0.295013 0.291371
v 0.412970 0.252134 0.255378
v 0.500000 0.156083 0.126832
v 0.413725 -0.082794 0.072321
v 0.460752 0.116631 -0.000000
v 0.417778 -0.065699 0.001238
v 0.360068 0.384201 0.181678
v 0.295220 0.483683 0.095981
v 0.290104 0.411645 0.207387
v 0.259387 0.500833 0.107980
v 0.407850 0.262423 -0.000000
v 0.438566 0.319026 0.128546
v 0.187715 0.519699 0.106263
v 0.226962 0.529991 -0.000000
v 0.269624 0.511125 -0.000000
v 0.290104 0.495690 -0.000000
v 0.305461 0.476820 0.080555
v 0.346417 0.420220 0.143973
v 0.404435 0.363619 0.118261
v 0.383959 0.368766 -0.000000
v 0.085325 0.550576 -0.000000
v 0.088736 0.533424 0.097695
v 0.177474 0.540284 -0.000000
v 0.088736 0.476820 0.200532
v -0.017065 0.533424 0.092552
v -0.022185 0.547144 -0.000000
v -0.143346 0.521417 0.089126
v -0.146757 0.531706 -0.000000
v -0.279863 0.533424 -0.000000
v -0.680886 0.591738 0.099407
v -0.667235 0.608891 -0.000000
v -0.709897 0.596884 0.101124
v -0.636519 0.567725 0.090840
v -0.626279 0.586592 -0.000000
v -0.592151 0.540284 0.083984
v -0.573380 0.540284 -0.000000
v -0.511947 0.536852 0.087410
v -0.511947 0.547144 -0.000000
v -0.411264 0.541998 -0.000000
v -0.730378 -0.073752 0.373638
v -0.737204 0.034305 0.383923
v -0.812288 0.020584 0.421629
v -0.696247 -0.082327 0.330790
v -0.694541 0.049739 0.371926
v -0.662115 -0.087473 0.310224
v -0.656996 0.039451 0.373638
v -0.680886 0.209255 0.377068
v -0.605803 0.231549 0.373638
v -0.605803 0.401353 0.301656
v -0.598977 0.500833 0.186821
v -0.662115 0.504265 0.186821
v -0.912972 0.013721 0.431914
v -0.895906 -0.078898 0.423342
v -0.820822 0.096051 0.423342
v -0.742324 0.111489 0.390778
v -0.923208 0.080613 0.431914
v -1.011947 -0.022295 0.358214
v -0.930037 0.133785 0.431914
v -0.827647 0.150937 0.425059
v -0.749148 0.231549 0.373638
v -0.750854 0.397925 0.305082
v -0.677476 0.397925 0.299940
v -0.713312 0.524845 0.198819
v -0.839593 0.269283 0.401063
v -0.846418 0.337893 0.377068
v -0.747440 0.545430 0.198819
v -0.798636 0.476820 0.284515
v -0.865190 0.394493 0.358215
v -0.919797 0.300156 0.399350
v -0.931742 0.245270 0.409631
v -1.037543 0.070324 0.351359
v -1.068259 0.178381 0.325647
v -1.112630 -0.003429 0.229669
v -1.180889 0.097765 0.222814
v -1.011947 0.250416 0.361640
v -0.950514 0.315595 0.377068
v -0.953925 0.339607 0.358215
v -1.008532 0.286436 0.342788
v -1.064849 0.241842 0.306795
v -1.167238 0.178381 0.226240
v -1.170649 -0.051454 0.111406
v -1.245737 0.121778 -0.000000
v -1.242322 0.084044 -0.000000
v -1.244028 0.128638 0.058276
v -1.225256 0.157797 0.126832
v -1.015361 0.320740 0.349643
v -1.073380 0.274429 0.313650
v -1.172354 0.217829 0.214242
v -1.081914 0.312163 0.310224
v -1.023892 0.356760 0.341075
v -0.970990 0.408214 0.359928
v -0.953925 0.370480 0.359928
v -0.873721 0.432227 0.332506
v -0.815702 0.509410 0.250235
v -0.776450 0.540284 0.197102
v -0.819113 0.531706 0.251949
v -0.774745 0.586592 0.162826
v -0.837884 0.576303 0.253665
v -0.793516 0.631189 0.166251
v -0.757680 0.684357 -0.000000
v -0.767919 0.670636 0.089126
v -0.730378 0.653484 -0.000000
v -0.740614 0.636335 0.087410
v -0.769625 0.569442 0.169681
v -0.878840 0.461386 0.323935
v -0.895906 0.504265 0.323935
v -0.713312 0.608890 -0.000000
v -0.732083 0.591738 0.097695
v -0.692832 0.615750 -0.000000
v -0.733788 0.612322 0.090840
v -0.716723 0.629471 -0.000000
v -0.580206 -0.097766 0.296513
v -1.274744 0.849015 0.200532
v -1.303755 0.854160 0.164539
v -1.303755 0.818141 0.210816
v -1.278158 0.888466 0.164539
v -1.247442 0.883319 0.190247
v -1.298635 0.771833 0.251949
v -1.249147 0.752967 0.281086
v -1.266213 0.804421 0.245093
v -1.213311 0.785554 0.272518
v -1.191129 0.734100 0.303368
v -1.150173 0.763255 0.296513
v -1.235496 0.838726 0.233096
v -1.331060 0.785554 0.217671
v -1.320820 0.739243 0.253665
v -1.290104 0.716948 0.281086
v -1.112630 0.423652 0.248523
v -1.087031 0.420220 0.267375
v -1.095565 0.456239 0.270801
v -1.061434 0.463099 0.286228
v -1.085325 0.493972 0.289658
v -1.139933 0.466531 0.272518
v -1.046077 0.511125 0.301656
v -1.023892 0.512839 0.308511
v -1.040957 0.461385 0.293084
v -1.068259 0.416791 0.270801
v -1.165529 0.329315 0.202244
v -1.189420 0.346467 0.186821
v -1.261093 0.289868 0.126832
v -0.991470 0.507696 0.318792
v -1.029012 0.449379 0.303368
v -1.064849 0.397925 0.279373
v -1.150173 0.317308 0.200532
v -1.257683 0.267569 0.137113
v -1.283278 0.241842 0.059989
v -1.279864 0.277861 0.058276
v -1.261093 0.243557 -0.000000
v -1.269624 0.283008 -0.000000
v -1.300344 0.315595 0.047991
v -1.261093 0.207537 -0.000000
v -1.284984 0.209255 0.061701
v -1.250853 0.243556 0.138830
v -1.264508 0.180096 -0.000000
v -1.284984 0.183525 0.061701
v -1.250853 0.222975 0.133688
v -1.151878 0.296727 0.200532
v -1.255973 0.159512 -0.000000
v -1.273039 0.161229 0.061701
v -1.242322 0.197248 0.133688
v -1.245737 0.121778 -0.000000
v -1.244028 0.128638 0.058276
v -1.225256 0.157797 0.126832
v -1.172354 0.217829 0.214242
v -1.165529 0.258995 0.212530
v -1.081914 0.312163 0.310224
v -1.076794 0.358474 0.291371
v -1.023892 0.356760 0.341075
v -1.027306 0.401353 0.313650
v -0.970990 0.408214 0.359928
v -0.986350 0.454524 0.327364
v -0.924917 0.571157 0.310224
v -0.953925 0.590024 0.318792
v -0.940273 0.689503 0.284515
v -0.974405 0.602030 0.322221
v -0.982935 0.692935 0.296513
v -1.010241 0.603744 0.320509
v -1.047783 0.593456 0.323935
v -1.090445 0.564296 0.320508
v -1.148467 0.521417 0.299939
v -1.233791 0.615750 0.289658
v -1.296930 0.653484 0.279373
v -1.290104 0.560864 0.257090
v -1.329352 0.603744 0.245093
v -1.356657 0.564296 0.205674
v -1.343006 0.672350 0.260520
v -1.315701 0.694649 0.275944
v -1.037543 0.692935 0.311937
v -1.076794 0.663776 0.322221
v -1.124576 0.624328 0.320509
v -1.184300 0.576303 0.301656
v -1.180889 0.668922 0.313650
v -1.242322 0.694649 0.301656
v -1.344711 0.720376 0.260520
v -1.365188 0.701510 0.253665
v -1.129692 0.706656 0.320509
v -1.092151 0.732383 0.310224
v -1.059728 0.747820 0.298227
v -0.919797 0.737529 0.239951
v -0.878840 0.655201 0.224527
v -0.953925 0.871313 -0.000000
v -0.962458 0.869599 0.063414
v -0.875425 0.802706 -0.000000
v -1.051194 0.926199 -0.000000
v -1.054609 0.931345 0.066844
v -1.165529 0.938205 -0.000000
v -1.168943 0.948497 0.065131
v -1.264508 0.919338 -0.000000
v -1.262799 0.927913 0.056559
v -1.250853 0.933060 0.101124
v -0.844709 0.691221 0.152541
v -0.827647 0.720376 0.080555
v -0.897611 0.806134 0.089126
v -0.819113 0.730669 -0.000000
v -0.757680 0.684357 -0.000000
v -0.767919 0.670636 0.089126
v -0.793516 0.631189 0.166251
v -0.837884 0.576303 0.253665
v -0.895906 0.504265 0.323935
v -1.278158 0.888466 0.164539
v -0.730378 -0.073752 -0.373638
v -0.696246 -0.082327 -0.330790
v -1.213311 0.114918 -0.116547
v -1.204780 0.048025 -0.104550
v -1.235496 0.089191 -0.046278
v -1.225256 0.157798 -0.126832
v -1.244028 0.128638 -0.058276
v -1.081914 0.312163 -0.310224
v -1.023892 0.356760 -0.341075
v -1.073380 0.274429 -0.313650
v -1.167238 0.178381 -0.226240
v -1.172354 0.217830 -0.214243
v -1.180889 0.097766 -0.222814
v -1.170649 -0.051454 -0.111406
v -1.233792 0.036019 -0.000000
v -1.191129 -0.078898 -0.000000
v -1.242322 0.084044 -0.000000
v -1.245737 0.121778 -0.000000
v -1.068259 0.178381 -0.325647
v -1.037543 0.070324 -0.351359
v -1.112630 -0.003429 -0.229669
v -1.064849 0.241842 -0.306795
v -1.008532 0.286436 -0.342788
v -1.015361 0.320740 -0.349643
v -0.970989 0.408214 -0.359928
v -1.011947 0.250416 -0.361641
v -0.931742 0.245271 -0.409631
v -0.919797 0.300156 -0.399350
v -0.950514 0.315595 -0.377068
v -0.953925 0.339607 -0.358215
v -0.953925 0.370480 -0.359928
v -0.878840 0.461386 -0.323935
v -0.895906 0.504265 -0.323935
v -0.819113 0.531706 -0.251949
v -0.837884 0.576303 -0.253665
v -0.774745 0.586592 -0.162826
v -0.793516 0.631189 -0.166251
v -0.740614 0.636335 -0.087410
v -0.769625 0.569442 -0.169681
v -0.733788 0.612322 -0.090840
v -0.815702 0.509410 -0.250235
v -0.873721 0.432227 -0.332506
v -0.865189 0.394493 -0.358215
v -0.798636 0.476820 -0.284515
v -0.776450 0.540284 -0.197102
v -0.732083 0.591738 -0.097695
v -0.709897 0.596884 -0.101124
v -0.747440 0.545430 -0.198819
v -0.767919 0.670636 -0.089126
v -0.757680 0.684357 -0.000000
v -0.730378 0.653484 -0.000000
v -0.716723 0.629471 -0.000000
v -0.713312 0.608890 -0.000000
v -0.692832 0.615750 -0.000000
v -0.667235 0.608891 -0.000000
v -0.680886 0.591738 -0.099407
v -0.636519 0.567725 -0.090840
v -0.662115 0.504265 -0.186821
v -0.592151 0.540284 -0.083984
v -0.598977 0.502551 -0.188534
v -0.711607 0.524845 -0.198819
v -0.677476 0.397925 -0.299939
v -0.605803 0.231549 -0.373638
v -0.605803 0.401353 -0.301656
v -0.522184 0.492258 -0.181678
v -0.530718 0.394493 -0.277660
v -0.527304 0.233264 -0.346217
v -0.501707 0.046311 -0.346217
v -0.580206 -0.097766 -0.296513
v -0.373722 0.054886 -0.346217
v -0.416384 0.236696 -0.330790
v -0.237200 0.068610 -0.325647
v -0.184302 -0.087473 -0.286228
v -0.006825 0.234982 -0.325647
v -0.047781 0.094337 -0.293084
v -0.071672 0.252134 -0.306795
v -0.068258 0.096051 -0.287942
v -0.022185 -0.030873 -0.243380
v -0.119455 0.089191 -0.296513
v -0.075087 -0.049740 -0.262233
v -0.267917 0.252134 -0.327364
v -0.278157 0.401353 -0.262233
v -0.424914 0.397925 -0.267375
v -0.418088 0.490544 -0.174823
v -0.469286 -0.109771 -0.301656
v -0.143346 0.401353 -0.260520
v -0.146757 0.257277 -0.310224
v 0.010237 -0.032587 -0.214243
v -0.511947 0.536852 -0.087410
v -0.412969 0.531706 -0.085697
v -0.278157 0.485398 -0.174823
v -0.138226 0.483683 -0.179966
v -0.047781 0.389346 -0.269089
v 0.044368 0.368766 -0.282799
v 0.107510 0.185242 -0.358215
v -0.027305 0.066892 -0.315366
v 0.001706 -0.018867 -0.231382
v 0.006826 -0.041162 -0.243380
v 0.283275 0.171517 -0.344504
v 0.168944 0.341321 -0.301656
v -0.017065 0.487112 -0.190247
v -0.279863 0.521417 -0.085697
v -0.626279 0.586592 -0.000000
v -0.573380 0.540284 -0.000000
v -0.511947 0.547144 -0.000000
v -0.411264 0.541998 -0.000000
v -0.279863 0.533424 -0.000000
v -0.143346 0.521417 -0.089126
v -0.017065 0.533424 -0.092552
v 0.088736 0.476820 -0.200532
v 0.189420 0.449379 -0.210816
v 0.300341 0.295013 -0.291371
v 0.085325 0.550576 -0.000000
v 0.177474 0.540284 -0.000000
v 0.088736 0.533424 -0.097695
v -0.146757 0.531706 -0.000000
v -0.022185 0.547144 -0.000000
v 0.187715 0.519699 -0.106263
v 0.226962 0.529991 -0.000000
v 0.259387 0.500833 -0.107980
v 0.295220 0.483683 -0.095981
v 0.290104 0.411645 -0.207387
v 0.360068 0.384201 -0.181678
v 0.269624 0.511125 -0.000000
v 0.290104 0.495690 -0.000000
v 0.303755 0.478538 -0.080555
v 0.344711 0.421934 -0.145685
v 0.438566 0.319026 -0.128546
v 0.460752 0.116631 -0.000000
v 0.417778 -0.065699 0.001238
v 0.402730 0.363619 -0.119977
v 0.407850 0.262423 -0.000000
v 0.383959 0.368766 -0.000000
v -1.334472 0.823287 0.167968
v -1.365188 0.828434 0.128546
v -1.363482 0.792415 0.176536
v -1.332766 0.861021 0.123403
v -1.358363 0.866167 0.087410
v -1.329352 0.895326 0.049703
v -1.262799 0.927913 0.056559
v -1.264508 0.919338 -0.000000
v -1.332766 0.885034 -0.000000
v -1.373722 0.861021 0.049703
v -1.375428 0.854160 -0.000000
v -1.394200 0.819859 -0.000000
v -1.402730 0.830148 0.051416
v -1.407850 0.790701 -0.000000
v -1.426621 0.802706 0.051416
v -1.416385 0.804421 0.095981
v -1.436862 0.768402 0.090840
v -1.423210 0.766687 0.133688
v -1.453927 0.631189 0.061701
v -1.447102 0.627757 0.063414
v -1.462458 0.651770 0.037706
v -1.448807 0.643196 0.046278
v -1.457337 0.650056 0.049703
v -1.445393 0.627757 0.090840
v -1.433447 0.598598 0.089126
v -1.433447 0.595170 0.113122
v -1.419796 0.541998 0.133688
v -1.390785 0.529992 0.159396
v -1.411265 0.487112 0.149112
v -1.448807 0.524845 0.114835
v -1.441982 0.564296 0.102837
v -1.467578 0.559150 0.080555
v -1.445393 0.590024 0.077129
v -1.467578 0.584878 0.061701
v -1.455633 0.593456 0.065131
v -1.460752 0.596884 0.051416
v -1.462458 0.600316 0.054846
v -1.462458 0.600316 0.035993
v -1.438567 0.608891 0.075412
v -1.448807 0.612322 0.071986
v -1.479523 0.602030 0.006855
v -1.481229 0.590024 0.008568
v -1.476113 0.605462 0.015427
v -1.476113 0.617468 0.020566
v -1.462458 0.607176 0.018853
v -1.457338 0.622611 0.020566
v -1.455633 0.626042 0.029138
v -1.453927 0.605462 0.030850
v -1.470992 0.607176 0.042848
v -1.465873 0.598599 0.044561
v -1.469283 0.608891 0.056559
v -1.455632 0.600316 0.063414
v -1.460752 0.614036 0.065131
v -1.464167 0.632903 0.056559
v -1.470992 0.627757 0.049703
v -1.470992 0.620896 0.039419
v -1.472698 0.650056 -0.000000
v -1.470992 0.650056 0.035993
v -1.465873 0.655202 -0.000000
v -1.477818 0.643196 0.034280
v -1.476113 0.641478 -0.000000
v -1.477818 0.631189 -0.000000
v -1.482938 0.632903 0.022283
v -1.476113 0.631189 0.035993
v -1.477818 0.617468 -0.000000
v -1.481229 0.617468 0.013711
v -1.476113 0.629471 0.027422
v -1.467578 0.629471 0.025708
v -1.467578 0.629471 0.030850
v -1.476113 0.600316 -0.000000
v -1.476113 0.586592 -0.000000
v -1.484644 0.576303 0.015427
v -1.479523 0.574585 -0.000000
v -1.488055 0.567725 0.023995
v -1.486349 0.562579 -0.000000
v -1.496589 0.548858 0.029138
v -1.491469 0.548859 -0.000000
v -1.500000 0.524845 0.032564
v -1.491469 0.528277 -0.000000
v -1.491469 0.512839 -0.000000
v -1.489763 0.505979 0.030850
v -1.481229 0.519699 -0.000000
v -1.479523 0.517985 0.022283
v -1.469283 0.514557 0.049703
v -1.482938 0.495690 0.061701
v -1.493174 0.516271 0.065131
v -1.479523 0.497405 0.094265
v -1.477818 0.524845 0.090840
v -1.448807 0.463099 0.114835
v -1.453927 0.487112 0.118261
v -1.406144 0.444233 0.142256
v -1.491469 0.543713 0.059989
v -1.479523 0.569442 0.051416
v -1.477818 0.584878 0.032564
v -1.476113 0.595170 0.020566
v -1.464167 0.596884 0.027422
v -1.467578 0.595170 0.044561
v -1.394199 0.636335 0.197102
v -1.380548 0.670636 0.169681
v -1.401025 0.631189 0.171394
v -1.409559 0.639764 0.142256
v -1.402730 0.622611 0.169681
v -1.397613 0.627757 0.200532
v -1.387374 0.651770 0.217671
v -1.380548 0.670636 0.229669
v -1.409559 0.632903 0.138830
v -1.407850 0.644910 0.128546
v -1.412971 0.651770 0.128546
v -1.412971 0.634617 0.118261
v -1.409559 0.622611 0.131975
v -1.397614 0.610604 0.162826
v -1.392494 0.617468 0.200532
v -1.375428 0.641478 0.233096
v -1.385668 0.648342 0.226240
v -1.375428 0.674068 0.239951
v -1.390785 0.677497 0.226240
v -1.426621 0.698081 0.179966
v -1.431741 0.694649 0.162826
v -1.426621 0.684357 0.149112
v -1.419796 0.665490 0.137113
v -1.430036 0.703228 0.179966
v -1.418090 0.694649 0.198819
v -1.404439 0.686075 0.214242
v -1.401025 0.692935 0.219385
v -1.383960 0.682643 0.236525
v -1.404440 0.703228 0.229669
v -1.380548 0.689503 0.245093
v -1.392494 0.722094 0.231382
v -1.375428 0.740961 0.229669
v -1.356657 0.754681 0.221098
v -1.418090 0.699795 0.203958
v -1.423210 0.706655 0.205674
v -1.416385 0.730669 0.200532
v -1.407850 0.746107 0.195389
v -1.387374 0.768402 0.183392
v -1.395904 0.802706 0.138830
v -1.389080 0.831866 0.092552
v -1.438567 0.710087 0.178249
v -1.436862 0.727240 0.166251
v -1.433447 0.742675 0.157683
v -1.433447 0.698081 0.157683
v -1.441981 0.701510 0.150828
v -1.431742 0.686075 0.140543
v -1.440276 0.686075 0.133687
v -1.450512 0.715233 0.133688
v -1.448806 0.734100 0.133687
v -1.452222 0.742675 0.109692
v -1.431741 0.763255 -0.000000
v -1.457338 0.740961 0.046278
v -1.447101 0.740961 0.078841
v -1.448807 0.773548 0.047991
v -1.457337 0.716948 0.070273
v -1.435156 0.663776 0.121690
v -1.452222 0.687789 0.118261
v -1.460752 0.716948 0.102837
v -1.438567 0.735815 -0.000000
v -1.459046 0.718662 0.042848
v -1.457338 0.691221 0.071986
v -1.459046 0.691221 0.095981
v -1.453927 0.674068 0.092552
v -1.447102 0.667208 0.107980
v -1.450512 0.670636 0.083984
v -1.440276 0.655202 0.099407
v -1.448806 0.668922 0.073699
v -1.435156 0.641478 0.099407
v -1.452222 0.648342 0.078841
v -1.465873 0.663776 0.046278
v -1.467578 0.662062 -0.000000
v -1.459047 0.656916 -0.000000
v -1.445393 0.730668 -0.000000
v -1.457338 0.698081 0.049703
v -1.455633 0.711801 -0.000000
v -1.467578 0.682643 0.042848
v -1.472698 0.691221 -0.000000
v -1.472698 0.672350 -0.000000
v -1.460752 0.716948 -0.102837
v -1.457338 0.716948 -0.070274
v -1.452221 0.742675 -0.109692
v -1.450512 0.715233 -0.133688
v -1.452222 0.687789 -0.118261
v -1.440276 0.686075 -0.133688
v -1.435156 0.663776 -0.121690
v -1.447102 0.667208 -0.107980
v -1.428330 0.648342 -0.109692
v -1.440276 0.655202 -0.099407
v -1.435156 0.641478 -0.099407
v -1.472698 0.672350 -0.000000
v -1.465872 0.663776 -0.046278
v -1.467578 0.662062 -0.000000
v -1.472698 0.691221 -0.000000
v -1.467577 0.682643 -0.042848
v -1.455633 0.711801 -0.000000
v -1.457337 0.698081 -0.049704
v -1.445393 0.730668 -0.000000
v -1.459046 0.718662 -0.042848
v -1.457338 0.691221 -0.071986
v -1.459047 0.691221 -0.095981
v -1.453927 0.674068 -0.092552
v -1.450512 0.670636 -0.083984
v -1.448807 0.668922 -0.073699
v -1.452222 0.648342 -0.078841
v -1.445393 0.627757 -0.090840
v -1.457337 0.650056 -0.049704
v -1.448807 0.643196 -0.046278
v -1.459047 0.656916 -0.000000
v -1.462458 0.651770 -0.037706
v -1.465873 0.655202 -0.000000
v -1.470992 0.650056 -0.035993
v -1.464167 0.632903 -0.056559
v -1.477818 0.643195 -0.034280
v -1.470992 0.627757 -0.049704
v -1.447101 0.627757 -0.063414
v -1.433447 0.598598 -0.089126
v -1.433447 0.595170 -0.113122
v -1.419796 0.541998 -0.133688
v -1.390785 0.529992 -0.159396
v -1.411265 0.487113 -0.149112
v -1.448807 0.524845 -0.114835
v -1.441982 0.564296 -0.102837
v -1.467577 0.559150 -0.080555
v -1.445393 0.590024 -0.077129
v -1.467578 0.584878 -0.061701
v -1.455633 0.593456 -0.065131
v -1.460752 0.596884 -0.051417
v -1.462458 0.600316 -0.054846
v -1.462458 0.600316 -0.035993
v -1.465873 0.598598 -0.044561
v -1.453927 0.605462 -0.030851
v -1.470992 0.607176 -0.042848
v -1.455633 0.626042 -0.029138
v -1.438567 0.608891 -0.075412
v -1.453927 0.631189 -0.061701
v -1.448807 0.612322 -0.071986
v -1.470992 0.620896 -0.039419
v -1.469283 0.608891 -0.056559
v -1.455633 0.600316 -0.063414
v -1.460752 0.614036 -0.065131
v -1.477818 0.617468 -0.000000
v -1.481229 0.617468 -0.013711
v -1.476113 0.600316 -0.000000
v -1.482938 0.632903 -0.022283
v -1.477818 0.631189 -0.000000
v -1.476113 0.641478 -0.000000
v -1.472698 0.650056 -0.000000
v -1.476113 0.631189 -0.035993
v -1.476113 0.629471 -0.027422
v -1.467578 0.629471 -0.025708
v -1.467578 0.629471 -0.030851
v -1.457337 0.622610 -0.020566
v -1.476113 0.617468 -0.020566
v -1.479523 0.602030 -0.006855
v -1.481229 0.590024 -0.008568
v -1.476113 0.586592 -0.000000
v -1.484644 0.576303 -0.015427
v -1.479523 0.574585 -0.000000
v -1.488055 0.567725 -0.023995
v -1.486349 0.562579 -0.000000
v -1.496589 0.548859 -0.029138
v -1.491469 0.543713 -0.059989
v -1.479523 0.569442 -0.051417
v -1.477818 0.524845 -0.090840
v -1.477818 0.584878 -0.032564
v -1.476113 0.595170 -0.020566
v -1.476113 0.605462 -0.015427
v -1.462458 0.607176 -0.018853
v -1.464167 0.596884 -0.027422
v -1.467578 0.595170 -0.044561
v -1.453927 0.487112 -0.118261
v -1.500000 0.524846 -0.032564
v -1.493174 0.516271 -0.065131
v -1.489764 0.505979 -0.030851
v -1.491469 0.548859 -0.000000
v -1.491469 0.528277 -0.000000
v -1.491469 0.512839 -0.000000
v -1.481229 0.519699 -0.000000
v -1.479523 0.517985 -0.022283
v -1.469283 0.514557 -0.049704
v -1.482938 0.495690 -0.061701
v -1.479523 0.497405 -0.094266
v -1.448807 0.463099 -0.114835
v -1.406145 0.444233 -0.142256
v -1.373722 0.473392 -0.167968
v -1.443687 0.456239 -0.104550
v -1.467578 0.476820 -0.089126
v -1.399320 0.432227 -0.118261
v -1.404439 0.430512 -0.128546
v -1.370309 0.416791 -0.137113
v -1.368603 0.423652 -0.123403
v -1.394200 0.456240 -0.111406
v -1.440276 0.481966 -0.094266
v -1.460752 0.483684 -0.082271
v -1.320820 0.444233 -0.119977
v -1.337886 0.449379 -0.118261
v -1.329352 0.415074 -0.131975
v -1.346418 0.418506 -0.126832
v -1.361778 0.451093 -0.116547
v -1.324232 0.406500 -0.150828
v -1.344711 0.409928 -0.145685
v -1.290104 0.444233 -0.135401
v -1.295225 0.444233 -0.137113
v -1.307170 0.416792 -0.145685
v -1.288399 0.440804 -0.130258
v -1.370309 0.430512 -0.157683
v -1.339592 0.433941 -0.181678
v -1.308876 0.420220 -0.181678
v -1.312286 0.406500 -0.155971
v -1.317406 0.416791 -0.137113
v -1.310580 0.444232 -0.125119
v -1.310580 0.418506 -0.143973
v -1.300344 0.445947 -0.133688
v -1.307170 0.418506 -0.147398
v -1.302050 0.408214 -0.162826
v -1.302050 0.403068 -0.157683
v -1.279864 0.408214 -0.185105
v -1.283278 0.403068 -0.174823
v -1.254268 0.411645 -0.200532
v -1.264508 0.396207 -0.174823
v -1.216725 0.418506 -0.217671
v -1.223551 0.403068 -0.200532
v -1.167238 0.420220 -0.222814
v -1.274744 0.367048 -0.142256
v -1.225256 0.360189 -0.166251
v -1.279864 0.319026 -0.104550
v -1.261093 0.289868 -0.126832
v -1.279864 0.277861 -0.058276
v -1.269624 0.283008 -0.000000
v -1.300344 0.315595 -0.047991
v -1.308875 0.313881 -0.000000
v -1.336177 0.348181 -0.041135
v -1.472698 0.523131 -0.000000
v -1.469283 0.517985 -0.041135
v -1.482938 0.514557 -0.000000
v -1.479523 0.511125 -0.035993
v -1.484644 0.490544 -0.000000
v -1.481229 0.488826 -0.034280
v -1.477818 0.452807 -0.000000
v -1.457338 0.519699 -0.000000
v -1.453927 0.516271 -0.039419
v -1.459046 0.500833 -0.080555
v -1.470992 0.495690 -0.070274
v -1.474403 0.485398 -0.058276
v -1.474403 0.456240 -0.037706
v -1.455633 0.420220 -0.000000
v -1.348123 0.349899 -0.000000
v -1.397614 0.375626 -0.039419
v -1.406145 0.387633 -0.000000
v -1.450512 0.416792 -0.041135
v -1.462458 0.457954 -0.068557
v -1.447102 0.463099 -0.090840
v -1.436862 0.466531 -0.102837
v -1.443687 0.502551 -0.075412
v -1.435156 0.499119 -0.051417
v -1.445393 0.511125 -0.027422
v -1.447102 0.512839 -0.000000
v -1.424916 0.481966 -0.097695
v -1.416385 0.481966 -0.077129
v -1.395905 0.463099 -0.087410
v -1.416385 0.428798 -0.092552
v -1.406145 0.439087 -0.111406
v -1.404439 0.456240 -0.107980
v -1.375428 0.430513 -0.113122
v -1.363483 0.437372 -0.095981
v -1.329352 0.427080 -0.109692
v -1.346417 0.415074 -0.123403
v -1.300344 0.432227 -0.121690
v -1.322526 0.411645 -0.131975
v -1.310581 0.415074 -0.140543
v -1.308876 0.399639 -0.149112
v -1.308876 0.349899 -0.085697
v -1.372013 0.379055 -0.080555
v -1.430036 0.420220 -0.070274
v -1.349832 0.404786 -0.128546
v -1.343006 0.397925 -0.125119
v -1.377134 0.420220 -0.119977
v -1.375428 0.411645 -0.113122
v -1.373723 0.401353 -0.099407
v -1.331061 0.389347 -0.119977
v -1.320820 0.377341 -0.111406
v -1.325940 0.399639 -0.138830
v -1.313995 0.391061 -0.142256
v -1.291810 0.382487 -0.143973
v -1.293516 0.394493 -0.159396
v -1.472698 0.523131 -0.000000
v -1.482938 0.514557 -0.000000
v -1.469283 0.517985 0.041135
v -1.479523 0.511125 0.035993
v -1.484644 0.490544 -0.000000
v -1.481229 0.488826 0.034280
v -1.477818 0.452807 -0.000000
v -1.474403 0.456240 0.037706
v -1.455633 0.420220 -0.000000
v -1.450512 0.416792 0.041135
v -1.397614 0.375626 0.039419
v -1.406145 0.387633 -0.000000
v -1.348123 0.349899 -0.000000
v -1.336177 0.348182 0.041135
v -1.308875 0.313881 -0.000000
v -1.308875 0.349899 0.085697
v -1.372013 0.379055 0.080555
v -1.430036 0.420220 0.070274
v -1.462458 0.457954 0.068557
v -1.474403 0.485398 0.058276
v -1.470992 0.495690 0.070274
v -1.459046 0.500833 0.080555
v -1.453927 0.516271 0.039419
v -1.457338 0.519699 -0.000000
v -1.445393 0.511125 0.027422
v -1.447102 0.512839 -0.000000
v -1.447102 0.463099 0.090840
v -1.436862 0.466531 0.102837
v -1.443687 0.502551 0.075412
v -1.435156 0.499119 0.051416
v -1.424916 0.481966 0.097695
v -1.416385 0.481966 0.077129
v -1.395905 0.463099 0.087410
v -1.310581 0.415074 0.140543
v -1.308876 0.399639 0.149112
v -1.307170 0.416791 0.145685
v -1.288399 0.440804 0.130258
v -1.322526 0.411645 0.131975
v -1.300344 0.432227 0.121690
v -1.346418 0.415074 0.123403
v -1.329352 0.427080 0.109692
v -1.375428 0.430513 0.113122
v -1.363483 0.437372 0.095981
v -1.404439 0.456240 0.107980
v -1.406145 0.439087 0.111406
v -1.416385 0.428798 0.092552
v -1.377134 0.420220 0.119977
v -1.375428 0.411645 0.113122
v -1.373722 0.401353 0.099407
v -1.343006 0.397925 0.125119
v -1.349832 0.404786 0.128546
v -1.325940 0.399639 0.138830
v -1.291810 0.382487 0.143973
v -1.313995 0.391062 0.142256
v -1.331061 0.389347 0.119977
v -1.320820 0.377341 0.111406
v -1.274744 0.367048 0.142256
v -1.223551 0.403068 0.200532
v -1.264508 0.396207 0.174823
v -1.293515 0.394493 0.159396
v -1.283278 0.403068 0.174823
v -1.254268 0.411645 0.200532
v -1.218431 0.421934 0.219385
v -1.167238 0.420220 0.222814
v -1.225257 0.360188 0.166251
v -1.279864 0.319026 0.104550
v -1.312286 0.406500 0.155970
v -1.305461 0.406500 0.161109
v -1.290104 0.415074 0.183392
v -1.281570 0.413359 0.186821
v -1.257682 0.444232 0.215955
v -1.244028 0.439087 0.221098
v -1.218431 0.471678 0.257091
v -1.216725 0.439087 0.236525
v -1.150173 0.442518 0.248523
v -1.290104 0.444233 0.135401
v -1.295224 0.444232 0.137113
v -1.300345 0.445947 0.133688
v -1.310580 0.418506 0.143973
v -1.310581 0.444232 0.125119
v -1.307170 0.418506 0.147398
v -1.302049 0.408214 0.162826
v -1.302050 0.403068 0.157683
v -1.279864 0.408214 0.185105
v -1.250853 0.425366 0.210816
v -1.440276 0.481967 0.094265
v -1.394200 0.456239 0.111406
v -1.443687 0.456240 0.104550
v -1.460752 0.483684 0.082271
v -1.467578 0.476820 0.089126
v -1.399320 0.432227 0.118261
v -1.368603 0.423652 0.123403
v -1.361777 0.451093 0.116547
v -1.346418 0.418506 0.126832
v -1.337886 0.449379 0.118261
v -1.329352 0.415074 0.131975
v -1.320820 0.444233 0.119977
v -1.317406 0.416791 0.137113
v -1.404439 0.430512 0.128546
v -1.370308 0.416791 0.137113
v -1.344712 0.409928 0.145685
v -1.324232 0.406500 0.150828
v -1.308876 0.420220 0.181678
v -1.279864 0.454525 0.217671
v -1.252562 0.509410 0.253665
v -1.339592 0.433941 0.181678
v -1.302049 0.475106 0.219385
v -1.329352 0.517985 0.217672
v -1.353242 0.485398 0.185105
v -1.370308 0.430512 0.157683
v -1.373723 0.473392 0.167968
v -1.385668 0.536852 0.188534
v -1.428330 0.648342 0.109692
v -1.424916 0.663776 0.125119
v -1.406144 0.593456 0.161109
v -1.421501 0.622611 0.123403
v -1.419796 0.632903 0.111406
v -1.419796 0.644910 0.116547
v -1.360068 0.627757 0.236525
v -1.377134 0.598599 0.197102
v -1.368603 0.675782 0.245093
v -1.244028 0.439087 -0.221098
v -1.257682 0.444232 -0.215955
v -1.218431 0.471678 -0.257091
v -1.216725 0.439087 -0.236525
v -1.139933 0.466531 -0.272518
v -1.150173 0.440804 -0.248523
v -1.093856 0.456239 -0.270801
v -1.112630 0.423652 -0.248523
v -1.087031 0.420220 -0.267375
v -1.167238 0.329315 -0.202244
v -1.150173 0.317309 -0.200532
v -1.151878 0.296728 -0.200532
v -1.250853 0.243556 -0.138830
v -1.257682 0.267569 -0.137113
v -1.305461 0.406500 -0.161109
v -1.250853 0.425366 -0.210816
v -1.281570 0.413360 -0.186821
v -1.189420 0.346467 -0.186821
v -1.290104 0.415074 -0.183392
v -1.380548 0.670636 -0.169681
v -1.426621 0.698081 -0.179966
v -1.418090 0.694649 -0.198819
v -1.404439 0.686075 -0.214243
v -1.390785 0.677496 -0.226240
v -1.401025 0.692935 -0.219385
v -1.383959 0.682643 -0.236525
v -1.404439 0.703227 -0.229669
v -1.380548 0.689503 -0.245093
v -1.392494 0.722094 -0.231382
v -1.365188 0.701510 -0.253665
v -1.375428 0.740961 -0.229669
v -1.356657 0.754681 -0.221098
v -1.331060 0.785554 -0.217672
v -1.334472 0.823287 -0.167968
v -1.438567 0.735815 -0.000000
v -1.431741 0.763255 -0.000000
v -1.457337 0.740961 -0.046278
v -1.448807 0.773548 -0.047991
v -1.426621 0.802707 -0.051417
v -1.407850 0.790701 -0.000000
v -1.402730 0.830148 -0.051417
v -1.394200 0.819859 -0.000000
v -1.373722 0.861021 -0.049704
v -1.375428 0.854160 -0.000000
v -1.332766 0.885034 -0.000000
v -1.329352 0.895326 -0.049704
v -1.264508 0.919338 -0.000000
v -1.262799 0.927913 -0.056559
v -1.358363 0.866167 -0.087410
v -1.389079 0.831866 -0.092552
v -1.416385 0.804421 -0.095981
v -1.436861 0.768401 -0.090840
v -1.447102 0.740961 -0.078841
v -1.332766 0.861020 -0.123403
v -1.365188 0.828434 -0.128546
v -1.395905 0.802706 -0.138830
v -1.423211 0.766687 -0.133688
v -1.433447 0.742675 -0.157683
v -1.448807 0.734100 -0.133688
v -1.363482 0.792415 -0.176537
v -1.387374 0.768401 -0.183392
v -1.407850 0.746107 -0.195389
v -1.416384 0.730668 -0.200532
v -1.436862 0.727240 -0.166251
v -1.423210 0.706655 -0.205674
v -1.438567 0.710087 -0.178249
v -1.441982 0.701510 -0.150828
v -1.431742 0.686075 -0.140543
v -1.424916 0.663776 -0.125119
v -1.418090 0.699795 -0.203958
v -1.430036 0.703227 -0.179966
v -1.433447 0.698081 -0.157684
v -1.385668 0.536852 -0.188534
v -1.406144 0.593456 -0.161109
v -1.421501 0.622611 -0.123403
v -1.419796 0.632903 -0.111406
v -1.419795 0.644909 -0.116547
v -1.419796 0.665490 -0.137113
v -1.426621 0.684357 -0.149112
v -1.431741 0.694649 -0.162826
v -1.407850 0.644909 -0.128546
v -1.412971 0.634617 -0.118261
v -1.412971 0.651770 -0.128546
v -1.409559 0.639764 -0.142256
v -1.409559 0.632903 -0.138830
v -1.409559 0.622611 -0.131975
v -1.397614 0.610604 -0.162826
v -1.402731 0.622611 -0.169681
v -1.401025 0.631189 -0.171394
v -1.394200 0.636335 -0.197103
v -1.377134 0.598598 -0.197103
v -1.392494 0.617468 -0.200532
v -1.397614 0.627757 -0.200532
v -1.387374 0.651770 -0.217671
v -1.380548 0.670636 -0.229669
v -1.375428 0.674068 -0.239951
v -1.385668 0.648342 -0.226240
v -1.375428 0.641478 -0.233096
v -1.360068 0.627757 -0.236525
v -1.356657 0.564297 -0.205674
v -1.353242 0.485398 -0.185105
v -1.368603 0.675782 -0.245093
v -1.329352 0.603744 -0.245093
v -1.290104 0.560864 -0.257091
v -1.329352 0.517985 -0.217671
v -1.302049 0.475106 -0.219385
v -1.279864 0.454525 -0.217672
v -1.184300 0.576303 -0.301656
v -1.252562 0.509410 -0.253665
v -1.233791 0.615750 -0.289658
v -1.148467 0.521417 -0.299940
v -1.085325 0.493972 -0.289658
v -1.469283 0.514557 0.049703
v -1.479523 0.517985 0.022283
v -1.467578 0.540284 -0.000000
v -1.481229 0.519699 -0.000000
v -1.479523 0.517985 -0.022283
v -1.469283 0.514557 -0.049704
v -1.459047 0.526563 -0.061701
v -1.460752 0.483684 -0.082271
v -1.440276 0.481966 -0.094266
v -1.358363 0.548858 -0.000000
v -1.360068 0.517985 0.094265
v -1.401025 0.562579 -0.000000
v -1.401025 0.526563 0.085697
v -1.361777 0.451093 0.116547
v -1.394200 0.456239 0.111406
v -1.440276 0.481967 0.094265
v -1.337886 0.449379 0.118261
v -1.325940 0.511125 0.097695
v -1.320820 0.444233 0.119977
v -1.319115 0.541998 -0.000000
v -1.360068 0.517985 -0.094266
v -1.401025 0.526563 -0.085697
v -1.438567 0.572871 -0.000000
v -1.438567 0.533424 0.073699
v -1.459046 0.526563 0.061701
v -1.438567 0.533424 -0.073699
v -1.460752 0.483684 0.082271
v -1.394200 0.456240 -0.111406
v -1.361778 0.451093 -0.116547
v -1.325940 0.511125 -0.097695
v -1.278158 0.540284 -0.000000
v -1.293515 0.499119 0.107980
v -1.310581 0.444232 0.125119
v -1.264508 0.490544 -0.123403
v -1.300344 0.445947 -0.133688
v -1.295225 0.444233 -0.137113
v -1.290104 0.444233 -0.135401
v -1.288399 0.440804 -0.130258
v -1.233791 0.483683 -0.116547
v -1.300344 0.432227 -0.121690
v -1.247442 0.451093 -0.102837
v -1.329352 0.427080 -0.109692
v -1.295224 0.437372 -0.082271
v -1.363483 0.437372 -0.095981
v -1.293515 0.499119 -0.107980
v -1.235496 0.535138 -0.000000
v -1.337886 0.449379 -0.118261
v -1.320820 0.444233 -0.119977
v -1.310580 0.444232 -0.125119
v -1.199660 0.514556 -0.000000
v -1.206485 0.471678 -0.000000
v -1.259388 0.442518 -0.000000
v -1.300345 0.445947 0.133688
v -1.264508 0.490544 0.123403
v -1.295224 0.444232 0.137113
v -1.290104 0.444233 0.135401
v -1.288399 0.440804 0.130258
v -1.233791 0.483683 0.116547
v -1.300344 0.432227 0.121690
v -1.247443 0.451093 0.102837
v -1.329352 0.427080 0.109692
v -1.295224 0.437372 0.082271
v -1.363483 0.437372 0.095981
v -1.419796 0.478538 -0.046278
v -1.416385 0.481966 -0.077129
v -1.445393 0.511125 -0.027422
v -1.395905 0.456240 -0.053133
v -1.395905 0.463099 -0.087410
v -1.351538 0.439087 -0.063414
v -1.339592 0.435659 -0.000000
v -1.435156 0.499119 -0.051417
v -1.395905 0.452807 -0.000000
v -1.423210 0.476820 -0.000000
v -1.419796 0.478538 0.046278
v -1.395905 0.456240 0.053133
v -1.351537 0.439086 0.063414
v -1.395905 0.463099 0.087410
v -1.416385 0.481966 0.077129
v -1.445393 0.511125 0.027422
v -1.447102 0.512839 -0.000000
v -1.435156 0.499119 0.051416
v -1.317406 0.723808 0.233096
v -1.331060 0.751250 0.215955
v -1.341297 0.715233 0.234812
v -1.331060 0.684357 0.239951
v -1.307170 0.691221 0.238237
v -1.325940 0.653484 0.233096
v -1.302049 0.656916 0.231382
v -1.151878 0.475106 0.176536
v -1.170649 0.473392 0.159396
v -1.155293 0.475106 0.207387
v -1.172354 0.463099 0.154253
v -1.153583 0.464813 0.176536
v -1.158704 0.464813 0.217671
v -1.177474 0.473392 0.185105
v -1.201366 0.463099 0.140543
v -1.303755 0.656915 -0.231382
v -1.327646 0.653484 -0.233096
v -1.310581 0.691221 -0.239951
v -1.334472 0.684357 -0.239951
v -1.320820 0.723808 -0.234812
v -1.441982 0.478538 0.037706
v -1.404440 0.471678 0.035993
v -1.440276 0.476820 -0.001713
v -1.443687 0.473392 -0.001713
v -1.445393 0.471678 0.035993
v -1.423211 0.468245 0.073699
v -1.414676 0.473392 0.068557
v -1.394200 0.476820 0.071986
v -1.370309 0.471678 0.035993
v -1.343006 0.516271 0.092552
v -1.346418 0.526563 0.094265
v -1.351538 0.512839 0.097695
v -1.343006 0.528277 0.078841
v -1.344712 0.516271 0.075412
v -1.348123 0.512839 0.075412
v -1.354951 0.516271 0.077129
v -1.361778 0.514557 0.090840
v -1.315701 0.529992 0.106263
v -1.312286 0.521417 0.102837
v -1.312286 0.529992 0.087410
v -1.313995 0.521417 0.083984
v -1.315701 0.516271 0.080555
v -1.336177 0.528277 0.080555
v -1.325940 0.521417 0.078841
v -1.341298 0.526563 0.097695
v -1.332766 0.519699 0.094265
v -1.327646 0.529992 0.107980
v -1.244028 0.541998 0.140543
v -1.237202 0.533424 0.135401
v -1.226962 0.550576 0.154253
v -1.221846 0.552291 0.125119
v -1.216725 0.545430 0.123403
v -1.237202 0.543713 0.113122
v -1.220136 0.543713 0.145685
v -1.232082 0.535138 0.116547
v -1.255973 0.521417 0.111406
v -1.262799 0.535138 0.104550
v -1.443687 0.473392 -0.001713
v -1.430036 0.463099 -0.001713
v -1.445393 0.471678 0.035993
v -1.430036 0.463099 0.044561
v -1.423211 0.468245 0.073699
v -1.409559 0.457954 0.077129
v -1.247442 0.550576 0.143973
v -1.274744 0.545430 0.131975
v -1.245737 0.543713 0.143973
v -1.226962 0.550576 0.154253
v -1.226962 0.554005 0.157683
v -1.244028 0.541998 0.140543
v -1.226962 0.562579 0.157683
v -1.240617 0.579731 0.147398
v -1.291810 0.572871 0.114835
v -1.293516 0.545430 0.121690
v -1.322526 0.545430 0.111406
v -1.337886 0.572871 0.095981
v -1.348123 0.541998 0.101124
v -1.331061 0.533424 0.109692
v -1.344712 0.529992 0.097695
v -1.327646 0.529992 0.107980
v -1.341298 0.526563 0.097695
v -1.346418 0.526563 0.094265
v -1.343006 0.528277 0.078841
v -1.336177 0.528277 0.080555
v -1.315701 0.529992 0.106263
v -1.307170 0.531706 0.089126
v -1.312286 0.529992 0.106263
v -1.312286 0.529992 0.087410
v -1.315701 0.531706 0.107980
v -1.175769 0.476820 0.109692
v -1.174063 0.488826 0.133688
v -1.221846 0.459671 0.106263
v -1.122867 0.492258 0.102837
v -1.121161 0.505979 0.121690
v -1.114336 0.528277 0.128546
v -1.168944 0.509410 0.133688
v -1.158704 0.521417 0.123403
v -1.119456 0.536852 0.109692
v -1.124576 0.535138 0.063414
v -1.155293 0.528277 0.073699
v -1.136521 0.519699 -0.001713
v -1.150173 0.512840 -0.001713
v -1.225256 0.499119 0.061701
v -1.226962 0.495690 0.118261
v -1.220136 0.488826 0.130258
v -1.290104 0.533424 0.094265
v -1.279864 0.523131 0.092552
v -1.307170 0.531706 0.089126
v -1.298635 0.521417 0.087410
v -1.312286 0.529992 0.106263
v -1.276453 0.509411 0.087410
v -1.271333 0.519699 0.092552
v -1.259387 0.516271 0.097695
v -1.257683 0.524846 0.099407
v -1.262799 0.535138 0.101124
v -1.283278 0.514557 0.083984
v -1.467578 0.505979 0.020566
v -1.472698 0.507696 0.022283
v -1.469283 0.505979 0.015427
v -1.472698 0.507696 0.013711
v -1.472698 0.519699 0.010285
v -1.472698 0.519699 0.020566
v -1.465873 0.519699 0.018853
v -1.465873 0.519699 0.011997
v -1.452222 0.490544 -0.047991
v -1.452222 0.488826 -0.046278
v -1.455633 0.490544 -0.046278
v -1.455633 0.490544 -0.042848
v -1.457338 0.500833 -0.039419
v -1.453927 0.500833 -0.042848
v -1.452222 0.500833 -0.046278
v -1.457338 0.500833 -0.049704
v -1.460752 0.499119 -0.046278
v -1.462458 0.500833 -0.039419
v -1.455633 0.519699 -0.034280
v -1.450512 0.519699 -0.039419
v -1.450512 0.519699 -0.046278
v -1.459047 0.519699 -0.049704
v -1.465873 0.521417 -0.042848
v -1.470992 0.521417 -0.032564
v -1.469283 0.507696 0.032564
v -1.470992 0.509411 0.034280
v -1.469283 0.507696 0.029138
v -1.470992 0.509411 0.025708
v -1.472698 0.519699 0.022283
v -1.470992 0.521417 0.030850
v -1.464167 0.519699 0.030850
v -1.464167 0.519699 0.022283
v -1.380548 0.478538 0.078841
v -1.385668 0.478538 0.099407
v -1.377134 0.483684 0.078841
v -1.368603 0.485398 0.087410
v -1.360069 0.478538 0.082271
v -1.358363 0.471678 0.080555
v -1.358363 0.476820 0.101124
v -1.358363 0.471678 0.101124
v -1.368603 0.485398 0.099407
v -1.370309 0.471678 0.102837
v -1.382254 0.481966 0.094265
v -1.151878 0.475106 -0.176536
v -1.155293 0.475106 -0.207387
v -1.170649 0.473392 -0.159396
v -1.177474 0.473392 -0.185105
v -1.199660 0.461386 -0.140543
v -1.204780 0.463099 -0.164539
v -1.208191 0.445947 -0.161109
v -1.180889 0.461386 -0.188534
v -1.158704 0.464813 -0.217671
v -1.153583 0.464813 -0.178249
v -1.172354 0.463099 -0.154254
v -1.201366 0.445947 -0.130258
v -1.383960 0.516271 -0.071986
v -1.387374 0.514557 -0.071986
v -1.380548 0.516271 -0.082271
v -1.390785 0.512839 -0.085697
v -1.394200 0.517985 -0.071986
v -1.399320 0.524845 -0.071986
v -1.382254 0.523131 -0.073699
v -1.383960 0.523131 -0.087410
v -1.392494 0.524845 -0.089126
v -1.401025 0.517985 -0.078841
v -1.404440 0.524845 -0.082271
v -1.402731 0.636335 -0.164539
v -1.382254 0.615750 -0.147398
v -1.407850 0.644909 -0.154254
v -1.373722 0.612322 -0.169681
v -1.397614 0.634617 -0.178249
v -1.366897 0.619182 -0.193677
v -1.394200 0.638049 -0.190247
v -1.361778 0.632903 -0.212530
v -1.390785 0.646624 -0.202244
v -1.363483 0.653484 -0.226240
v -1.392494 0.658630 -0.209100
v -1.366897 0.677496 -0.231382
v -1.412971 0.655201 -0.147398
v -1.401025 0.648341 -0.116548
v -1.418090 0.668922 -0.145685
v -1.392494 0.629471 -0.128546
v -1.353242 0.605462 -0.130258
v -1.341298 0.600316 -0.159396
v -1.332766 0.608891 -0.190247
v -1.327646 0.627757 -0.215955
v -1.343006 0.715233 -0.236525
v -1.373722 0.699795 -0.227953
v -1.354951 0.740961 -0.219385
v -1.303755 0.627757 -0.212530
v -1.308875 0.607176 -0.183392
v -1.319115 0.600316 -0.150828
v -1.331061 0.605462 -0.119977
v -1.366897 0.622611 -0.104550
v -1.344711 0.622611 -0.092552
v -1.378839 0.646624 -0.089126
v -1.358363 0.650056 -0.075412
v -1.387374 0.677496 -0.083984
v -1.368603 0.682643 -0.070274
v -1.392494 0.708369 -0.090840
v -1.375428 0.716948 -0.078841
v -1.394200 0.735815 -0.109692
v -1.375428 0.746107 -0.097695
v -1.389079 0.754681 -0.135401
v -1.370308 0.764973 -0.125119
v -1.380548 0.761541 -0.166251
v -1.360068 0.773548 -0.157684
v -1.368603 0.756395 -0.195389
v -1.348123 0.768401 -0.190247
v -1.334472 0.751249 -0.217672
v -1.394200 0.670636 -0.212530
v -1.397614 0.684357 -0.210816
v -1.383960 0.720376 -0.215955
v -1.402731 0.694649 -0.203958
v -1.394200 0.732383 -0.197103
v -1.409559 0.701510 -0.193677
v -1.402731 0.735815 -0.174823
v -1.414675 0.704941 -0.179966
v -1.409559 0.730669 -0.152541
v -1.418090 0.701510 -0.167968
v -1.412971 0.715233 -0.131975
v -1.419796 0.692935 -0.155971
v -1.412971 0.694649 -0.118261
v -1.419796 0.680929 -0.149112
v -1.407850 0.672350 -0.113122
v -1.325940 0.627757 0.214242
v -1.302049 0.627757 0.210816
v -1.329352 0.608891 0.188534
v -1.307170 0.607176 0.183392
v -1.339592 0.600316 0.157683
v -1.315701 0.600316 0.150828
v -1.349832 0.605462 0.128546
v -1.329352 0.605462 0.118261
v -1.363482 0.622611 0.104550
v -1.343006 0.622611 0.092552
v -1.366897 0.682643 0.070273
v -1.356657 0.650056 0.075412
v -1.385668 0.677496 0.083984
v -1.375428 0.646624 0.087410
v -1.399319 0.648342 0.114835
v -1.389079 0.629471 0.126832
v -1.378839 0.615750 0.145685
v -1.370308 0.612322 0.169681
v -1.363482 0.619182 0.191964
v -1.360068 0.632903 0.212530
v -1.360068 0.653484 0.226240
v -1.365188 0.677496 0.231382
v -1.394199 0.634617 0.176536
v -1.399319 0.636335 0.164539
v -1.390785 0.638050 0.190247
v -1.389079 0.646624 0.200532
v -1.389079 0.658630 0.209100
v -1.392494 0.670636 0.210816
v -1.372013 0.699796 0.227953
v -1.395905 0.684357 0.209100
v -1.380548 0.720376 0.215955
v -1.401025 0.694650 0.202244
v -1.390785 0.732383 0.197102
v -1.406144 0.701510 0.191964
v -1.401025 0.735815 0.173107
v -1.411265 0.704941 0.179966
v -1.407850 0.730669 0.150828
v -1.353242 0.740961 0.219385
v -1.344711 0.768402 0.190247
v -1.365188 0.756395 0.193676
v -1.358363 0.773548 0.157683
v -1.377134 0.761541 0.164539
v -1.368603 0.764973 0.125119
v -1.387374 0.754681 0.135401
v -1.373722 0.746107 0.095981
v -1.390785 0.735815 0.107980
v -1.372013 0.716948 0.077129
v -1.390785 0.708370 0.090840
v -1.411265 0.715233 0.130258
v -1.409559 0.694650 0.116547
v -1.406144 0.672350 0.111406
v -1.416384 0.701510 0.166251
v -1.418090 0.692935 0.155970
v -1.418090 0.680929 0.147398
v -1.414675 0.668922 0.143973
v -1.411265 0.655202 0.145685
v -1.406144 0.644910 0.152541
v -1.366897 0.524845 0.077129
v -1.368603 0.524845 0.092552
v -1.358363 0.528277 0.097695
v -1.402731 0.485398 -0.073699
v -1.404440 0.500833 -0.083984
v -1.411265 0.488826 -0.063414
v -1.409559 0.504265 -0.071986
v -1.426621 0.495690 -0.077129
v -1.419796 0.509411 -0.082271
v -1.418090 0.487112 -0.092552
v -1.418090 0.504265 -0.092552
v -1.399320 0.480252 -0.095981
v -1.404440 0.500833 -0.095981
v -1.392494 0.480252 -0.080555
v -1.401025 0.500833 -0.083984
v -1.402731 0.509411 -0.085697
v -1.402731 0.516271 -0.085697
v -1.404440 0.509410 -0.095981
v -1.402731 0.519699 -0.090840
v -1.412971 0.514557 -0.090840
v -1.407850 0.521417 -0.089126
v -1.414676 0.516271 -0.083984
v -1.407850 0.521417 -0.083984
v -1.407850 0.511125 -0.077129
v -1.404440 0.519699 -0.082271
v -1.404440 0.523131 -0.085697
v -1.406144 0.644910 0.152541
v -1.399319 0.636335 0.164539
v -1.409559 0.667208 0.179966
v -1.394199 0.634617 0.176536
v -1.390785 0.638050 0.190247
v -1.389079 0.646624 0.200532
v -1.389079 0.658630 0.209100
v -1.392494 0.670636 0.210816
v -1.395905 0.684357 0.209100
v -1.401025 0.694650 0.202244
v -1.406144 0.701510 0.191964
v -1.411265 0.704941 0.179966
v -1.416384 0.701510 0.166251
v -1.418090 0.692935 0.155970
v -1.418090 0.680929 0.147398
v -1.414675 0.668922 0.143973
v -1.411265 0.655202 0.145685
v -1.402731 0.694649 -0.203958
v -1.397614 0.684357 -0.210816
v -1.412971 0.667208 -0.181678
v -1.394200 0.670636 -0.212530
v -1.392494 0.658630 -0.209100
v -1.390785 0.646624 -0.202244
v -1.394200 0.638049 -0.190247
v -1.397614 0.634617 -0.178249
v -1.402731 0.636335 -0.164539
v -1.407850 0.644909 -0.154254
v -1.412971 0.655201 -0.147398
v -1.418090 0.668922 -0.145685
v -1.419796 0.680929 -0.149112
v -1.419796 0.692935 -0.155971
v -1.418090 0.701510 -0.167968
v -1.414675 0.704941 -0.179966
v -1.409559 0.701510 -0.193677
v -1.433447 0.519699 0.022283
v -1.433447 0.519699 0.013711
v -1.436862 0.519699 0.023995
v -1.433447 0.509411 0.010285
v -1.440276 0.512839 0.008568
v -1.433447 0.507696 0.018853
v -1.440276 0.512839 0.020566
v -1.436862 0.521417 0.011997
v -1.431742 0.516271 -0.037706
v -1.436862 0.517985 -0.039419
v -1.431742 0.517985 -0.029138
v -1.436862 0.519699 -0.029138
v -1.440276 0.509411 -0.034280
v -1.431742 0.505979 -0.032564
v -1.431742 0.507696 -0.023995
v -1.440276 0.511125 -0.023995
v -1.440276 0.495690 -0.073699
v -1.435156 0.485398 -0.077129
v -1.428330 0.495690 -0.068557
v -1.424916 0.476820 -0.080555
v -1.418090 0.476820 -0.080555
v -1.418090 0.497405 -0.077129
v -1.418090 0.487112 -0.085697
v -1.419796 0.497405 -0.085697
v -1.430036 0.497405 -0.083984
v -1.436862 0.531706 -0.080555
v -1.414676 0.528277 -0.085697
v -1.407850 0.528277 -0.071986
v -1.433447 0.524845 -0.056559
v -1.452222 0.523131 -0.065131
v -1.426621 0.487112 -0.083984
v -1.416385 0.476820 -0.085697
v -1.418090 0.473392 -0.083984
v -1.419796 0.476820 -0.085697
v -1.470992 0.509411 -0.022283
v -1.470992 0.509411 -0.030850
v -1.469283 0.507696 -0.025708
v -1.469283 0.507696 -0.030850
v -1.464167 0.519699 -0.020566
v -1.472698 0.517985 -0.018853
v -1.470992 0.521417 -0.029138
v -1.464167 0.519699 -0.027422
v -1.414676 0.528277 0.087410
v -1.418090 0.497405 0.085697
v -1.407850 0.528277 0.073699
v -1.430036 0.497405 0.083984
v -1.436862 0.531706 0.082271
v -1.440276 0.495690 0.073699
v -1.416385 0.497405 0.077129
v -1.433447 0.524845 0.058276
v -1.418090 0.487112 0.085697
v -1.426621 0.485398 0.085697
v -1.433447 0.485398 0.077129
v -1.428330 0.495690 0.068557
v -1.452222 0.523131 0.066844
v -1.424916 0.476820 0.080555
v -1.416385 0.473392 0.083984
v -1.419796 0.476820 0.085697
v -1.416385 0.476820 0.085697
v -1.418090 0.476820 0.082271
v -1.457338 0.500833 0.053133
v -1.452222 0.490544 0.051416
v -1.452222 0.500833 0.049703
v -1.453927 0.500833 0.046278
v -1.455633 0.490544 0.046278
v -1.457338 0.500833 0.042848
v -1.452222 0.488826 0.049703
v -1.455633 0.490544 0.049703
v -1.460752 0.499119 0.049703
v -1.465873 0.521417 0.044561
v -1.470992 0.521417 0.034280
v -1.462458 0.500833 0.042848
v -1.455633 0.519699 0.035993
v -1.450512 0.519699 0.041135
v -1.450512 0.519699 0.047991
v -1.459047 0.519699 0.053133
v -1.472698 0.517985 0.001713
v -1.472698 0.507696 0.003429
v -1.472698 0.519699 0.010285
v -1.469283 0.505979 0.010285
v -1.472698 0.507696 0.011997
v -1.469283 0.505979 0.003429
v -1.465873 0.519699 0.001713
v -1.465873 0.519699 0.008568
v -1.472698 0.517985 -0.000000
v -1.465873 0.519699 -0.000000
v -1.469283 0.505979 -0.000000
v -1.469283 0.505979 -0.008568
v -1.465873 0.519699 -0.006855
v -1.472698 0.507696 -0.008568
v -1.472698 0.507696 -0.000000
v -1.472698 0.519699 -0.006855
v -1.436862 0.521417 -0.013711
v -1.433447 0.519699 -0.013711
v -1.436862 0.519699 -0.023995
v -1.433447 0.519699 -0.022283
v -1.433447 0.507696 -0.018853
v -1.433447 0.509411 -0.010285
v -1.440276 0.512839 -0.010285
v -1.440276 0.512839 -0.020566
v -1.288399 0.531706 0.123403
v -1.278158 0.535138 0.121690
v -1.290104 0.535138 0.125119
v -1.279864 0.536852 0.126832
v -1.269624 0.533424 0.125119
v -1.271333 0.536852 0.130258
v -1.300344 0.533424 0.114835
v -1.303755 0.535138 0.118261
v -1.267918 0.533424 0.130258
v -1.262799 0.535138 0.101124
v -1.262799 0.535138 0.104550
v -1.232082 0.432227 -0.152541
v -1.221846 0.433941 -0.155971
v -1.230376 0.427080 -0.147398
v -1.209901 0.433941 -0.162826
v -1.216725 0.411645 -0.137113
v -1.175769 0.430512 -0.162826
v -1.179184 0.452807 -0.191964
v -1.209900 0.440804 -0.161109
v -1.180889 0.457954 -0.191964
v -1.162118 0.444233 -0.195389
v -1.155293 0.454526 -0.222814
v -1.156998 0.461386 -0.221098
v -1.158704 0.464813 -0.217671
v -1.180889 0.461386 -0.188534
v -1.208191 0.445947 -0.161109
v -1.209900 0.442519 -0.154254
v -1.218431 0.439087 -0.149112
v -1.230376 0.433941 -0.147398
v -1.247442 0.432227 -0.143973
v -1.278159 0.430513 -0.135401
v -1.284984 0.411645 -0.116547
v -1.203071 0.444233 -0.126832
v -1.201366 0.445947 -0.130258
v -1.313995 0.521417 -0.083984
v -1.312286 0.529992 -0.087410
v -1.336177 0.528277 -0.080555
v -1.332766 0.519699 -0.094266
v -1.319115 0.512840 -0.104550
v -1.325940 0.521417 -0.078841
v -1.315701 0.516271 -0.080555
v -1.312286 0.521417 -0.102837
v -1.315701 0.529992 -0.106263
v -1.327646 0.529992 -0.107980
v -1.339592 0.526563 -0.095981
v -1.344711 0.516271 -0.075412
v -1.343006 0.528277 -0.077129
v -1.366897 0.524845 -0.075412
v -1.361778 0.514557 -0.089126
v -1.351537 0.512839 -0.095981
v -1.354951 0.516271 -0.075412
v -1.348123 0.512839 -0.075412
v -1.343006 0.516271 -0.092552
v -1.346418 0.526563 -0.094266
v -1.358363 0.528277 -0.095981
v -1.368603 0.524845 -0.090840
v -1.401025 0.517985 0.080555
v -1.394200 0.517985 0.073699
v -1.390785 0.512839 0.087410
v -1.387374 0.514557 0.073699
v -1.380548 0.516271 0.082271
v -1.383960 0.516271 0.073699
v -1.399320 0.524845 0.071986
v -1.382254 0.523131 0.073699
v -1.383960 0.523131 0.087410
v -1.392494 0.524845 0.090840
v -1.404440 0.524845 0.083984
v -1.469283 0.505979 -0.018853
v -1.469283 0.505979 -0.011997
v -1.472698 0.507696 -0.018853
v -1.472698 0.507696 -0.010285
v -1.472698 0.519699 -0.017140
v -1.465873 0.519699 -0.017140
v -1.465873 0.519699 -0.010285
v -1.472698 0.519699 -0.008568
v -1.424916 0.512839 -0.051417
v -1.428330 0.512839 -0.054846
v -1.426621 0.514557 -0.046278
v -1.433447 0.516271 -0.044561
v -1.438567 0.507696 -0.041135
v -1.431742 0.504265 -0.054846
v -1.424916 0.500833 -0.049704
v -1.428330 0.504265 -0.039419
v -1.382254 0.481966 -0.094265
v -1.377134 0.483684 -0.080555
v -1.368603 0.485398 -0.101124
v -1.368603 0.485398 -0.087410
v -1.358363 0.475106 -0.102837
v -1.358363 0.471678 -0.102837
v -1.370309 0.471678 -0.102837
v -1.385668 0.478538 -0.099407
v -1.380548 0.478538 -0.080555
v -1.360069 0.478538 -0.082271
v -1.358363 0.471678 -0.082271
v -1.216725 0.545430 -0.123403
v -1.232082 0.535138 -0.116547
v -1.218431 0.543713 -0.145685
v -1.237202 0.533424 -0.137113
v -1.255973 0.521417 -0.111406
v -1.259387 0.521417 -0.130258
v -1.244028 0.541998 -0.140543
v -1.267918 0.533424 -0.130258
v -1.262799 0.535138 -0.104550
v -1.235496 0.543713 -0.114835
v -1.221846 0.552291 -0.125119
v -1.225256 0.552290 -0.154254
v -1.441982 0.480252 -0.001713
v -1.441982 0.480252 0.001713
v -1.447102 0.499119 -0.001713
v -1.447102 0.500833 -0.011997
v -1.441982 0.481966 -0.008568
v -1.438567 0.480252 -0.032564
v -1.440276 0.497405 -0.041135
v -1.430036 0.475106 -0.054846
v -1.430036 0.485398 -0.066844
v -1.436862 0.502551 -0.051417
v -1.431742 0.499119 -0.061701
v -1.431742 0.504265 -0.054846
v -1.438567 0.507696 -0.041135
v -1.440276 0.507696 -0.037706
v -1.428330 0.504265 -0.039419
v -1.418090 0.499119 -0.034280
v -1.424916 0.500833 -0.049704
v -1.418090 0.495690 -0.042848
v -1.416385 0.493972 -0.053133
v -1.440276 0.509411 -0.034280
v -1.440276 0.511125 -0.023995
v -1.431742 0.505979 -0.032564
v -1.419796 0.500833 -0.008568
v -1.431742 0.507696 -0.023995
v -1.441982 0.511125 -0.020566
v -1.440276 0.512839 -0.010285
v -1.443687 0.511125 -0.008568
v -1.433447 0.509411 -0.010285
v -1.419796 0.500833 -0.001713
v -1.433447 0.507696 -0.018853
v -1.440276 0.512839 -0.020566
v -1.441982 0.512839 -0.001713
v -1.447102 0.499119 0.001713
v -1.440276 0.514557 0.001713
v -1.440276 0.514557 -0.001713
v -1.441982 0.512839 0.001713
v -1.440276 0.512839 -0.008568
v -1.435156 0.509411 -0.006855
v -1.435156 0.511125 -0.001713
v -1.435156 0.511125 0.001713
v -1.419796 0.500833 0.001713
v -1.435156 0.509411 0.006855
v -1.440276 0.512839 0.008568
v -1.443687 0.511125 0.008568
v -1.447102 0.500833 0.011997
v -1.440276 0.511125 0.023995
v -1.431742 0.507696 0.023995
v -1.441982 0.511125 0.020566
v -1.440276 0.507696 0.037706
v -1.440276 0.509411 0.034280
v -1.418090 0.499119 0.032564
v -1.431742 0.505979 0.032564
v -1.419796 0.500833 0.006855
v -1.440276 0.512839 0.020566
v -1.440276 0.512839 0.008568
v -1.433447 0.509411 0.010285
v -1.433447 0.507696 0.018853
v -1.380548 0.478538 0.078841
v -1.385668 0.478538 0.078841
v -1.385668 0.478538 0.099407
v -1.392494 0.476820 0.095981
v -1.387374 0.480252 0.078841
v -1.397614 0.478538 0.097695
v -1.392494 0.481966 0.078841
v -1.399320 0.480252 0.095981
v -1.421501 0.483684 0.094265
v -1.418090 0.487112 0.090840
v -1.428330 0.495690 0.073699
v -1.430036 0.485398 0.065131
v -1.431742 0.499119 0.059989
v -1.436862 0.502551 0.049703
v -1.440276 0.497405 0.039419
v -1.426621 0.495690 0.077129
v -1.428330 0.504265 0.039419
v -1.438567 0.507696 0.039419
v -1.431742 0.504265 0.053133
v -1.416385 0.493972 0.053133
v -1.412971 0.490544 0.059989
v -1.411265 0.488826 0.063414
v -1.424916 0.500833 0.049703
v -1.418090 0.495690 0.042848
v -1.435156 0.509411 0.006855
v -1.435156 0.511125 0.001713
v -1.433447 0.521417 0.008568
v -1.440276 0.514557 -0.001713
v -1.436862 0.521417 -0.001713
v -1.440276 0.512839 -0.008568
v -1.436862 0.521417 0.001713
v -1.436862 0.521417 0.010285
v -1.433447 0.521417 0.001713
v -1.440276 0.514557 0.001713
v -1.440276 0.512839 0.008568
v -1.435156 0.511125 -0.001713
v -1.433447 0.521417 -0.001713
v -1.436862 0.521417 -0.010285
v -1.435156 0.509411 -0.006855
v -1.433447 0.521417 -0.008568
v -1.259387 0.516271 -0.097695
v -1.271333 0.519699 -0.092552
v -1.264508 0.514557 -0.116547
v -1.276453 0.517985 -0.113122
v -1.276453 0.509410 -0.087410
v -1.279864 0.523131 -0.092552
v -1.257682 0.524845 -0.099407
v -1.264508 0.523131 -0.123403
v -1.281570 0.524845 -0.123403
v -1.279864 0.509410 -0.106263
v -1.283279 0.514557 -0.085697
v -1.298636 0.521417 -0.087410
v -1.307170 0.531706 -0.089126
v -1.288399 0.533424 -0.095981
v -1.262799 0.535138 -0.102837
v -1.269624 0.533424 -0.125119
v -1.278158 0.535138 -0.121690
v -1.288399 0.531706 -0.123403
v -1.293515 0.521417 -0.116547
v -1.288399 0.512840 -0.101124
v -1.303755 0.519699 -0.104550
v -1.312286 0.529992 -0.107980
v -1.300345 0.533424 -0.114835
v -1.319116 0.514557 0.104550
v -1.348123 0.468245 -0.082271
v -1.348123 0.466531 -0.104550
v -1.358363 0.471678 -0.082271
v -1.358363 0.471678 -0.102837
v -1.358363 0.468245 -0.102837
v -1.370309 0.469960 -0.106263
v -1.370309 0.471678 -0.102837
v -1.313995 0.451093 -0.118261
v -1.320821 0.452807 -0.114835
v -1.313995 0.452807 -0.114835
v -1.319116 0.456239 -0.109692
v -1.320821 0.459671 -0.087410
v -1.310581 0.454525 -0.090840
v -1.385668 0.475106 -0.099407
v -1.385668 0.478538 -0.099407
v -1.392494 0.476820 -0.095981
v -1.390785 0.464814 -0.097695
v -1.354951 0.456239 -0.102837
v -1.349832 0.464814 -0.107980
v -1.334472 0.456239 -0.116547
v -1.332766 0.457954 -0.113122
v -1.315701 0.440804 -0.118261
v -1.296930 0.442518 -0.131975
v -1.298636 0.444233 -0.130258
v -1.411265 0.488826 -0.063414
v -1.426621 0.495690 -0.077129
v -1.412971 0.490544 -0.059989
v -1.428330 0.495690 -0.073699
v -1.418090 0.487112 -0.092552
v -1.421501 0.483684 -0.095981
v -1.399320 0.480252 -0.095981
v -1.397614 0.478538 -0.097695
v -1.392494 0.480252 -0.080555
v -1.387374 0.480252 -0.080555
v -1.385668 0.478538 -0.078841
v -1.380548 0.478538 -0.080555
v -1.418090 0.468245 -0.082271
v -1.419796 0.475106 -0.094266
v -1.394200 0.454525 -0.085697
v -1.279864 0.442518 -0.126832
v -1.354951 0.435658 -0.094266
v -1.279864 0.440804 -0.131975
v -1.274744 0.442518 -0.128546
v -1.281570 0.445947 -0.097695
v -1.273039 0.442518 -0.104550
v -1.247442 0.435658 -0.140543
v -1.274744 0.439086 -0.135401
v -1.404440 0.519699 0.082271
v -1.407850 0.521417 0.083984
v -1.404440 0.523131 0.085697
v -1.407850 0.521417 0.087410
v -1.402731 0.519699 0.089126
v -1.402731 0.516271 0.085697
v -1.409559 0.511125 0.077129
v -1.414676 0.516271 0.082271
v -1.412971 0.514557 0.090840
v -1.404440 0.509411 0.094265
v -1.402731 0.509411 0.083984
v -1.404440 0.502551 0.082271
v -1.401025 0.500833 0.083984
v -1.402731 0.485398 0.073699
v -1.392494 0.481966 0.078841
v -1.404440 0.500833 0.095981
v -1.399320 0.480252 0.095981
v -1.418090 0.504265 0.092552
v -1.418090 0.487112 0.090840
v -1.419796 0.509411 0.080555
v -1.426621 0.495690 0.077129
v -1.409559 0.504265 0.070274
v -1.411265 0.488826 0.063414
v -1.293516 0.463099 -0.121690
v -1.291810 0.457954 -0.097695
v -1.281570 0.451093 -0.125119
v -1.303755 0.459671 -0.090840
v -1.308876 0.461386 -0.113122
v -1.298636 0.444233 -0.130258
v -1.279864 0.442518 -0.126832
v -1.281570 0.445947 -0.097695
v -1.283279 0.452807 -0.102837
v -1.310581 0.454525 -0.090840
v -1.313995 0.452807 -0.114835
v -1.424916 0.512839 0.049703
v -1.426621 0.514557 0.044561
v -1.428330 0.512839 0.053133
v -1.433447 0.516271 0.044561
v -1.438567 0.507696 0.039419
v -1.431742 0.504265 0.053133
v -1.424916 0.500833 0.049703
v -1.428330 0.504265 0.039419
v -1.339592 0.475106 -0.099407
v -1.341298 0.473392 -0.082271
v -1.329352 0.473392 -0.104550
v -1.331061 0.473392 -0.083984
v -1.320821 0.468245 -0.104550
v -1.322526 0.468245 -0.085697
v -1.348123 0.468245 -0.082271
v -1.348123 0.466531 -0.104550
v -1.332766 0.457954 -0.113122
v -1.319116 0.456239 -0.109692
v -1.320821 0.459671 -0.087410
v -1.436862 0.519699 0.027422
v -1.436862 0.517985 0.037706
v -1.431742 0.517985 0.027422
v -1.431742 0.516271 0.037706
v -1.431742 0.505979 0.032564
v -1.431742 0.507696 0.023995
v -1.440276 0.511125 0.023995
v -1.440276 0.509411 0.034280
v -1.445393 0.471678 -0.037706
v -1.441982 0.478538 -0.037706
v -1.423211 0.468245 -0.073699
v -1.158704 0.521417 -0.123403
v -1.226962 0.495690 -0.118261
v -1.155293 0.528277 -0.073699
v -1.225256 0.499119 -0.063414
v -1.273038 0.485398 -0.109692
v -1.271333 0.481966 -0.054846
v -1.264508 0.469960 -0.001713
v -1.315701 0.463099 -0.001713
v -1.271333 0.481967 0.053133
v -1.324232 0.476820 0.041135
v -1.363483 0.464814 -0.001713
v -1.402731 0.471678 -0.001713
v -1.404440 0.471678 -0.037706
v -1.412971 0.473392 -0.068557
v -1.394200 0.476820 -0.071986
v -1.324232 0.476820 -0.041135
v -1.370308 0.471678 -0.035993
v -1.331061 0.488826 -0.094266
v -1.375428 0.481966 -0.075412
v -1.124576 0.535138 -0.063414
v -1.119456 0.536852 -0.109692
v -1.114336 0.528277 -0.128546
v -1.168944 0.509410 -0.133688
v -1.220136 0.488826 -0.130258
v -1.269624 0.476820 -0.119977
v -1.334472 0.481966 -0.102837
v -1.372013 0.476820 -0.085697
v -1.392494 0.471678 -0.080555
v -1.121161 0.505979 -0.121690
v -1.174063 0.488826 -0.133688
v -1.221846 0.469960 -0.128546
v -1.267919 0.463099 -0.113122
v -1.327646 0.468245 -0.097695
v -1.372014 0.466531 -0.083984
v -1.372013 0.476820 -0.085697
v -1.390785 0.461386 -0.080555
v -1.392494 0.471678 -0.080555
v -1.409559 0.457954 -0.077129
v -1.423211 0.468245 -0.073699
v -1.430036 0.463099 -0.046278
v -1.445393 0.471678 -0.037706
v -1.399320 0.459671 -0.051417
v -1.368603 0.457954 -0.056559
v -1.324232 0.456240 -0.075412
v -1.266213 0.454525 -0.092552
v -1.221846 0.459671 -0.106263
v -1.175769 0.476820 -0.109692
v -1.223551 0.459671 -0.001713
v -1.189420 0.466531 -0.001713
v -1.255973 0.454525 -0.001713
v -1.305461 0.447665 -0.001713
v -1.365188 0.452807 -0.001713
v -1.397614 0.457954 -0.001713
v -1.399320 0.459671 0.051416
v -1.390785 0.461386 0.080555
v -1.392494 0.471678 0.080555
v -1.372014 0.476820 0.085697
v -1.372014 0.466531 0.083984
v -1.368603 0.457954 0.056559
v -1.324232 0.456240 0.073699
v -1.266213 0.454525 0.092552
v -1.145053 0.481966 -0.001713
v -1.122867 0.492258 -0.102837
v -1.375428 0.481967 0.075412
v -1.372014 0.476820 0.085697
v -1.392494 0.471678 0.080555
v -1.334472 0.481966 0.102837
v -1.332766 0.488826 0.094265
v -1.221846 0.469959 0.128546
v -1.267918 0.463099 0.113122
v -1.327646 0.468245 0.097695
v -1.269624 0.476820 0.119977
v -1.273038 0.485398 0.107980
v -1.218431 0.480252 -0.001713
v -1.267918 0.533424 0.130258
v -1.259387 0.521417 0.128546
v -1.288399 0.512840 0.101124
v -1.279864 0.509411 0.106263
v -1.276453 0.517985 0.111406
v -1.264508 0.514557 0.116547
v -1.264508 0.523131 0.121690
v -1.269624 0.533424 0.125119
v -1.281570 0.524845 0.123403
v -1.278158 0.535138 0.121690
v -1.288399 0.531706 0.123403
v -1.293515 0.521417 0.114835
v -1.300344 0.533424 0.114835
v -1.303755 0.519699 0.104550
v -1.201366 0.445947 0.130258
v -1.208191 0.445947 0.161109
v -1.204780 0.463099 0.164539
v -1.180889 0.463099 0.186821
v -1.247442 0.454525 -0.123403
v -1.244028 0.454525 -0.106263
v -1.233791 0.459671 -0.130258
v -1.242322 0.445947 -0.137113
v -1.225256 0.444233 -0.150828
v -1.262799 0.449379 -0.126832
v -1.259387 0.447665 -0.104550
v -1.228671 0.459671 -0.109692
v -1.225256 0.451093 -0.138830
v -1.208191 0.454525 -0.152541
v -1.209900 0.442519 -0.154254
v -1.203071 0.444233 -0.126832
v -1.201366 0.456239 -0.126832
v -1.221846 0.439087 -0.125119
v -1.218431 0.445947 -0.118261
v -1.247443 0.439086 -0.116547
v -1.238908 0.444233 -0.109692
v -1.273039 0.442518 -0.104550
v -1.274744 0.442518 -0.128546
v -1.247442 0.435658 -0.140543
v -1.230376 0.433941 -0.147398
v -1.218431 0.439087 -0.149112
v -1.218431 0.451093 -0.114835
v -1.211606 0.464813 -0.152541
v -1.206485 0.464813 -0.125119
v -1.209900 0.444233 0.154253
v -1.203071 0.445947 0.126832
v -1.208191 0.454525 0.152541
v -1.225256 0.445947 0.149112
v -1.218431 0.440804 0.149112
v -1.230376 0.435658 0.147398
v -1.242322 0.445947 0.137113
v -1.247442 0.437372 0.138830
v -1.262799 0.449379 0.125119
v -1.274744 0.442518 0.126832
v -1.259388 0.447665 0.102837
v -1.273038 0.442518 0.104550
v -1.238908 0.445947 0.107980
v -1.247443 0.440804 0.114835
v -1.218431 0.445947 0.116547
v -1.221846 0.439086 0.125119
v -1.201366 0.456240 0.125119
v -1.211606 0.464813 0.150828
v -1.225257 0.451093 0.137113
v -1.218431 0.452807 0.114835
v -1.228671 0.459671 0.107980
v -1.206485 0.464813 0.123403
v -1.233791 0.459671 0.130258
v -1.247443 0.454525 0.123403
v -1.244028 0.454525 0.106263
v -1.283278 0.452807 0.101124
v -1.281570 0.447665 0.097695
v -1.310581 0.454525 0.089126
v -1.308876 0.461386 0.111406
v -1.293516 0.463099 0.121690
v -1.303755 0.459671 0.090840
v -1.291810 0.457954 0.095981
v -1.281570 0.452807 0.123403
v -1.313995 0.454525 0.113122
v -1.298636 0.445947 0.128546
v -1.279864 0.444232 0.126832
v -1.322526 0.468245 0.085697
v -1.320821 0.459671 0.087410
v -1.348123 0.469960 0.082271
v -1.339592 0.475106 0.099407
v -1.329352 0.473392 0.104550
v -1.341298 0.473392 0.082271
v -1.331061 0.473392 0.083984
v -1.320821 0.468245 0.102837
v -1.319116 0.456239 0.107980
v -1.332766 0.457954 0.113122
v -1.348123 0.466531 0.102837
v -1.310581 0.454525 0.089126
v -1.320821 0.459671 0.087410
v -1.313995 0.454525 0.113122
v -1.319116 0.456239 0.107980
v -1.320820 0.452807 0.114835
v -1.334472 0.456240 0.114835
v -1.332766 0.457954 0.113122
v -1.348123 0.466531 0.102837
v -1.358363 0.471678 0.101124
v -1.358363 0.471678 0.080555
v -1.348123 0.469960 0.082271
v -1.298636 0.445947 0.128546
v -1.296930 0.442518 0.131975
v -1.279864 0.444232 0.126832
v -1.313995 0.451093 0.118261
v -1.315701 0.442518 0.116547
v -1.356657 0.457954 0.102837
v -1.349832 0.464814 0.106263
v -1.358363 0.469960 0.101124
v -1.370309 0.469960 0.106263
v -1.370309 0.471678 0.102837
v -1.385668 0.475106 0.099407
v -1.390785 0.464814 0.097695
v -1.419796 0.476820 0.094265
v -1.441982 0.481966 0.006855
v -1.438567 0.480252 0.032564
v -1.430036 0.475106 0.053133
v -1.418090 0.468245 0.082271
v -1.394200 0.454525 0.083984
v -1.354951 0.437372 0.092552
v -1.284984 0.415074 0.114835
v -1.278158 0.432227 0.133688
v -1.279864 0.440804 0.131975
v -1.274744 0.442518 0.126832
v -1.281570 0.447665 0.097695
v -1.273038 0.442518 0.104550
v -1.155293 0.454525 0.222814
v -1.158704 0.461386 0.221098
v -1.180889 0.452807 0.191964
v -1.162118 0.445947 0.195389
v -1.175769 0.432227 0.162826
v -1.209900 0.435658 0.162826
v -1.218431 0.416792 0.137113
v -1.230376 0.428798 0.147398
v -1.247443 0.433941 0.142256
v -1.276453 0.440804 0.135401
v -1.247442 0.437372 0.138830
v -1.230376 0.435658 0.147398
v -1.232082 0.433941 0.152541
v -1.221846 0.435658 0.154253
v -1.209900 0.442518 0.161109
v -1.180889 0.457954 0.190247
v -1.158704 0.464813 0.217671
v -1.201366 0.445947 0.130258
v -1.203071 0.445947 0.126832
v -1.208191 0.445947 0.161109
v -1.209900 0.444233 0.154253
v -1.180889 0.463099 0.186821
v -1.218431 0.440804 0.149112
v -1.404440 0.524845 0.083984
v -1.402731 0.528277 0.087410
v -1.406145 0.529991 0.085697
v -1.392494 0.526563 0.092552
v -1.392494 0.524845 0.090840
v -1.377134 0.526563 0.092552
v -1.383960 0.523131 0.087410
v -1.375428 0.540284 0.092552
v -1.360068 0.529992 0.099407
v -1.399320 0.543713 0.089126
v -1.406145 0.531706 0.085697
v -1.416385 0.531706 0.090840
v -1.414676 0.528277 0.087410
v -1.407850 0.528277 0.073699
v -1.402731 0.528277 0.073699
v -1.399320 0.524845 0.071986
v -1.366897 0.524845 0.077129
v -1.368603 0.524845 0.092552
v -1.382254 0.523131 0.073699
v -1.358363 0.528277 0.097695
v -1.380548 0.572871 0.085697
v -1.436862 0.547144 0.077129
v -1.438567 0.535138 0.083984
v -1.436862 0.531706 0.082271
v -1.453927 0.526563 0.068557
v -1.452222 0.523131 0.066844
v -1.435156 0.524845 0.056559
v -1.433447 0.524845 0.058276
v -1.465873 0.519699 0.018853
v -1.450512 0.521417 0.022283
v -1.472698 0.519699 0.020566
v -1.450512 0.521417 0.011997
v -1.465873 0.519699 0.011997
v -1.477818 0.524845 0.010285
v -1.472698 0.519699 0.010285
v -1.476113 0.523131 0.020566
v -1.450512 0.519699 0.047991
v -1.447102 0.523131 0.053133
v -1.459047 0.519699 0.053133
v -1.445393 0.521417 0.039419
v -1.450512 0.519699 0.041135
v -1.455633 0.519699 0.032564
v -1.455633 0.519699 0.035993
v -1.474403 0.524845 0.032564
v -1.470992 0.521417 0.034280
v -1.469283 0.526563 0.044561
v -1.465873 0.521417 0.044561
v -1.459047 0.521417 0.054846
v -1.452222 0.524845 0.059989
v -1.440276 0.524845 0.054846
v -1.470992 0.521417 0.030850
v -1.472698 0.519699 0.022283
v -1.464167 0.519699 0.030850
v -1.464167 0.519699 0.022283
v -1.467578 0.536852 0.029138
v -1.452222 0.541998 0.056559
v -1.435156 0.569443 0.059989
v -1.459047 0.567725 0.020566
v -1.470992 0.540284 0.001713
v -1.457338 0.571157 0.001713
v -1.457338 0.571157 -0.000000
v -1.470992 0.540284 -0.000000
v -1.459047 0.567725 -0.018853
v -1.467578 0.536852 -0.027422
v -1.436862 0.569443 -0.058276
v -1.472698 0.517985 -0.000000
v -1.472698 0.517985 0.001713
v -1.477818 0.521417 -0.000000
v -1.477818 0.521417 0.001713
v -1.472698 0.519699 0.010285
v -1.465873 0.519699 0.008568
v -1.452222 0.521417 0.001713
v -1.465873 0.519699 0.001713
v -1.465873 0.519699 -0.000000
v -1.452222 0.521417 -0.000000
v -1.465873 0.519699 -0.006855
v -1.450512 0.521417 -0.010285
v -1.472698 0.519699 -0.006855
v -1.477818 0.524845 -0.008568
v -1.472698 0.519699 -0.008568
v -1.465873 0.519699 -0.010285
v -1.476113 0.523131 -0.017140
v -1.472698 0.519699 -0.017140
v -1.450512 0.521417 -0.020566
v -1.465873 0.519699 -0.017140
v -1.470992 0.521417 -0.029138
v -1.472698 0.517985 -0.018853
v -1.474403 0.524845 -0.030851
v -1.455633 0.519699 -0.030851
v -1.464167 0.519699 -0.027422
v -1.464167 0.519699 -0.020566
v -1.450512 0.519699 -0.046278
v -1.459047 0.519699 -0.049704
v -1.447102 0.523131 -0.049704
v -1.445393 0.521417 -0.037706
v -1.450512 0.519699 -0.039419
v -1.455633 0.519699 -0.034280
v -1.470992 0.521417 -0.032564
v -1.469283 0.526563 -0.042848
v -1.414676 0.528277 -0.085697
v -1.407850 0.529992 -0.083984
v -1.407850 0.528277 -0.071986
v -1.402731 0.528277 -0.071986
v -1.406145 0.531706 -0.083984
v -1.416385 0.531706 -0.089126
v -1.438567 0.535138 -0.082271
v -1.436862 0.531706 -0.080555
v -1.453927 0.526563 -0.065131
v -1.452222 0.523131 -0.065131
v -1.436862 0.524845 -0.054846
v -1.433447 0.524845 -0.056559
v -1.440276 0.524845 -0.053133
v -1.465873 0.521417 -0.042848
v -1.460752 0.521417 -0.053133
v -1.452222 0.524845 -0.058276
v -1.452222 0.541998 -0.054846
v -1.436862 0.547144 -0.075412
v -1.399320 0.543713 -0.087410
v -1.402731 0.528277 -0.085697
v -1.404440 0.524845 -0.082271
v -1.399320 0.524845 -0.071986
v -1.392494 0.524845 -0.089126
v -1.392494 0.526563 -0.092552
v -1.380548 0.572871 -0.083984
v -1.375428 0.540284 -0.090840
v -1.377134 0.526563 -0.090840
v -1.383960 0.523131 -0.087410
v -1.368603 0.524845 -0.090840
v -1.382254 0.523131 -0.073699
v -1.366897 0.524845 -0.075412
v -1.336177 0.528277 -0.080555
v -1.343006 0.528277 -0.077129
v -1.339592 0.526563 -0.095981
v -1.346418 0.526563 -0.094266
v -1.344711 0.529992 -0.097695
v -1.327646 0.529992 -0.107980
v -1.358363 0.528277 -0.095981
v -1.360068 0.529992 -0.099407
v -1.337886 0.572871 -0.095981
v -1.348123 0.541998 -0.099407
v -1.322526 0.545430 -0.111406
v -1.331061 0.533424 -0.109692
v -1.315701 0.531706 -0.107980
v -1.315701 0.529992 -0.106263
v -1.271333 0.536852 -0.130258
v -1.269624 0.533424 -0.125119
v -1.279864 0.536852 -0.126832
v -1.278158 0.535138 -0.121690
v -1.290104 0.535138 -0.125119
v -1.288399 0.531706 -0.123403
v -1.291810 0.572871 -0.114835
v -1.247442 0.550576 -0.143973
v -1.245737 0.543713 -0.143973
v -1.274744 0.545430 -0.131975
v -1.291810 0.545430 -0.121690
v -1.303755 0.535138 -0.118261
v -1.300345 0.533424 -0.114835
v -1.307170 0.531706 -0.089126
v -1.312286 0.529992 -0.087410
v -1.312286 0.529992 -0.107980
v -1.238908 0.579731 -0.147398
v -1.226962 0.562579 -0.157683
v -1.226962 0.554005 -0.157683
v -1.244028 0.541998 -0.140543
v -1.267918 0.533424 -0.130258
v -1.262799 0.535138 -0.102837
v -1.262799 0.535138 -0.104550
v -1.225256 0.552290 -0.154254
vt 0.28749 0.15485
vt 0.28545 0.10461
vt 0.31425 0.17885
vt 0.3098 0.10992
vt 0.32622 0.1722
vt 0.29802 0.21255
vt 0.26555 0.16441
vt 0.27649 0.21729
vt 0.30731 0.26843
vt 0.29086 0.2782
vt 0.32793 0.3083
vt 0.31146 0.32127
vt 0.26965 0.28296
vt 0.29082 0.33409
vt 0.26388 0.34106
vt 1.34593 0.19723
vt 1.36617 0.21576
vt 1.35815 0.17262
vt 1.34122 0.17131
vt 1.32352 0.19521
vt 1.3344 0.20639
vt 1.34807 0.23259
vt 1.37273 0.26439
vt 1.3539 0.26541
vt 1.34976 0.29915
vt 0.43715 0.31692
vt 0.4185 0.3156
vt 0.43878 0.28783
vt 0.45346 0.29599
vt 0.45126 0.32063
vt 0.47067 0.30742
vt 0.4642 0.2755
vt 0.43535 0.25398
vt 0.41534 0.27766
vt 0.34807 0.23259
vt 0.3344 0.20639
vt 0.36617 0.21576
vt 0.34593 0.19723
vt 0.32352 0.19521
vt 0.34122 0.17131
vt 0.35815 0.17262
vt 0.40973 0.23848
vt 0.39346 0.26938
vt 0.38948 0.22685
vt 0.37273 0.26439
vt 0.37341 0.30498
vt 0.396 0.31016
vt 0.37264 0.34016
vt 0.3985 0.34538
vt 0.37692 0.37518
vt 0.34358 0.36516
vt 0.34737 0.3293
vt 0.34976 0.29915
vt 0.3539 0.26541
vt 0.38718 0.18811
vt 0.40526 0.19844
vt 0.4306 0.21397
vt 0.43459 0.17166
vt 0.91484 0.8688
vt 0.91228 0.85599
vt 0.92525 0.86015
vt 0.9227 0.84579
vt 0.91168 0.83298
vt 0.92175 0.8289
vt 0.93932 0.83783
vt 0.94144 0.85114
vt 0.93208 0.87651
vt 0.92419 0.88187
vt 0.99254 0.8331
vt 0.99345 0.853
vt 0.98068 0.83598
vt 0.9832 0.85594
vt 0.99568 0.87698
vt 0.98697 0.88683
vt 0.99239 0.89986
vt 0.98468 0.90859
vt 0.93866 0.82202
vt 0.96143 0.83254
vt 0.9608 0.82191
vt 0.95593 0.8125
vt 0.97963 0.81935
vt 0.97583 0.81067
vt 0.9911 0.80652
vt 0.99344 0.81505
vt 0.97996 0.82597
vt 0.99161 0.82263
vt 0.96248 0.84369
vt 0.96697 0.86035
vt 0.97215 0.88597
vt 0.97887 0.911
vt 0.94792 0.86861
vt 0.98634 0.91653
vt 0.98007 0.92342
vt 0.96985 0.90866
vt 0.97316 0.9202
vt 0.96049 0.90451
vt 0.96108 0.90982
vt 0.94542 0.8929
vt 0.94047 0.89528
vt 0.95761 0.88974
vt 1.28749 0.15485
vt 1.26555 0.16441
vt 1.29802 0.21255
vt 1.27649 0.21729
vt 1.30731 0.26843
vt 1.29086 0.2782
vt 1.32793 0.3083
vt 1.31425 0.17885
vt 1.28545 0.10461
vt 1.3098 0.10992
vt 1.32622 0.1722
vt 0.91641 0.94623
vt 0.90149 0.9686
vt 0.90102 0.93137
vt 0.88655 0.9592
vt 0.88901 0.92197
vt 0.87488 0.95241
vt 0.86146 0.94871
vt 0.85104 0.97122
vt 0.86163 0.97272
vt 0.85879 0.98105
vt 0.87384 0.97729
vt 0.87064 0.98399
vt 0.8927 0.98387
vt 0.89203 0.98906
vt 0.91716 0.99461
vt 0.9169 0.99022
vt 0.94194 0.98947
vt 0.92386 0.97687
vt 0.94707 0.98112
vt 0.95006 0.97139
vt 0.93404 0.96016
vt 0.96646 0.98103
vt 0.95906 0.98807
vt 0.96339 0.98123
vt 0.94634 0.93521
vt 0.94428 0.93828
vt 0.93417 0.91394
vt 0.95581 0.9611
vt 0.96011 0.95727
vt 0.96211 0.97388
vt 0.96602 0.97232
vt 0.9575 0.98608
vt 0.94121 0.99319
vt 0.95088 0.96213
vt 0.94211 0.94548
vt 0.90317 0.89951
vt 0.91647 0.91182
vt 0.92938 0.92769
vt 0.93121 0.91904
vt 0.91896 0.90434
vt 0.92203 0.89537
vt 0.90746 0.89172
vt 0.88275 0.88968
vt 0.87366 0.91481
vt 0.84401 0.94515
vt 0.83929 0.97137
vt 0.8833 0.8674
vt 0.88492 0.88014
vt 0.86317 0.85878
vt 0.86011 0.86765
vt 0.85083 0.87814
vt 0.84987 0.98189
vt 0.90816 0.88107
vt 0.83786 0.98485
vt 0.85194 0.99011
vt 0.8385 0.99411
vt 0.82616 0.99275
vt 0.8275 0.97195
vt 0.82935 0.94363
vt 0.83414 0.90761
vt 0.85126 0.90926
vt 0.83719 0.88255
vt 0.34779 0.44887
vt 0.33173 0.42831
vt 0.3848 0.44252
vt 0.36131 0.41243
vt 1.95094 0.71455
vt 1.95094 0.67065
vt 1.92479 0.72548
vt 1.94099 0.75919
vt 1.91425 0.76363
vt 0.93184 0.00501
vt 0.93002 0.0368
vt 0.92018 0.00501
vt 0.92018 0.03644
vt 0.92018 0.07629
vt 0.93234 0.06641
vt 0.92018 0.11497
vt 0.94196 0.03346
vt 0.94266 0.00501
vt 0.95287 0.00501
vt 0.95467 0.0282
vt 0.96863 0.02063
vt 0.96968 0.0527
vt 0.98112 0.02374
vt 0.97879 0.0542
vt 0.99548 0.00501
vt 0.99548 0.04564
vt 0.99214 0.00501
vt 0.99181 0.03864
vt 0.98781 0.00501
vt 0.9879 0.02606
vt 0.98052 0.00501
vt 0.96747 0.00501
vt 0.98668 0.06496
vt 0.99101 0.07565
vt 0.99548 0.0894
vt 0.98787 0.11331
vt 0.99548 0.12309
vt 0.99548 0.15276
vt 0.98634 0.14388
vt 0.99548 0.18323
vt 0.98631 0.17572
vt 0.99548 0.20859
vt 0.98564 0.20435
vt 0.99548 0.22833
vt 0.98521 0.22969
vt 0.99548 0.24544
vt 0.9852 0.25308
vt 0.97719 0.17075
vt 0.97896 0.13826
vt 0.98189 0.10483
vt 0.97427 0.09602
vt 0.96558 0.09048
vt 0.95622 0.05212
vt 0.95471 0.08449
vt 0.94255 0.08556
vt 0.95033 0.11937
vt 0.94041 0.11656
vt 0.94865 0.15639
vt 0.93898 0.15396
vt 0.94293 0.05841
vt 0.93269 0.09464
vt 0.93109 0.1228
vt 0.93022 0.15797
vt 0.93964 0.19031
vt 0.93041 0.19072
vt 0.92018 0.29359
vt 0.92018 0.25488
vt 0.92638 0.30263
vt 0.92993 0.27249
vt 0.92018 0.23628
vt 0.93054 0.2438
vt 0.92018 0.21703
vt 0.93072 0.21762
vt 0.92018 0.19583
vt 0.92018 0.17122
vt 0.92018 0.14485
vt 0.95354 0.43872
vt 0.9518 0.41103
vt 0.96053 0.43771
vt 0.9601 0.40909
vt 0.96753 0.43764
vt 0.96877 0.40691
vt 0.95845 0.37692
vt 0.96831 0.37364
vt 0.97803 0.33266
vt 0.97858 0.36649
vt 0.96639 0.34288
vt 0.97704 0.40328
vt 0.97389 0.43793
vt 0.96712 0.46394
vt 0.96342 0.46197
vt 0.95972 0.46114
vt 0.95438 0.46262
vt 0.94594 0.44447
vt 0.95007 0.46576
vt 0.94199 0.44798
vt 0.94774 0.46928
vt 0.93716 0.4621
vt 0.94556 0.47745
vt 0.95868 0.4865
vt 0.95676 0.48654
vt 0.95847 0.48184
vt 0.957 0.48225
vt 0.95506 0.48616
vt 0.95564 0.48299
vt 0.96422 0.48312
vt 0.96228 0.48764
vt 0.96236 0.4794
vt 0.96114 0.48422
vt 0.96048 0.47701
vt 0.95972 0.48286
vt 0.95865 0.47617
vt 0.95644 0.47658
vt 0.9541 0.47871
vt 0.95264 0.48254
vt 0.95187 0.48808
vt 0.9547 0.48976
vt 0.95645 0.4911
vt 0.95821 0.49075
vt 0.97023 0.46918
vt 0.99548 0.26212
vt 0.98596 0.27628
vt 0.99548 0.27663
vt 0.98764 0.29645
vt 0.99548 0.30316
vt 0.98875 0.3165
vt 0.99513 0.33096
vt 0.98763 0.35358
vt 0.99159 0.39905
vt 0.98412 0.39938
vt 0.98334 0.44936
vt 0.9794 0.44261
vt 0.97252 0.47806
vt 0.96588 0.48784
vt 0.96339 0.4906
vt 0.97688 0.30983
vt 0.97575 0.28615
vt 0.97517 0.25857
vt 0.9752 0.23102
vt 0.97595 0.20181
vt 0.97015 0.13353
vt 0.96796 0.16682
vt 0.96713 0.19977
vt 0.96605 0.23111
vt 0.96594 0.26103
vt 0.96574 0.29176
vt 0.96559 0.31844
vt 0.95654 0.34782
vt 0.95645 0.32181
vt 0.95692 0.29292
vt 0.95747 0.26057
vt 0.95764 0.22937
vt 0.95859 0.19701
vt 0.95866 0.16191
vt 0.96042 0.12675
vt 0.94923 0.19316
vt 0.94891 0.22549
vt 0.94856 0.25676
vt 0.94826 0.29021
vt 0.94734 0.32277
vt 0.94693 0.35045
vt 0.94907 0.37845
vt 0.93985 0.22078
vt 0.93947 0.25056
vt 0.93895 0.28336
vt 0.93576 0.31662
vt 0.93637 0.34688
vt 0.93854 0.37871
vt 0.94345 0.41486
vt 0.92888 0.33879
vt 0.93149 0.37946
vt 0.93613 0.42003
vt 0.92992 0.43397
vt 0.922 0.3786
vt 0.92018 0.32494
vt 0.65701 0.685
vt 0.62753 0.69391
vt 0.65608 0.61768
vt 0.66895 0.76086
vt 0.6707 0.6839
vt 0.68692 0.7117
vt 0.68654 0.67319
vt 0.71814 0.70338
vt 0.71384 0.66756
vt 0.75511 0.67032
vt 0.75177 0.62775
vt 0.75874 0.7021
vt 0.80307 0.66325
vt 0.76169 0.72778
vt 0.72127 0.7294
vt 0.74046 0.77866
vt 0.69939 0.76898
vt 0.75465 0.81458
vt 0.71336 0.84801
vt 0.08579 0.64397
vt 0.13205 0.66478
vt 0.08876 0.71109
vt 0.1839 0.67551
vt 0.16682 0.61
vt 0.2426 0.67396
vt 0.21761 0.61397
vt 0.29356 0.6591
vt 0.12842 0.80515
vt 0.06363 0.79475
vt 0.13458 0.73422
vt 0.01834 0.71283
vt 0.71869 0.00719
vt 0.71245 0.04713
vt 0.69041 0.00719
vt 0.68594 0.03795
vt 0.65785 0.00719
vt 0.70593 0.07141
vt 0.64737 0.03452
vt 0.59941 0.00719
vt 0.68079 0.0571
vt 0.69838 0.08727
vt 0.58783 0.02858
vt 0.52455 0.00719
vt 0.64143 0.05351
vt 0.67426 0.07497
vt 0.69716 0.10188
vt 0.66939 0.09833
vt 0.37363 0.17915
vt 0.47324 0.07402
vt 0.44765 0.08127
vt 0.46855 0.05704
vt 0.43614 0.06175
vt 0.39987 0.0874
vt 0.41289 0.1059
vt 0.42935 0.12332
vt 0.46149 0.09698
vt 0.48377 0.08902
vt 0.49884 0.06679
vt 0.50096 0.05232
vt 0.48215 0.03468
vt 0.44987 0.03668
vt 0.3942 0.07175
vt 0.51442 0.03268
vt 0.49107 0.00719
vt 0.38705 0.14801
vt 0.40887 0.15825
vt 0.45331 0.13873
vt 0.3697 0.12411
vt 0.3571 0.10196
vt 0.38853 0.04858
vt 0.45761 0.00719
vt 0.2123 0.05508
vt 0.25252 0.05562
vt 0.21166 0.1062
vt 0.21156 0.00719
vt 0.25488 0.00719
vt 0.28905 0.05338
vt 0.29858 0.00719
vt 0.3302 0.0573
vt 0.3515 0.00719
vt 0.40282 0.00719
vt 0.32768 0.10901
vt 0.24022 0.28738
vt 0.25174 0.21869
vt 0.22258 0.22244
vt 0.24443 0.16365
vt 0.21472 0.16341
vt 0.25424 0.11682
vt 1.35555 0.63946
vt 1.34555 0.71043
vt 1.37326 0.6515
vt 1.32118 0.69498
vt 1.33977 0.64612
vt 1.31708 0.63255
vt 1.32162 0.77592
vt 1.26187 0.7487
vt 1.29741 0.84277
vt 1.23705 0.82935
vt 1.18634 0.74647
vt 1.1839 0.67551
vt 1.2426 0.67396
vt 1.16682 0.61
vt 1.29356 0.6591
vt 1.21761 0.61397
vt 1.36606 0.71486
vt 1.35974 0.78752
vt 1.40254 0.79454
vt 1.39734 0.86256
vt 1.34582 0.85356
vt 1.39304 0.91464
vt 1.33038 0.91113
vt 1.58839 0.7039
vt 1.59407 0.78445
vt 1.62753 0.69391
vt 1.53905 0.79079
vt 1.5946 0.86052
vt 1.53963 0.86589
vt 1.59163 0.91908
vt 1.53587 0.92107
vt 1.53287 0.96242
vt 1.46451 0.9191
vt 1.46442 0.96077
vt 1.46585 0.8665
vt 1.46532 0.79627
vt 1.39973 0.71796
vt 1.40259 0.65378
vt 1.4622 0.7168
vt 1.52882 0.7135
vt 1.45546 0.64859
vt 1.57593 0.6377
vt 1.34779 0.44887
vt 1.3848 0.44252
vt 1.33173 0.42831
vt 1.36131 0.41243
vt 1.13205 0.66478
vt 1.13458 0.73422
vt 1.08876 0.71109
vt 1.08579 0.64397
vt 1.21933 0.89516
vt 1.17653 0.81476
vt 1.12842 0.80515
vt 1.06363 0.79475
vt 1.01834 0.71283
vt 1.00249 0.80305
vt 1.00249 0.71635
vt 1.1169 0.88243
vt 1.12659 0.94766
vt 1.16472 0.88419
vt 1.15958 0.94685
vt 1.00249 0.87209
vt 1.06848 0.86668
vt 1.20734 0.95192
vt 1.1478 0.99753
vt 1.11729 0.99797
vt 1.10152 0.99753
vt 1.1102 0.95273
vt 1.10196 0.90974
vt 1.06061 0.89273
vt 1.00249 0.88548
vt 1.26697 0.99753
vt 1.2675 0.95715
vt 1.20082 0.99753
vt 1.27374 0.90559
vt 1.32837 0.9583
vt 1.33325 0.99753
vt 1.39482 0.95813
vt 1.39818 0.99753
vt 1.46268 0.99753
vt 1.70229 0.96175
vt 1.69621 0.99753
vt 1.72717 0.96144
vt 1.668 0.96333
vt 1.66808 0.99753
vt 1.6333 0.96402
vt 1.62822 0.99753
vt 1.58646 0.96227
vt 1.58226 0.99753
vt 1.53262 0.99753
vt 1.68599 0.61917
vt 1.68654 0.67319
vt 1.71384 0.66756
vt 1.66875 0.61499
vt 1.6707 0.6839
vt 1.65608 0.61768
vt 1.65701 0.685
vt 1.66894 0.76086
vt 1.63394 0.77628
vt 1.63686 0.85466
vt 1.63559 0.91792
vt 1.67278 0.91635
vt 1.75511 0.67032
vt 1.75177 0.62775
vt 1.71814 0.70338
vt 1.68692 0.7117
vt 1.75874 0.7021
vt 1.80307 0.66325
vt 1.76169 0.72778
vt 1.72127 0.7294
vt 1.69939 0.76898
vt 1.71336 0.84801
vt 1.67445 0.85042
vt 1.70683 0.9154
vt 1.74084 0.78389
vt 1.75465 0.81458
vt 1.735 0.91945
vt 1.75131 0.87779
vt 1.7737 0.83981
vt 1.78032 0.79939
vt 1.77664 0.77618
vt 1.81364 0.70569
vt 1.83315 0.75259
vt 1.86699 0.68616
vt 1.88936 0.7379
vt 1.8166 0.78181
vt 1.80008 0.81103
vt 1.81198 0.82866
vt 1.82695 0.80562
vt 1.84192 0.78259
vt 1.8829 0.77837
vt 1.91388 0.67783
vt 1.95094 0.76413
vt 1.95094 0.75307
vt 1.93596 0.76857
vt 1.91419 0.77499
vt 1.83723 0.82582
vt 1.85098 0.80531
vt 1.8856 0.7888
vt 1.85353 0.81621
vt 1.84196 0.83475
vt 1.83041 0.8533
vt 1.82349 0.84633
vt 1.78951 0.86131
vt 1.77438 0.8994
vt 1.7572 0.9223
vt 1.79533 0.91013
vt 1.79324 0.94572
vt 1.80572 0.91652
vt 1.80411 0.94775
vt 1.80606 0.99583
vt 1.80379 0.97289
vt 1.79585 0.99753
vt 1.79291 0.97272
vt 1.77316 0.93733
vt 1.80653 0.87736
vt 1.81435 0.88577
vt 1.75983 0.99753
vt 1.74696 0.96364
vt 1.73262 0.99753
vt 1.76649 0.96826
vt 1.77766 0.99753
vt 1.62283 0.62842
vt 1.37264 0.34016
vt 1.37692 0.37518
vt 1.3985 0.34538
vt 1.34358 0.36516
vt 1.34737 0.3293
vt 1.4185 0.3156
vt 1.41534 0.27766
vt 1.396 0.31016
vt 1.39346 0.26938
vt 1.40973 0.23848
vt 1.38948 0.22685
vt 1.37341 0.30498
vt 1.4211 0.34672
vt 1.43715 0.31692
vt 1.43878 0.28783
vt 1.52263 0.10266
vt 1.50604 0.08104
vt 1.50307 0.10826
vt 1.48377 0.08902
vt 1.48349 0.11386
vt 1.51363 0.13841
vt 1.46149 0.09698
vt 1.44765 0.08127
vt 1.47324 0.07402
vt 1.49884 0.06679
vt 1.57219 0.08395
vt 1.584 0.11264
vt 1.63681 0.12045
vt 1.43614 0.06175
vt 1.46855 0.05704
vt 1.50096 0.05232
vt 1.56898 0.06555
vt 1.63002 0.08884
vt 1.66939 0.09833
vt 1.67027 0.13019
vt 1.69716 0.10188
vt 1.69875 0.13637
vt 1.67789 0.17609
vt 1.69838 0.08727
vt 1.67426 0.07497
vt 1.63454 0.06918
vt 1.70593 0.07141
vt 1.68079 0.0571
vt 1.64143 0.05351
vt 1.57481 0.05119
vt 1.71245 0.04713
vt 1.68594 0.03795
vt 1.64737 0.03452
vt 1.71869 0.00719
vt 1.69041 0.00719
vt 1.65785 0.00719
vt 1.59941 0.00719
vt 1.58783 0.02858
vt 1.52455 0.00719
vt 1.51442 0.03268
vt 1.49107 0.00719
vt 1.48215 0.03468
vt 1.45761 0.00719
vt 1.44987 0.03668
vt 1.38854 0.04858
vt 1.3942 0.07175
vt 1.3571 0.10196
vt 1.39987 0.0874
vt 1.3697 0.12411
vt 1.41289 0.1059
vt 1.42935 0.12332
vt 1.45331 0.13873
vt 1.48648 0.15921
vt 1.4631 0.23163
vt 1.4642 0.2755
vt 1.50052 0.25339
vt 1.49654 0.28746
vt 1.52733 0.29805
vt 1.47067 0.30742
vt 1.45346 0.29599
vt 1.38705 0.14801
vt 1.40887 0.15825
vt 1.43459 0.17166
vt 1.46744 0.19261
vt 1.4306 0.21397
vt 1.43535 0.25398
vt 1.45126 0.32063
vt 1.46416 0.32632
vt 1.40526 0.19844
vt 1.38718 0.18811
vt 1.37363 0.17915
vt 1.32768 0.10901
vt 1.3302 0.0573
vt 1.21472 0.16341
vt 1.24443 0.16365
vt 1.21166 0.1062
vt 1.22258 0.22244
vt 1.25174 0.21869
vt 1.24022 0.28738
vt 1.26965 0.28296
vt 1.26389 0.34106
vt 1.29082 0.33409
vt 1.31146 0.32127
vt 1.28905 0.05338
vt 1.25252 0.05562
vt 1.25424 0.11682
vt 1.2123 0.05508
vt 1.21156 0.00719
vt 1.25488 0.00719
vt 1.29858 0.00719
vt 1.3515 0.00719
vt 1.40282 0.00719
vt 0.68599 0.61917
vt 0.66875 0.61499
vt 0.91425 0.76363
vt 0.92479 0.72548
vt 0.94099 0.75919
vt 0.91418 0.77499
vt 0.93596 0.76857
vt 0.85353 0.81621
vt 0.84197 0.83475
vt 0.85098 0.80531
vt 0.8829 0.77837
vt 0.8856 0.7888
vt 0.88936 0.7379
vt 0.91388 0.67783
vt 0.95094 0.71455
vt 0.95094 0.67065
vt 0.95094 0.75307
vt 0.95094 0.76413
vt 0.83315 0.75259
vt 0.81364 0.70569
vt 0.86699 0.68616
vt 0.84192 0.78259
vt 0.82695 0.80562
vt 0.83723 0.82582
vt 0.83041 0.8533
vt 0.8166 0.78181
vt 0.7762 0.78448
vt 0.78032 0.79939
vt 0.80008 0.81103
vt 0.81198 0.82866
vt 0.82349 0.84633
vt 0.80653 0.87736
vt 0.81435 0.88577
vt 0.79533 0.91013
vt 0.80572 0.91652
vt 0.79324 0.94572
vt 0.80411 0.94775
vt 0.79291 0.97272
vt 0.77316 0.93733
vt 0.76649 0.96826
vt 0.77438 0.8994
vt 0.78951 0.86131
vt 0.7737 0.83981
vt 0.75131 0.87779
vt 0.7572 0.9223
vt 0.74696 0.96364
vt 0.72717 0.96144
vt 0.735 0.91945
vt 0.80379 0.97289
vt 0.80606 0.99583
vt 0.79585 0.99753
vt 0.77766 0.99753
vt 0.75983 0.99753
vt 0.73262 0.99753
vt 0.69621 0.99753
vt 0.70229 0.96175
vt 0.668 0.96333
vt 0.67277 0.91635
vt 0.6333 0.96402
vt 0.63559 0.91792
vt 0.70683 0.9154
vt 0.67445 0.85042
vt 0.63394 0.77628
vt 0.63686 0.85466
vt 0.59163 0.91908
vt 0.5946 0.86052
vt 0.59407 0.78445
vt 0.58839 0.7039
vt 0.62283 0.62842
vt 0.52881 0.7135
vt 0.53905 0.79079
vt 0.4622 0.7168
vt 0.45546 0.64859
vt 0.32162 0.77592
vt 0.34555 0.71043
vt 0.35974 0.78752
vt 0.36606 0.71486
vt 0.37326 0.6515
vt 0.39973 0.71796
vt 0.40259 0.65378
vt 0.46532 0.79627
vt 0.46585 0.8665
vt 0.53963 0.86589
vt 0.53587 0.92107
vt 0.57593 0.6377
vt 0.39734 0.86256
vt 0.40254 0.79454
vt 0.35555 0.63946
vt 0.58646 0.96227
vt 0.53287 0.96242
vt 0.46451 0.9191
vt 0.39304 0.91464
vt 0.34582 0.85356
vt 0.29741 0.84277
vt 0.26187 0.7487
vt 0.32118 0.69498
vt 0.33977 0.64612
vt 0.31708 0.63255
vt 0.18634 0.74647
vt 0.23705 0.82935
vt 0.33038 0.91113
vt 0.46442 0.96077
vt 0.66808 0.99753
vt 0.62822 0.99753
vt 0.58226 0.99753
vt 0.53262 0.99753
vt 0.46268 0.99753
vt 0.39482 0.95813
vt 0.32837 0.9583
vt 0.27374 0.90559
vt 0.21933 0.89516
vt 0.17653 0.81476
vt 0.26697 0.99753
vt 0.20082 0.99753
vt 0.2675 0.95715
vt 0.39818 0.99753
vt 0.33325 0.99753
vt 0.20734 0.95192
vt 0.1478 0.99753
vt 0.15958 0.94685
vt 0.12659 0.94766
vt 0.16472 0.88419
vt 0.1169 0.88243
vt 0.11729 0.99797
vt 0.10152 0.99753
vt 0.1102 0.95273
vt 0.10196 0.90974
vt 0.06848 0.86668
vt 0.00249 0.80305
vt 0.00249 0.71635
vt 0.06061 0.89273
vt 0.00249 0.87209
vt 0.00249 0.88548
vt 1.40601 0.37901
vt 1.42076 0.40953
vt 1.43021 0.37874
vt 1.39395 0.41014
vt 1.41446 0.43933
vt 1.40433 0.46783
vt 1.36525 0.47414
vt 1.37984 0.50355
vt 1.42015 0.50012
vt 1.43353 0.46448
vt 1.44966 0.49545
vt 1.47313 0.49178
vt 1.4565 0.46161
vt 1.50002 0.49022
vt 1.47681 0.46053
vt 1.45937 0.43507
vt 1.48114 0.43448
vt 1.46886 0.41078
vt 1.55779 0.41907
vt 1.55557 0.41537
vt 1.55956 0.4388
vt 1.55429 0.43143
vt 1.55072 0.43234
vt 1.54778 0.40172
vt 1.55832 0.38951
vt 1.55393 0.37605
vt 1.56638 0.34572
vt 1.55939 0.31964
vt 1.5804 0.31615
vt 1.58365 0.358
vt 1.5701 0.37418
vt 1.58284 0.38943
vt 1.56641 0.39653
vt 1.57886 0.4068
vt 1.57123 0.40642
vt 1.57744 0.4148
vt 1.57284 0.41412
vt 1.58054 0.42198
vt 1.55878 0.40129
vt 1.56018 0.40639
vt 1.58844 0.44237
vt 1.5928 0.43755
vt 1.58554 0.43884
vt 1.57878 0.44173
vt 1.58223 0.43301
vt 1.57666 0.43358
vt 1.57503 0.43266
vt 1.58052 0.42654
vt 1.57353 0.42134
vt 1.57651 0.41849
vt 1.56868 0.41687
vt 1.57013 0.40765
vt 1.56358 0.41261
vt 1.56084 0.42421
vt 1.56465 0.42658
vt 1.56888 0.42792
vt 1.57227 0.45776
vt 1.56155 0.44041
vt 1.56976 0.45813
vt 1.56436 0.4398
vt 1.57532 0.45628
vt 1.57861 0.45425
vt 1.57162 0.4438
vt 1.56662 0.43504
vt 1.58414 0.45056
vt 1.58031 0.44475
vt 1.57077 0.43999
vt 1.57222 0.436
vt 1.57095 0.43451
vt 1.59061 0.44517
vt 1.59641 0.44191
vt 1.59674 0.43016
vt 1.6012 0.43892
vt 1.59856 0.42471
vt 1.60599 0.43625
vt 1.60468 0.41715
vt 1.61273 0.43225
vt 1.61302 0.40846
vt 1.621 0.42573
vt 1.62729 0.42014
vt 1.62038 0.40225
vt 1.63214 0.41675
vt 1.62845 0.40393
vt 1.62317 0.38548
vt 1.61429 0.38161
vt 1.60637 0.38985
vt 1.60495 0.36745
vt 1.59531 0.37758
vt 1.60245 0.33798
vt 1.59589 0.3457
vt 1.59535 0.30232
vt 1.59787 0.39984
vt 1.58859 0.40965
vt 1.58795 0.42262
vt 1.58833 0.43272
vt 1.58409 0.42734
vt 1.5822 0.41893
vt 1.51184 0.33577
vt 1.50673 0.35895
vt 1.52348 0.34804
vt 1.52821 0.36803
vt 1.52547 0.34795
vt 1.51306 0.33356
vt 1.49829 0.33092
vt 1.48572 0.3324
vt 1.52977 0.36935
vt 1.52844 0.37807
vt 1.52649 0.38199
vt 1.53589 0.38104
vt 1.53416 0.37041
vt 1.53134 0.34767
vt 1.51585 0.33099
vt 1.49496 0.32101
vt 1.49623 0.32689
vt 1.48067 0.32812
vt 1.48308 0.33992
vt 1.49036 0.37797
vt 1.49764 0.3864
vt 1.50615 0.38882
vt 1.51851 0.38637
vt 1.4886 0.37961
vt 1.48495 0.36523
vt 1.48251 0.35214
vt 1.47881 0.35022
vt 1.47809 0.33485
vt 1.47351 0.35013
vt 1.47348 0.33254
vt 1.46374 0.34955
vt 1.45221 0.34815
vt 1.44058 0.34825
vt 1.48177 0.36505
vt 1.47965 0.36673
vt 1.47069 0.37198
vt 1.46256 0.37424
vt 1.44888 0.37859
vt 1.4438 0.40802
vt 1.43817 0.43674
vt 1.48743 0.38286
vt 1.48254 0.39111
vt 1.47794 0.39622
vt 1.49748 0.38933
vt 1.49846 0.39438
vt 1.50826 0.39291
vt 1.51031 0.39816
vt 1.49751 0.40591
vt 1.48964 0.40865
vt 1.49173 0.42314
vt 1.51573 0.48766
vt 1.51181 0.45639
vt 1.49913 0.43941
vt 1.49573 0.45882
vt 1.51482 0.4397
vt 1.52333 0.39682
vt 1.5136 0.408
vt 1.5061 0.42271
vt 1.52766 0.48476
vt 1.52235 0.45508
vt 1.52606 0.43233
vt 1.51869 0.42
vt 1.5271 0.41669
vt 1.52545 0.40678
vt 1.53194 0.41966
vt 1.534 0.4052
vt 1.53543 0.4238
vt 1.54063 0.39847
vt 1.54358 0.41551
vt 1.5468 0.43971
vt 1.56235 0.46202
vt 1.5668 0.45929
vt 1.53383 0.48265
vt 1.53024 0.44762
vt 1.5415 0.47836
vt 1.54079 0.44713
vt 1.55151 0.47092
vt 1.55777 0.46555
vt 0.5061 0.42271
vt 0.51482 0.4397
vt 0.49173 0.42314
vt 0.49751 0.40591
vt 0.5136 0.408
vt 0.51032 0.39816
vt 0.52333 0.39682
vt 0.52545 0.40678
vt 0.53343 0.39496
vt 0.534 0.4052
vt 0.54063 0.39847
vt 0.55777 0.46555
vt 0.5468 0.43971
vt 0.56235 0.46202
vt 0.55151 0.47092
vt 0.54079 0.44713
vt 0.5415 0.47836
vt 0.53024 0.44762
vt 0.53383 0.48265
vt 0.52235 0.45508
vt 0.52606 0.43233
vt 0.51869 0.42
vt 0.5271 0.41669
vt 0.53194 0.41966
vt 0.53543 0.4238
vt 0.54358 0.41551
vt 0.54777 0.40172
vt 0.55072 0.43234
vt 0.55429 0.43143
vt 0.5668 0.45929
vt 0.55955 0.4388
vt 0.56976 0.45813
vt 0.56155 0.44041
vt 0.56084 0.42421
vt 0.56436 0.4398
vt 0.56465 0.42658
vt 0.55557 0.41537
vt 0.55832 0.38951
vt 0.55392 0.37605
vt 0.56638 0.34572
vt 0.55939 0.31964
vt 0.5804 0.31615
vt 0.58365 0.358
vt 0.5701 0.37418
vt 0.58284 0.38943
vt 0.56641 0.39653
vt 0.57886 0.4068
vt 0.57123 0.40642
vt 0.57744 0.4148
vt 0.57284 0.41412
vt 0.58054 0.42198
vt 0.57651 0.41849
vt 0.58052 0.42654
vt 0.57353 0.42134
vt 0.57503 0.43266
vt 0.55878 0.40129
vt 0.55778 0.41907
vt 0.56018 0.40639
vt 0.56888 0.42792
vt 0.56868 0.41687
vt 0.57013 0.40765
vt 0.56358 0.41261
vt 0.58414 0.45056
vt 0.58031 0.44475
vt 0.59061 0.44517
vt 0.57162 0.4438
vt 0.57861 0.45425
vt 0.57532 0.45628
vt 0.57227 0.45776
vt 0.56662 0.43504
vt 0.57077 0.43999
vt 0.57222 0.436
vt 0.57095 0.43451
vt 0.57666 0.43358
vt 0.57878 0.44173
vt 0.58844 0.44237
vt 0.5928 0.43755
vt 0.59641 0.44191
vt 0.59674 0.43016
vt 0.6012 0.43892
vt 0.59856 0.42471
vt 0.60599 0.43625
vt 0.60467 0.41715
vt 0.59787 0.39984
vt 0.58859 0.40965
vt 0.59531 0.37758
vt 0.58795 0.42262
vt 0.58833 0.43272
vt 0.58554 0.43884
vt 0.58223 0.43301
vt 0.58409 0.42734
vt 0.5822 0.41893
vt 0.59589 0.3457
vt 0.61302 0.40846
vt 0.60637 0.38985
vt 0.62038 0.40225
vt 0.61273 0.43225
vt 0.621 0.42573
vt 0.62729 0.42014
vt 0.63214 0.41675
vt 0.62845 0.40393
vt 0.62317 0.38548
vt 0.61429 0.38161
vt 0.60495 0.36745
vt 0.60245 0.33798
vt 0.59535 0.30232
vt 0.57327 0.28645
vt 0.61041 0.33669
vt 0.61166 0.35899
vt 0.60848 0.30072
vt 0.60217 0.30083
vt 0.60065 0.27502
vt 0.60584 0.27753
vt 0.6183 0.30278
vt 0.6176 0.33925
vt 0.61905 0.36015
vt 0.61397 0.24992
vt 0.61722 0.2637
vt 0.60008 0.24976
vt 0.6029 0.26106
vt 0.61913 0.27846
vt 0.59465 0.23999
vt 0.59621 0.25589
vt 0.61488 0.23453
vt 0.61295 0.23442
vt 0.6123 0.22823
vt 0.61972 0.24179
vt 0.59047 0.27385
vt 0.57727 0.25049
vt 0.5798 0.22787
vt 0.59595 0.22818
vt 0.59874 0.24141
vt 0.61183 0.24101
vt 0.59969 0.23445
vt 0.61176 0.23625
vt 0.60536 0.22922
vt 0.60112 0.21852
vt 0.60768 0.21896
vt 0.59033 0.2048
vt 0.6008 0.20526
vt 0.58198 0.19011
vt 0.60255 0.19226
vt 0.56639 0.17032
vt 0.58092 0.16556
vt 0.55073 0.13251
vt 0.62381 0.19328
vt 0.60101 0.14833
vt 0.64824 0.15939
vt 0.63681 0.12045
vt 0.67027 0.13019
vt 0.69875 0.13637
vt 0.67789 0.17609
vt 0.7027 0.18785
vt 0.68582 0.23331
vt 0.64833 0.41748
vt 0.64307 0.39171
vt 0.65508 0.4169
vt 0.64906 0.39476
vt 0.66628 0.41006
vt 0.65811 0.3895
vt 0.68079 0.39497
vt 0.64264 0.4157
vt 0.63707 0.38953
vt 0.64137 0.36688
vt 0.64784 0.37129
vt 0.65311 0.37454
vt 0.66966 0.37259
vt 0.69662 0.36314
vt 0.70683 0.25185
vt 0.68771 0.29491
vt 0.70557 0.3195
vt 0.68207 0.33951
vt 0.65839 0.35495
vt 0.64832 0.34309
vt 0.64191 0.33995
vt 0.6362 0.36678
vt 0.62872 0.36909
vt 0.63245 0.39381
vt 0.63783 0.41502
vt 0.63454 0.3458
vt 0.62698 0.35078
vt 0.62619 0.32149
vt 0.65517 0.31448
vt 0.64409 0.30998
vt 0.63527 0.32207
vt 0.63538 0.29111
vt 0.6277 0.2954
vt 0.62677 0.27119
vt 0.63592 0.2648
vt 0.62331 0.25461
vt 0.62636 0.24394
vt 0.61832 0.23291
vt 0.61761 0.22523
vt 0.66364 0.20807
vt 0.66891 0.26634
vt 0.66725 0.32034
vt 0.63899 0.25917
vt 0.63991 0.25203
vt 0.64209 0.28461
vt 0.64542 0.28012
vt 0.65437 0.27673
vt 0.64505 0.24152
vt 0.6501 0.23315
vt 0.62848 0.23915
vt 0.62895 0.23221
vt 0.62326 0.21623
vt 0.61363 0.21318
vt 1.64833 0.41748
vt 1.65507 0.4169
vt 1.64307 0.39171
vt 1.64906 0.39476
vt 1.66628 0.41006
vt 1.65811 0.3895
vt 1.68079 0.39497
vt 1.66966 0.37259
vt 1.69662 0.36314
vt 1.68207 0.33951
vt 1.68771 0.29491
vt 1.70557 0.3195
vt 1.70683 0.25185
vt 1.68582 0.23331
vt 1.7027 0.18785
vt 1.66364 0.20807
vt 1.66892 0.26634
vt 1.66725 0.32034
vt 1.65839 0.35495
vt 1.65311 0.37454
vt 1.64784 0.37129
vt 1.64137 0.36688
vt 1.63707 0.38953
vt 1.64264 0.4157
vt 1.63245 0.39381
vt 1.63783 0.41502
vt 1.64831 0.34309
vt 1.64191 0.33995
vt 1.6362 0.36678
vt 1.62872 0.36909
vt 1.63454 0.3458
vt 1.62698 0.35078
vt 1.62619 0.32149
vt 1.61832 0.23291
vt 1.61761 0.22523
vt 1.61231 0.22823
vt 1.61972 0.24179
vt 1.62636 0.24394
vt 1.62331 0.25461
vt 1.63593 0.2648
vt 1.62677 0.27119
vt 1.63538 0.29111
vt 1.6277 0.2954
vt 1.63527 0.32207
vt 1.64409 0.30998
vt 1.65517 0.31448
vt 1.64209 0.28461
vt 1.64542 0.28012
vt 1.65437 0.27673
vt 1.63991 0.25203
vt 1.63899 0.25917
vt 1.62848 0.23915
vt 1.62326 0.21623
vt 1.62895 0.23221
vt 1.64505 0.24152
vt 1.6501 0.23315
vt 1.62381 0.19328
vt 1.58092 0.16556
vt 1.60255 0.19226
vt 1.61363 0.21318
vt 1.6008 0.20526
vt 1.58198 0.19011
vt 1.56288 0.17146
vt 1.55073 0.13251
vt 1.60101 0.14833
vt 1.64824 0.15939
vt 1.59595 0.22818
vt 1.59805 0.22144
vt 1.58148 0.21494
vt 1.58383 0.20783
vt 1.55397 0.20648
vt 1.55661 0.19597
vt 1.52731 0.18732
vt 1.55185 0.17508
vt 1.53218 0.13545
vt 1.61488 0.23453
vt 1.61295 0.23442
vt 1.61176 0.23625
vt 1.59969 0.23445
vt 1.61183 0.24101
vt 1.60536 0.22922
vt 1.60112 0.21852
vt 1.60768 0.21896
vt 1.59033 0.2048
vt 1.57016 0.19379
vt 1.6176 0.33925
vt 1.6183 0.30278
vt 1.61041 0.33669
vt 1.61905 0.36015
vt 1.61166 0.35899
vt 1.60847 0.30072
vt 1.60583 0.27753
vt 1.61913 0.27846
vt 1.60291 0.26106
vt 1.61722 0.2637
vt 1.60008 0.24976
vt 1.61397 0.24992
vt 1.59874 0.24141
vt 1.60217 0.30083
vt 1.60065 0.27502
vt 1.59621 0.25589
vt 1.59465 0.23999
vt 1.5798 0.22787
vt 1.54959 0.2205
vt 1.50758 0.22159
vt 1.57727 0.25049
vt 1.54353 0.23752
vt 1.53369 0.26474
vt 1.55989 0.27472
vt 1.59047 0.27385
vt 1.57327 0.28645
vt 1.54748 0.30643
vt 1.53343 0.39496
vt 1.52219 0.39108
vt 1.53816 0.3454
vt 1.53951 0.37711
vt 1.53832 0.38559
vt 1.53239 0.38805
vt 1.49606 0.30945
vt 1.52174 0.32202
vt 1.47696 0.32391
vt 0.55661 0.19597
vt 0.55397 0.20648
vt 0.52731 0.18732
vt 0.55185 0.17508
vt 0.51363 0.13841
vt 0.53218 0.13545
vt 0.50307 0.10826
vt 0.52263 0.10266
vt 0.50604 0.08104
vt 0.57219 0.08395
vt 0.56898 0.06555
vt 0.57481 0.05119
vt 0.63454 0.06918
vt 0.63002 0.08884
vt 0.59805 0.22144
vt 0.57016 0.19379
vt 0.58383 0.20783
vt 0.584 0.11264
vt 0.58148 0.21494
vt 0.50673 0.35895
vt 0.49036 0.37797
vt 0.48496 0.36523
vt 0.4825 0.35214
vt 0.48308 0.33992
vt 0.47881 0.35022
vt 0.47809 0.33485
vt 0.47351 0.35013
vt 0.47348 0.33254
vt 0.46374 0.34955
vt 0.46416 0.32632
vt 0.45221 0.34815
vt 0.44058 0.34825
vt 0.4211 0.34672
vt 0.40601 0.37901
vt 0.52766 0.48476
vt 0.51573 0.48766
vt 0.51181 0.45639
vt 0.49573 0.45882
vt 0.47681 0.46053
vt 0.50002 0.49022
vt 0.4565 0.46161
vt 0.47313 0.49178
vt 0.43353 0.46448
vt 0.44966 0.49545
vt 0.42015 0.50012
vt 0.40433 0.46783
vt 0.37984 0.50355
vt 0.36525 0.47414
vt 0.41446 0.43933
vt 0.43817 0.43674
vt 0.45937 0.43507
vt 0.48114 0.43448
vt 0.49913 0.43941
vt 0.39395 0.41014
vt 0.42076 0.40953
vt 0.4438 0.40802
vt 0.46886 0.41078
vt 0.47794 0.39622
vt 0.48964 0.40865
vt 0.43021 0.37874
vt 0.44888 0.37859
vt 0.46255 0.37424
vt 0.47069 0.37198
vt 0.48254 0.39111
vt 0.47965 0.36673
vt 0.48743 0.38286
vt 0.49846 0.39438
vt 0.50826 0.39291
vt 0.52219 0.39108
vt 0.48177 0.36505
vt 0.4886 0.37961
vt 0.49748 0.38933
vt 0.54748 0.30643
vt 0.53816 0.3454
vt 0.53951 0.37711
vt 0.53831 0.38559
vt 0.53239 0.38805
vt 0.51851 0.38637
vt 0.50615 0.38882
vt 0.49764 0.3864
vt 0.52844 0.37807
vt 0.53589 0.38104
vt 0.52649 0.38199
vt 0.52821 0.36803
vt 0.52977 0.36935
vt 0.53416 0.37041
vt 0.53134 0.34767
vt 0.52547 0.34795
vt 0.52348 0.34804
vt 0.51184 0.33577
vt 0.52174 0.32202
vt 0.51585 0.33099
vt 0.51306 0.33356
vt 0.49829 0.33092
vt 0.48572 0.3324
vt 0.48067 0.32812
vt 0.49623 0.32689
vt 0.49496 0.32101
vt 0.49606 0.30945
vt 0.52733 0.29805
vt 0.55989 0.27472
vt 0.47696 0.32391
vt 0.49654 0.28746
vt 0.50052 0.25339
vt 0.53369 0.26474
vt 0.54353 0.23752
vt 0.54959 0.2205
vt 0.46744 0.19261
vt 0.50758 0.22159
vt 0.4631 0.23163
vt 0.48648 0.15921
vt 0.48349 0.11386
vt 0.07031 0.99235
vt 0.07535 0.9969
vt 0.08351 0.99614
vt 0.0805 0.99931
vt 0.07111 0.98819
vt 0.05995 0.98776
vt 0.05858 0.98286
vt 0.09312 0.96996
vt 0.06953 0.96606
vt 0.09216 0.97986
vt 0.07016 0.97487
vt 0.05266 0.96372
vt 0.05269 0.97156
vt 0.0533 0.95819
vt 0.0697 0.9586
vt 0.05296 0.9538
vt 0.09436 0.96118
vt 0.09047 0.98868
vt 0.07141 0.98331
vt 0.09589 0.94417
vt 0.06796 0.95139
vt 0.05302 0.95052
vt 0.06709 0.93967
vt 0.05296 0.94687
vt 0.05237 0.94388
vt 0.05089 0.94134
vt 0.04839 0.93958
vt 0.06294 0.93321
vt 0.04349 0.93678
vt 0.05605 0.93037
vt 0.03313 0.92952
vt 0.04257 0.92209
vt 0.02298 0.92476
vt 0.09206 0.92714
vt 0.08623 0.91808
vt 0.06987 0.90921
vt 0.05446 0.9055
vt 0.0119 0.90799
vt 0.01013 0.91486
vt 0.00282 0.9023
vt 0.01894 0.91124
vt 0.01482 0.92021
vt 0.02986 0.91589
vt 0.03575 0.90268
vt 0.00552 0.90791
vt 0.02193 0.8999
vt 0.0137 0.89821
vt 0.00308 0.89622
vt 0.32706 0.89343
vt 0.29263 0.94374
vt 0.31592 0.88881
vt 0.32706 0.83279
vt 0.33911 0.83279
vt 0.31592 0.77678
vt 0.32706 0.77217
vt 0.04221 0.26121
vt 0.10419 0.26614
vt 0.04185 0.2663
vt 0.11067 0.22153
vt 0.04726 0.22697
vt 0.04922 0.22965
vt 0.1247 0.26541
vt 0.1949 0.23704
vt 0.89903 0.7653
vt 0.84703 0.77138
vt 0.89029 0.73463
vt 0.92099 0.73463
vt 0.92087 0.76556
vt 0.89397 0.80502
vt 0.87186 0.8018
vt 0.83994 0.81297
vt 0.79568 0.77463
vt 0.45074 0.45947
vt 0.45514 0.48468
vt 0.47568 0.4503
vt 0.44225 0.48637
vt 0.45375 0.46072
vt 0.46748 0.45155
vt 0.4854 0.46172
vt 0.50308 0.46053
vt 0.36127 0.47815
vt 0.35812 0.45085
vt 0.35364 0.48114
vt 0.36073 0.45346
vt 0.36688 0.43539
vt 0.42189 0.48149
vt 0.39694 0.45325
vt 0.43663 0.47893
vt 0.41751 0.45047
vt 0.39723 0.48619
vt 0.12756 0.49164
vt 0.1144 0.46992
vt 0.07112 0.50749
vt 0.05908 0.50929
vt 0.04834 0.48732
vt 0.10556 0.49396
vt 0.05739 0.48596
vt 0.09767 0.47168
vt 0.1736 0.44806
vt 0.18425 0.48512
vt 0.92522 0.97603
vt 0.89821 0.97621
vt 0.91519 0.94083
vt 0.89116 0.9471
vt 0.88997 0.91322
vt 0.86794 0.92619
vt 0.13246 0.56804
vt 0.21872 0.55714
vt 0.10612 0.54553
vt 0.0499 0.56692
vt 0.05617 0.57626
vt 0.09856 0.53654
vt 0.08055 0.60242
vt 0.1848 0.65654
vt 0.37238 0.64441
vt 0.287 0.55936
vt 0.38275 0.5636
vt 0.53027 0.6527
vt 0.46513 0.56258
vt 0.37271 0.52835
vt 0.4187 0.51891
vt 0.3598 0.51843
vt 0.39877 0.50931
vt 0.41888 0.50929
vt 0.41431 0.50333
vt 0.40115 0.5034
vt 0.32732 0.51195
vt 0.31014 0.50389
vt 0.30853 0.51195
vt 0.32474 0.5044
vt 0.31918 0.52679
vt 0.49051 0.9126
vt 0.48741 0.89087
vt 0.56854 0.91173
vt 0.39371 0.91623
vt 0.39345 0.89606
vt 0.39294 0.86626
vt 0.47289 0.87079
vt 0.45241 0.85094
vt 0.39304 0.83568
vt 0.39322 0.795
vt 0.43741 0.80521
vt 0.39357 0.73451
vt 0.4281 0.73456
vt 0.56001 0.79816
vt 0.56851 0.85554
vt 0.55745 0.87383
vt 0.28435 0.47781
vt 0.26096 0.45206
vt 0.33278 0.47766
vt 0.31367 0.45187
vt 0.34752 0.47517
vt 0.25793 0.41971
vt 0.2402 0.4415
vt 0.20991 0.42984
vt 0.19951 0.45247
vt 0.21101 0.47847
vt 0.2744 0.43065
vt 0.91472 0.43518
vt 0.91853 0.44382
vt 0.89357 0.4343
vt 0.88867 0.44226
vt 0.88063 0.48108
vt 0.91048 0.48264
vt 0.90788 0.48061
vt 0.88553 0.47972
vt 0.73688 0.41415
vt 0.73109 0.41354
vt 0.73534 0.41725
vt 0.72832 0.42459
vt 0.74487 0.45744
vt 0.7516 0.45285
vt 0.76065 0.4496
vt 0.77031 0.44704
vt 0.76077 0.45042
vt 0.74469 0.45911
vt 0.74957 0.49846
vt 0.76205 0.49797
vt 0.7811 0.49718
vt 0.7966 0.4969
vt 0.77814 0.49892
vt 0.7513 0.50032
vt 0.95273 0.44061
vt 0.95575 0.44875
vt 0.93829 0.43967
vt 0.92972 0.44695
vt 0.91565 0.47989
vt 0.94829 0.48561
vt 0.94405 0.47846
vt 0.91985 0.47791
vt 0.65595 0.20784
vt 0.66647 0.19928
vt 0.6588 0.23099
vt 0.64104 0.25485
vt 0.61314 0.23743
vt 0.6014 0.21419
vt 0.60893 0.2289
vt 0.60397 0.2139
vt 0.6393 0.25127
vt 0.62776 0.19786
vt 0.66725 0.21686
vt 0.20726 0.23967
vt 0.21339 0.19019
vt 0.11276 0.22311
vt 0.19534 0.19576
vt 0.53651 0.46593
vt 0.55158 0.4653
vt 0.52794 0.46567
vt 0.55829 0.45767
vt 0.56992 0.47719
vt 0.5844 0.50182
vt 0.52644 0.4913
vt 0.53137 0.49022
vt 0.55888 0.49646
vt 0.58939 0.47775
vt 0.59641 0.50351
vt 0.15436 0.76859
vt 0.1378 0.72929
vt 0.13274 0.7829
vt 0.18068 0.72076
vt 0.1795 0.7628
vt 0.22356 0.72929
vt 0.20856 0.76976
vt 0.2599 0.75359
vt 0.22745 0.78525
vt 0.28418 0.78993
vt 0.2402 0.80257
vt 0.29271 0.83279
vt 0.11687 0.80257
vt 0.07718 0.78993
vt 0.10951 0.83202
vt 0.10146 0.75359
vt 0.12466 0.69757
vt 0.18068 0.68642
vt 0.23669 0.69757
vt 0.28418 0.72929
vt 0.28418 0.87567
vt 0.28418 0.93631
vt 0.29271 0.72076
vt 0.24132 0.68642
vt 0.18068 0.67436
vt 0.12004 0.68642
vt 0.07718 0.72929
vt 0.06865 0.72076
vt 0.04544 0.77678
vt 0.0343 0.77217
vt 0.0343 0.83279
vt 0.02225 0.83279
vt 0.04544 0.88881
vt 0.0343 0.89343
vt 0.07718 0.93631
vt 0.06865 0.94484
vt 0.12466 0.96803
vt 0.12004 0.97917
vt 0.18068 0.97917
vt 0.18053 0.98894
vt 0.23669 0.96803
vt 0.241 0.97438
vt 0.24794 0.83124
vt 0.24255 0.85756
vt 0.2599 0.91202
vt 0.22707 0.8788
vt 0.22356 0.93631
vt 0.207 0.89389
vt 0.18068 0.94484
vt 0.18146 0.89928
vt 0.1378 0.93631
vt 0.15436 0.89427
vt 0.10146 0.91202
vt 0.13196 0.88074
vt 0.07718 0.87567
vt 0.11687 0.85991
vt 0.06865 0.83279
vt 0.51239 0.48633
vt 0.51981 0.48543
vt 0.48785 0.49033
vt 0.72966 0.21184
vt 0.72482 0.26823
vt 0.74931 0.22302
vt 0.73628 0.27547
vt 0.78097 0.23587
vt 0.75778 0.28474
vt 0.76923 0.20909
vt 0.75536 0.27083
vt 0.7245 0.19962
vt 0.72626 0.26691
vt 0.70798 0.20302
vt 0.71626 0.26537
vt 0.71637 0.29303
vt 0.7113 0.32112
vt 0.72018 0.29733
vt 0.71254 0.33018
vt 0.73785 0.30676
vt 0.722 0.33464
vt 0.74347 0.31194
vt 0.72102 0.33694
vt 0.72989 0.29968
vt 0.71616 0.33051
vt 0.71173 0.3419
vt 0.13937 0.79016
vt 0.15793 0.77748
vt 0.17982 0.83151
vt 0.17982 0.77303
vt 0.20171 0.77748
vt 0.22028 0.79016
vt 0.23267 0.80913
vt 0.23703 0.83151
vt 0.23267 0.8539
vt 0.22028 0.87288
vt 0.20171 0.88554
vt 0.17982 0.89
vt 0.15793 0.88554
vt 0.13937 0.87288
vt 0.12697 0.8539
vt 0.12262 0.83151
vt 0.12697 0.80913
vt 0.88911 0.25731
vt 0.87277 0.25751
vt 0.89296 0.254
vt 0.87332 0.21994
vt 0.87157 0.22006
vt 0.88927 0.21999
vt 0.8932 0.22044
vt 0.87099 0.25415
vt 0.91884 0.25742
vt 0.92107 0.25186
vt 0.9016 0.25763
vt 0.90179 0.25311
vt 0.91891 0.21715
vt 0.91571 0.22131
vt 0.89891 0.22137
vt 0.89999 0.21794
vt 0.67979 0.43861
vt 0.66802 0.41415
vt 0.65839 0.44321
vt 0.65019 0.38977
vt 0.63846 0.3927
vt 0.63902 0.44911
vt 0.63902 0.42166
vt 0.64208 0.45056
vt 0.66093 0.44458
vt 0.67357 0.51175
vt 0.63446 0.51212
vt 0.62285 0.51205
vt 0.66692 0.49818
vt 0.70135 0.4908
vt 0.65324 0.4171
vt 0.63556 0.39307
vt 0.63603 0.38091
vt 0.64156 0.39092
vt 0.85408 0.47981
vt 0.85407 0.44165
vt 0.87761 0.48126
vt 0.88178 0.43489
vt 0.88309 0.44309
vt 0.85409 0.43401
vt 0.85411 0.47879
vt 0.8763 0.47967
vt 0.22809 0.51288
vt 0.21036 0.521
vt 0.2411 0.52298
vt 0.21913 0.53102
vt 0.17691 0.51445
vt 0.18198 0.52489
vt 0.28162 0.52078
vt 0.29309 0.52954
vt 0.16498 0.51361
vt 0.17635 0.50726
vt 0.16345 0.50734
vt 0.30208 0.12332
vt 0.27528 0.12811
vt 0.30301 0.11026
vt 0.23567 0.12036
vt 0.27161 0.03267
vt 0.14798 0.0728
vt 0.13864 0.14944
vt 0.23956 0.13831
vt 0.14119 0.16562
vt 0.08211 0.10503
vt 0.04633 0.16931
vt 0.05594 0.18857
vt 0.06084 0.19525
vt 0.14446 0.17477
vt 0.23808 0.14883
vt 0.24782 0.14404
vt 0.27602 0.14218
vt 0.30368 0.13049
vt 0.3503 0.12411
vt 0.43076 0.09984
vt 0.44328 0.02237
vt 0.24989 0.14906
vt 0.24493 0.15248
vt 0.37767 0.42728
vt 0.94426 0.25981
vt 0.95102 0.25606
vt 0.93312 0.26079
vt 0.93266 0.25371
vt 0.93193 0.21623
vt 0.95783 0.21867
vt 0.9489 0.22131
vt 0.92937 0.22264
vt 0.18341 0.44675
vt 0.20035 0.48283
vt 0.92038 0.07185
vt 0.9361 0.14809
vt 0.91473 0.15117
vt 0.89416 0.07512
vt 0.8699 0.07738
vt 0.88217 0.15038
vt 0.8318 0.07469
vt 0.83878 0.14
vt 0.86824 0.16603
vt 0.85408 0.16476
vt 0.86185 0.17381
vt 0.87271 0.17718
vt 0.88617 0.17113
vt 0.86879 0.18369
vt 0.86974 0.19627
vt 0.85928 0.1823
vt 0.85246 0.19168
vt 0.84264 0.18211
vt 0.88879 0.17944
vt 0.89502 0.18105
vt 0.88501 0.18658
vt 0.89287 0.19917
vt 0.89267 0.1873
vt 0.90385 0.17523
vt 0.91547 0.18372
vt 0.92152 0.17801
vt 0.90987 0.1918
vt 0.91074 0.20206
vt 0.90198 0.18993
vt 0.90576 0.18181
vt 0.93867 0.18648
vt 0.9314 0.19072
vt 0.92352 0.18748
vt 0.92003 0.19635
vt 0.92584 0.19165
vt 0.72005 0.16998
vt 0.73013 0.17006
vt 0.71252 0.16318
vt 0.72948 0.15683
vt 0.73827 0.17178
vt 0.7399 0.15833
vt 0.74687 0.17078
vt 0.74536 0.16338
vt 0.78801 0.16415
vt 0.79007 0.17227
vt 0.83905 0.16344
vt 0.81982 0.17287
vt 0.83025 0.17673
vt 0.81837 0.18105
vt 0.86665 0.21974
vt 0.85678 0.2198
vt 0.86345 0.25709
vt 0.85678 0.21968
vt 0.85077 0.25319
vt 0.86906 0.21962
vt 0.86733 0.25327
vt 0.85008 0.25711
vt 0.22228 0.4268
vt 0.25555 0.4389
vt 0.21883 0.44925
vt 0.26502 0.4559
vt 0.26793 0.41733
vt 0.23033 0.47525
vt 0.25324 0.48029
vt 0.28116 0.47493
vt 0.29962 0.45256
vt 0.29137 0.42808
vt 0.32843 0.44939
vt 0.31545 0.48138
vt 0.63995 0.15074
vt 0.63484 0.14024
vt 0.65726 0.15251
vt 0.65744 0.14415
vt 0.65781 0.12978
vt 0.67923 0.13142
vt 0.67636 0.14531
vt 0.53684 0.12688
vt 0.55653 0.13179
vt 0.5394 0.14499
vt 0.55949 0.14877
vt 0.5573 0.15553
vt 0.53964 0.15146
vt 0.71413 0.14774
vt 0.73105 0.11949
vt 0.64415 0.10103
vt 0.63606 0.12613
vt 0.58675 0.12875
vt 0.586 0.14519
vt 0.5368 0.0994
vt 0.48347 0.12274
vt 0.48492 0.1451
vt 0.78069 0.07011
vt 0.78943 0.12904
vt 0.72467 0.06422
vt 0.44662 0.13411
vt 0.62753 0.04942
vt 0.44293 0.11969
vt 0.43216 0.13501
vt 0.44878 0.14464
vt 0.43861 0.14448
vt 0.35199 0.13127
vt 0.42502 0.12131
vt 0.45096 0.24202
vt 0.43971 0.21973
vt 0.40922 0.20265
vt 0.47426 0.21744
vt 0.48544 0.22144
vt 0.44525 0.16516
vt 0.40385 0.16339
vt 0.40479 0.18109
vt 0.41524 0.20459
vt 0.48306 0.19385
vt 0.49107 0.18651
vt 0.58069 0.24652
vt 0.58127 0.23982
vt 0.55385 0.25751
vt 0.55673 0.25504
vt 0.52725 0.24406
vt 0.52863 0.23676
vt 0.59485 0.21115
vt 0.5929 0.20132
vt 0.54514 0.18127
vt 0.50987 0.18939
vt 0.51477 0.20071
vt 0.64127 0.85207
vt 0.638 0.79182
vt 0.63016 0.7347
vt 0.71281 0.73471
vt 0.72267 0.78242
vt 0.78427 0.73465
vt 0.83772 0.7346
vt 0.73166 0.84038
vt 0.80327 0.82297
vt 0.63982 0.87183
vt 0.73555 0.86096
vt 0.80591 0.84465
vt 0.85259 0.828
vt 0.56467 0.89299
vt 0.63942 0.89563
vt 0.73346 0.8903
vt 0.80376 0.90106
vt 0.80527 0.8799
vt 0.84134 0.91132
vt 0.85081 0.89136
vt 0.84399 0.94435
vt 0.80022 0.93872
vt 0.73183 0.92439
vt 0.64143 0.91716
vt 0.57223 0.97676
vt 0.51425 0.97676
vt 0.62532 0.97673
vt 0.70494 0.97667
vt 0.79793 0.97658
vt 0.84805 0.97647
vt 0.39484 0.97675
vt 0.55464 0.73473
vt 0.34407 0.21014
vt 0.34315 0.20836
vt 0.31343 0.22617
vt 0.32655 0.18247
vt 0.2856 0.18335
vt 0.37839 0.18965
vt 0.37402 0.18729
vt 0.31024 0.22824
vt 0.28545 0.20146
vt 0.23688 0.21352
vt 0.22998 0.17862
vt 0.22494 0.18247
vt 0.23386 0.21364
vt 0.27263 0.16447
vt 0.28124 0.18312
vt 0.33081 0.15338
vt 0.32425 0.18352
vt 0.38322 0.16101
vt 0.38602 0.16629
vt 0.33247 0.15202
vt 0.27367 0.16156
vt 0.27925 0.1604
vt 0.28282 0.20592
vt 0.25839 0.23979
vt 0.25415 0.2422
vt 0.58061 0.52164
vt 0.58325 0.53157
vt 0.59965 0.53609
vt 0.54337 0.52353
vt 0.53697 0.51495
vt 0.50024 0.51591
vt 0.51401 0.50824
vt 0.54123 0.56197
vt 0.4567 0.52525
vt 0.61769 0.57944
vt 0.60701 0.54604
vt 0.62543 0.54953
vt 0.62567 0.53786
vt 0.62083 0.5264
vt 0.60623 0.52551
vt 0.59116 0.52475
vt 0.47479 0.50069
vt 0.47578 0.50929
vt 0.49817 0.50084
vt 0.4501 0.51718
vt 0.65891 0.6635
vt 0.74261 0.6024
vt 0.69701 0.56351
vt 0.68385 0.55124
vt 0.7164 0.54013
vt 0.6924 0.54124
vt 0.70212 0.52968
vt 0.68962 0.53436
vt 0.88084 0.51927
vt 0.86945 0.51468
vt 0.88187 0.52632
vt 0.88878 0.50801
vt 0.89011 0.51933
vt 0.91452 0.53708
vt 0.89406 0.52576
vt 0.88016 0.53862
vt 0.75111 0.51872
vt 0.73585 0.51564
vt 0.76398 0.52241
vt 0.76688 0.50925
vt 0.77061 0.51762
vt 0.84746 0.51134
vt 0.83589 0.51877
vt 0.85376 0.537
vt 0.83632 0.52345
vt 0.82176 0.53499
vt 0.81343 0.52406
vt 0.75392 0.53035
vt 0.73814 0.53503
vt 0.71747 0.52148
vt 0.85654 0.52608
vt 0.86652 0.52606
vt 0.85643 0.52086
vt 0.86466 0.52141
vt 0.86215 0.57684
vt 0.79347 0.58865
vt 0.82925 0.66704
vt 0.94005 0.66579
vt 0.97034 0.57965
vt 0.9774 0.66451
vt 0.94492 0.5217
vt 0.96744 0.53787
vt 0.91731 0.52315
vt 0.91353 0.51303
vt 0.9563 0.50003
vt 0.94112 0.50746
vn -0.7136 0.6233 -0.3200
vn -0.5959 0.7244 -0.3468
vn -0.6617 0.7429 -0.1013
vn -0.5032 0.7408 -0.4450
vn -0.3156 0.8342 -0.4522
vn -0.7136 0.6232 -0.3200
vn -0.8609 0.4775 -0.1754
vn -0.7656 0.5927 -0.2501
vn -0.8943 0.3571 -0.2696
vn -0.9879 0.1060 -0.1134
vn -0.9939 0.0118 -0.1096
vn -0.9412 -0.3256 -0.0900
vn -0.9384 -0.3456 0.0040
vn -0.9903 -0.0860 0.1092
vn -0.9423 -0.3263 0.0743
vn -0.9470 -0.3212 0.0000
vn 0.0160 -0.0387 0.9991
vn -0.4024 -0.0314 0.9149
vn -0.3795 0.1573 0.9117
vn -0.1221 0.3576 0.9259
vn 0.7071 -0.1457 0.6920
vn 0.5624 -0.2908 0.7741
vn 0.1321 -0.4508 0.8828
vn -0.5848 -0.0785 0.8074
vn -0.2783 -0.2702 0.9217
vn -0.4051 -0.2243 0.8863
vn -0.4604 -0.4077 -0.7885
vn -0.4755 -0.4349 -0.7647
vn -0.2344 -0.3611 -0.9026
vn -0.1285 -0.3486 -0.9284
vn -0.3713 -0.3493 -0.8603
vn 0.1561 -0.4512 -0.8787
vn 0.1636 -0.3758 -0.9121
vn -0.0624 -0.2586 -0.9640
vn -0.4017 -0.2678 -0.8757
vn 0.1321 -0.4510 -0.8827
vn 0.5625 -0.2908 -0.7740
vn -0.4024 -0.0314 -0.9149
vn 0.0160 -0.0387 -0.9991
vn 0.7071 -0.1458 -0.6920
vn -0.1258 0.3576 -0.9254
vn -0.3793 0.1574 -0.9118
vn -0.2968 -0.1805 -0.9377
vn -0.5153 -0.1722 -0.8395
vn -0.4956 -0.0549 -0.8668
vn -0.5852 -0.0785 -0.8071
vn -0.5763 -0.2582 -0.7754
vn -0.5469 -0.3453 -0.7627
vn -0.5804 -0.4893 -0.6509
vn -0.6085 -0.5134 -0.6051
vn -0.5769 -0.6074 -0.5461
vn -0.4516 -0.6494 -0.6118
vn -0.3322 -0.5102 -0.7933
vn -0.4053 -0.2244 -0.8862
vn -0.2782 -0.2700 -0.9218
vn -0.3632 0.1020 -0.9261
vn -0.1760 -0.0628 -0.9824
vn 0.0235 -0.2154 -0.9762
vn 0.0663 -0.1371 -0.9883
vn 0.8738 0.4862 0.0040
vn 0.9681 -0.0196 -0.2500
vn 0.9580 0.2475 0.1448
vn 0.9588 -0.1609 -0.2341
vn 0.7071 -0.1458 -0.6919
vn 0.5625 -0.2908 -0.7740
vn 0.9252 -0.2314 -0.3007
vn 0.9172 0.2536 0.3075
vn 0.5534 0.6812 0.4794
vn 0.5306 0.8472 -0.0273
vn 0.5613 -0.3695 0.7405
vn 0.4602 0.0145 0.8877
vn 0.5621 0.5135 0.6484
vn 0.3121 0.6351 0.7066
vn 0.4498 -0.3194 0.8341
vn 0.1285 0.6770 0.7247
vn 0.5581 0.0452 0.8285
vn 0.2349 0.5752 0.7836
vn 0.1321 -0.4510 -0.8827
vn 0.9084 -0.4069 -0.0963
vn 0.4710 -0.5596 -0.6819
vn -0.2782 -0.2700 -0.9218
vn 0.4615 -0.4937 -0.7371
vn -0.4052 -0.2245 -0.8862
vn -0.3321 -0.5102 -0.7933
vn 0.3070 -0.8314 -0.4631
vn 0.9372 0.1204 0.3274
vn 0.4303 -0.8309 0.3527
vn 0.8378 0.2387 0.4911
vn 0.3827 0.6039 0.6992
vn 0.0858 0.6236 0.7770
vn 0.3077 0.5675 0.7637
vn 0.4716 0.6071 0.6395
vn 0.8229 -0.0416 0.5666
vn 0.8722 0.4842 0.0689
vn 0.2261 0.6579 0.7184
vn 0.5504 0.8343 -0.0327
vn 0.1321 0.7927 0.5952
vn 0.3859 0.9073 -0.1672
vn 0.1593 0.8634 0.4786
vn 0.4007 0.8995 -0.1745
vn 0.0897 0.6699 0.7370
vn 0.2348 0.5751 -0.7837
vn 0.3076 0.5675 -0.7638
vn 0.8231 -0.0415 -0.5664
vn 0.5587 0.0453 -0.8281
vn 0.1284 0.6770 -0.7247
vn 0.4522 -0.3189 -0.8329
vn 0.3123 0.6351 -0.7065
vn 0.4611 0.0145 -0.8872
vn 0.5621 0.5136 -0.6483
vn 0.5588 -0.3706 -0.7419
vn 0.9372 0.1202 -0.3276
vn 0.4293 -0.8316 -0.3524
vn 0.3075 -0.8329 0.4601
vn 0.4614 -0.4938 0.7370
vn -0.3321 -0.5102 0.7933
vn -0.4050 -0.2244 0.8864
vn -0.2782 -0.2703 0.9217
vn 0.4703 -0.5606 0.6816
vn 0.9084 -0.4068 0.0963
vn 0.1321 -0.4509 0.8828
vn 0.7071 -0.1457 0.6919
vn 0.9681 -0.0196 0.2499
vn 0.5624 -0.2908 0.7740
vn 0.9252 -0.2317 0.3006
vn 0.8377 0.2387 -0.4911
vn 0.9586 -0.1613 0.2345
vn 0.9580 0.2475 -0.1448
vn 0.8738 0.4862 -0.0078
vn 0.5534 0.6812 -0.4793
vn 0.5291 0.8483 0.0235
vn 0.1593 0.8634 -0.4786
vn 0.4010 0.9000 0.1707
vn 0.3891 0.9060 0.1668
vn 0.1321 0.7926 -0.5952
vn 0.5503 0.8343 0.0327
vn 0.2261 0.6579 -0.7184
vn 0.8723 0.4840 -0.0690
vn 0.9171 0.2540 -0.3073
vn 0.3826 0.6040 -0.6991
vn 0.4717 0.6072 -0.6394
vn 0.0897 0.6699 -0.7370
vn 0.0857 0.6236 -0.7770
vn -0.7137 0.6231 0.3200
vn -0.7656 0.5927 0.2501
vn -0.8609 0.4775 0.1754
vn -0.8943 0.3571 0.2696
vn -0.9879 0.1060 0.1134
vn -0.9939 0.0118 0.1096
vn -0.9412 -0.3256 0.0900
vn -0.7136 0.6232 0.3200
vn -0.6617 0.7429 0.1013
vn -0.5958 0.7244 0.3468
vn -0.5032 0.7408 0.4450
vn -0.3155 0.8342 0.4523
vn -0.2148 -0.7131 -0.6673
vn -0.2024 -0.7318 -0.6507
vn -0.6915 -0.5019 -0.5196
vn -0.5218 -0.6104 -0.5960
vn -0.9331 -0.1175 -0.3398
vn -0.6879 -0.4674 -0.5553
vn -0.9645 -0.1215 -0.2344
vn -0.6245 -0.7697 -0.1326
vn -0.4093 -0.8558 -0.3163
vn 0.4303 -0.8309 0.3527
vn -0.1869 -0.9723 -0.1405
vn 0.5614 -0.3695 0.7405
vn 0.0192 -0.9951 -0.0973
vn 0.4603 0.0145 0.8877
vn 0.4497 -0.3194 0.8341
vn 0.1554 -0.9531 -0.2596
vn 0.3505 -0.9193 -0.1789
vn -0.0389 -0.7273 -0.6852
vn -0.1209 -0.6736 -0.7291
vn -0.0311 -0.6764 -0.7359
vn -0.0350 -0.7159 -0.6973
vn 0.8722 0.4843 0.0689
vn 0.8230 -0.0415 0.5666
vn 0.4731 -0.6409 -0.6045
vn 0.4007 0.8994 -0.1745
vn 0.4325 0.4209 -0.7974
vn 0.5306 0.8472 -0.0274
vn 0.3708 0.1059 -0.9227
vn 0.3859 0.9073 -0.1671
vn 0.1605 -0.1802 -0.9705
vn 0.5504 0.8343 -0.0326
vn 0.7381 -0.6731 0.0477
vn 0.5581 0.0452 0.8285
vn 0.0195 -0.6108 -0.7915
vn 0.0896 -0.5903 -0.8022
vn -0.8875 0.2553 -0.3835
vn -0.6054 -0.3167 -0.7302
vn -0.1795 -0.4862 -0.8552
vn 0.2598 0.1290 -0.9570
vn 0.0698 0.5081 -0.8584
vn 0.8738 0.4862 0.0039
vn 0.4484 0.7250 -0.5228
vn -0.7918 0.6108 -0.0000
vn -0.9311 0.3637 0.0274
vn -0.9890 0.1296 0.0706
vn -0.8416 -0.5273 -0.1167
vn 0.7071 -0.1458 -0.6919
vn 0.1183 0.9196 -0.3746
vn -0.1258 0.3576 -0.9254
vn -0.3156 0.8342 -0.4522
vn -0.6617 0.7429 -0.1013
vn 0.3070 -0.8314 -0.4631
vn 0.9680 -0.0196 -0.2500
vn -0.3550 -0.7058 -0.6131
vn -0.3321 -0.5102 -0.7933
vn -0.4515 -0.6495 -0.6118
vn -0.6498 -0.6881 -0.3229
vn -0.9412 -0.3257 -0.0899
vn -0.9879 0.1060 -0.1133
vn -0.8609 0.4775 -0.1753
vn -0.8506 0.5256 0.0158
vn -0.7136 0.6232 -0.3200
vn -0.9384 -0.3456 0.0039
vn -0.9412 -0.3257 -0.0900
vn -0.7923 -0.5725 -0.2107
vn -0.6499 -0.6880 -0.3229
vn 0.4731 -0.6404 0.6051
vn 0.1605 -0.1802 0.9705
vn -0.1208 -0.6736 0.7291
vn 0.3503 -0.9186 0.1828
vn 0.7379 -0.6732 -0.0479
vn 0.8231 -0.0415 -0.5664
vn 0.8723 0.4841 -0.0691
vn 0.5503 0.8344 0.0326
vn 0.3891 0.9060 0.1668
vn 0.3742 0.1057 0.9213
vn 0.4010 0.9000 0.1708
vn 0.4324 0.4207 0.7975
vn 0.5587 0.0453 -0.8281
vn 0.4522 -0.3189 -0.8329
vn 0.5291 0.8482 0.0236
vn 0.2602 0.1302 0.9567
vn 0.0896 -0.5904 0.8022
vn 0.0195 -0.6108 0.7915
vn -0.0311 -0.6764 0.7358
vn -0.0389 -0.7273 0.6852
vn 0.1557 -0.9530 0.2597
vn 0.0192 -0.9951 0.0973
vn 0.4611 0.0145 -0.8872
vn 0.5588 -0.3705 -0.7419
vn -0.1873 -0.9726 0.1375
vn 0.4293 -0.8316 -0.3524
vn -0.4092 -0.8559 0.3162
vn -0.0350 -0.7159 0.6973
vn -0.5218 -0.6104 0.5960
vn -0.2025 -0.7318 0.6508
vn -0.6915 -0.5019 0.5195
vn -0.2159 -0.7124 0.6677
vn -0.6050 -0.3170 0.7304
vn -0.1796 -0.4864 0.8551
vn 0.0696 0.5081 0.8585
vn -0.8885 0.2542 0.3819
vn -0.9331 -0.1176 0.3398
vn -0.6879 -0.4674 0.5553
vn -0.7919 0.6106 -0.0001
vn 0.1182 0.9196 0.3747
vn 0.4471 0.7269 0.5213
vn -0.6247 -0.7695 0.1327
vn -0.9645 -0.1215 0.2344
vn -0.9311 0.3639 -0.0273
vn -0.6617 0.7429 0.1012
vn -0.3155 0.8342 0.4523
vn -0.1221 0.3576 0.9258
vn 0.7071 -0.1457 0.6920
vn 0.9681 -0.0196 0.2500
vn 0.8738 0.4862 -0.0077
vn -0.7137 0.6231 0.3200
vn -0.8609 0.4776 0.1753
vn -0.8416 -0.5274 0.1166
vn -0.9891 0.1295 -0.0704
vn -0.8506 0.5255 -0.0158
vn -0.9879 0.1060 0.1133
vn -0.9412 -0.3256 0.0900
vn -0.6498 -0.6881 0.3229
vn -0.3550 -0.7058 0.6130
vn 0.3075 -0.8329 0.4601
vn -0.3321 -0.5102 0.7933
vn 0.2724 -0.9622 0.0000
vn 0.4361 -0.8999 0.0001
vn 0.2600 -0.9192 0.2959
vn 0.2564 -0.9215 0.2917
vn 0.1905 -0.9029 0.3853
vn -0.7938 -0.1365 0.5927
vn -0.1868 -0.8890 0.4182
vn -0.9671 0.2439 0.0730
vn -0.5451 -0.8384 -0.0034
vn 0.0815 -0.9947 0.0622
vn 0.4363 -0.7950 0.4214
vn 0.6310 -0.7750 -0.0349
vn 0.1176 -0.2834 0.9518
vn -0.5117 0.1781 0.8405
vn -0.0078 0.9852 0.1715
vn 0.3740 0.8777 0.2995
vn 0.4319 0.8953 -0.1092
vn -0.0506 0.9720 -0.2295
vn -0.0049 0.9432 -0.3321
vn -0.5730 0.5358 -0.6201
vn -0.9671 0.2438 0.0729
vn -0.5451 -0.8383 -0.0034
vn -0.9127 0.1712 -0.3711
vn -0.7370 -0.4837 -0.4721
vn -0.7321 0.3346 -0.5934
vn -0.6214 0.1942 -0.7590
vn -0.3887 0.9022 -0.1867
vn 0.0703 0.9972 0.0235
vn -0.7429 -0.2158 -0.6337
vn -0.4631 -0.8326 -0.3038
vn 0.0814 -0.9947 0.0622
vn 0.0225 -0.9271 -0.3743
vn 0.6310 -0.7750 -0.0350
vn 0.8359 -0.5018 -0.2225
vn 0.3121 -0.6391 -0.7029
vn 0.9697 -0.1569 -0.1874
vn 0.6054 -0.1294 -0.7853
vn 0.9966 0.0587 -0.0586
vn 0.6788 0.3801 -0.6283
vn 0.9762 0.1957 0.0937
vn 0.6194 0.7552 -0.2145
vn 0.9401 0.2231 0.2579
vn 0.4719 0.8152 0.3357
vn -0.0860 -0.0470 -0.9952
vn -0.3397 -0.4156 -0.8437
vn -0.5615 -0.5617 -0.6076
vn -0.7833 0.2308 -0.5772
vn -0.6355 0.7664 -0.0938
vn 0.1169 0.9116 0.3941
vn -0.2892 0.8039 0.5197
vn 0.2971 0.4420 0.8464
vn -0.4913 0.4819 0.7256
vn 0.2497 0.1960 0.9483
vn -0.6325 0.0391 0.7736
vn 0.0702 -0.1332 0.9886
vn 0.4630 0.1688 0.8701
vn 0.7734 -0.3572 0.5238
vn 0.8589 -0.2231 0.4611
vn 0.8034 -0.2074 0.5582
vn 0.0039 -0.5559 0.8313
vn 0.7514 -0.3616 0.5519
vn 0.9005 0.2425 0.3609
vn 0.9305 0.1837 0.3168
vn 0.8569 0.1728 -0.4856
vn 0.8950 -0.3140 -0.3168
vn 0.9401 0.2231 0.2579
vn 0.8358 -0.5485 0.0236
vn 0.9762 0.1957 0.0938
vn 0.7692 -0.5288 0.3589
vn 0.9966 0.0587 -0.0585
vn 0.9697 -0.1570 -0.1873
vn 0.8359 -0.5018 -0.2224
vn -0.5770 0.3058 -0.7573
vn -0.7624 0.2628 -0.5913
vn -0.0901 -0.3371 -0.9372
vn -0.4449 -0.4900 -0.7497
vn 0.3347 -0.8064 -0.4875
vn 0.1047 -0.9151 -0.3894
vn -0.8256 -0.3918 -0.4060
vn -0.2686 -0.9536 -0.1362
vn 0.0821 -0.7902 0.6073
vn 0.3777 -0.8917 0.2496
vn -0.6460 -0.7115 0.2765
vn 0.4128 -0.8725 0.2615
vn 0.3386 -0.8918 0.3002
vn 0.2293 -0.9297 0.2882
vn 0.3384 -0.7855 -0.5182
vn 0.0465 -0.1996 -0.9788
vn -0.3892 0.4069 -0.8264
vn -0.7100 0.6667 -0.2267
vn -0.6978 0.6466 -0.3081
vn -0.6048 0.6466 0.4648
vn -0.7530 0.5017 0.4257
vn -0.2960 0.2113 0.9315
vn -0.4875 0.0706 0.8703
vn -0.4584 -0.7744 -0.4361
vn -0.8618 -0.4665 -0.1991
vn -0.5264 -0.3497 -0.7750
vn -0.7909 0.0274 -0.6114
vn -0.9922 -0.0018 0.1245
vn -0.8997 0.3627 -0.2430
vn -0.2610 -0.6334 0.7285
vn -0.6343 -0.7288 0.2578
vn 0.0271 -0.9728 0.2299
vn -0.3198 -0.9470 -0.0312
vn 0.1323 -0.8327 -0.5376
vn -0.4583 -0.7744 -0.4361
vn -0.0197 -0.2586 -0.9658
vn -0.4012 0.4030 -0.8226
vn -0.7050 0.6185 -0.3469
vn -0.8195 0.4156 0.3945
vn -0.6090 0.0078 0.7931
vn -0.8245 -0.3439 0.4492
vn -0.6344 -0.7288 0.2577
vn -0.3198 -0.9470 -0.0312
vn -0.1445 -0.4855 0.8622
vn 0.9305 0.1838 0.3168
vn 0.3671 0.5448 0.7539
vn 0.9005 0.2425 0.3609
vn 0.4115 0.0934 0.9066
vn 0.8290 0.3615 0.4268
vn 0.6373 -0.2972 0.7110
vn 0.6133 0.4977 0.6133
vn 0.7108 -0.2896 0.6410
vn 0.1486 0.4591 0.8759
vn 0.4256 -0.3054 0.8518
vn -0.2959 0.2113 0.9315
vn 0.0350 -0.4070 0.9127
vn -0.4874 0.0705 0.8703
vn -0.6089 0.0078 0.7932
vn -0.8245 -0.3440 0.4492
vn -0.3085 -0.0471 0.9501
vn -0.3544 0.7004 0.6196
vn -0.1981 0.9713 0.1320
vn -0.0466 0.8973 -0.4390
vn 0.0078 0.4658 -0.8849
vn -0.8354 0.0551 -0.5469
vn -0.7774 0.1215 -0.6171
vn -0.7264 0.3329 -0.6013
vn -0.7510 0.5165 -0.4113
vn -0.8152 0.5638 -0.1327
vn -0.8672 0.4511 0.2109
vn -0.8672 -0.0814 0.4912
vn -0.9360 -0.2128 -0.2803
vn -0.9481 -0.1286 -0.2909
vn -0.9354 -0.1570 -0.3169
vn -0.9386 -0.2196 -0.2662
vn -0.9747 -0.2046 -0.0905
vn -0.9968 -0.0438 0.0663
vn -0.9751 0.1645 0.1485
vn -0.8931 0.4311 0.1286
vn -0.6790 -0.4038 0.6131
vn -0.6126 -0.7596 0.2185
vn -0.4514 -0.8433 -0.2918
vn -0.3433 -0.5912 -0.7298
vn -0.3828 -0.0978 -0.9186
vn -0.6355 0.3213 -0.7021
vn -0.8131 0.3922 -0.4301
vn 0.0857 -0.9137 0.3971
vn 0.2375 -0.9532 -0.1869
vn 0.3708 -0.6070 -0.7029
vn 0.3360 0.0196 -0.9417
vn 0.0547 0.7317 -0.6794
vn -0.3933 0.8871 -0.2414
vn -0.6624 0.7319 -0.1602
vn 0.6200 0.7589 -0.1991
vn 0.1677 0.9648 0.2026
vn -0.2810 0.8543 0.4374
vn 0.1486 0.4592 0.8758
vn 0.6133 0.4977 0.6133
vn 0.8290 0.3615 0.4267
vn 0.2304 0.0313 -0.9726
vn 0.1955 0.1689 -0.9661
vn 0.5261 0.2427 -0.8151
vn -0.1753 0.0547 -0.9830
vn 0.1952 0.2115 -0.9577
vn -0.0234 0.3104 -0.9503
vn 0.0742 0.4660 -0.8817
vn 0.0039 0.2233 -0.9748
vn 0.0584 0.2897 -0.9553
vn 0.0858 -0.2507 -0.9643
vn 0.1641 -0.2001 -0.9659
vn 0.0391 -0.2707 -0.9619
vn 0.1635 -0.6692 -0.7248
vn -0.0508 -0.2431 -0.9687
vn -0.1173 0.2628 -0.9577
vn -0.2499 0.1652 -0.9541
vn -0.2693 0.2937 -0.9172
vn -0.3549 0.2861 -0.8901
vn -0.4648 0.2785 -0.8405
vn 0.2682 0.9487 -0.1674
vn -0.0975 0.6771 -0.7294
vn 0.0928 0.9753 -0.2005
vn -0.1915 0.2277 -0.9547
vn -0.0662 0.1684 -0.9835
vn -0.1054 -0.1413 -0.9843
vn 0.0507 -0.2156 -0.9752
vn 0.1478 -0.7507 -0.6439
vn -0.3941 0.6311 -0.6681
vn -0.1000 0.9762 -0.1925
vn -0.1796 0.6504 -0.7381
vn 0.5414 0.7934 -0.2780
vn 0.1908 -0.9816 -0.0000
vn 0.4170 -0.9089 -0.0039
vn 0.3700 -0.9159 -0.1557
vn 0.5095 -0.8483 -0.1442
vn 0.3421 -0.7969 -0.4979
vn 0.2334 -0.9724 -0.0039
vn 0.2731 -0.7413 -0.6131
vn -0.0192 -0.7888 -0.6144
vn 0.2064 -0.9740 -0.0938
vn -0.0427 -0.9991 0.0000
vn -0.2138 -0.7742 -0.5958
vn -0.1441 -0.7049 -0.6945
vn 0.0661 -0.7720 -0.6322
vn 0.0429 -0.9957 -0.0818
vn 0.0348 -0.9994 0.0001
vn -0.0584 -0.9978 -0.0314
vn -0.3938 0.1606 -0.9051
vn -0.4024 -0.0314 -0.9149
vn -0.3793 0.1574 -0.9118
vn -0.3631 0.1020 -0.9261
vn 0.0977 -0.5171 -0.8503
vn 0.0897 -0.3172 -0.9441
vn -0.0701 -0.5756 -0.8147
vn -0.0235 -0.2555 -0.9665
vn -0.1170 0.0435 -0.9922
vn -0.0234 0.0235 -0.9994
vn 0.1093 0.0588 -0.9923
vn 0.2224 -0.1378 -0.9652
vn 0.2460 -0.2985 -0.9222
vn 0.1517 -0.4852 -0.8611
vn -0.2221 -0.7288 -0.6477
vn -0.2958 -0.6181 -0.7283
vn -0.1879 -0.3783 -0.9064
vn -0.1208 0.1704 -0.9779
vn -0.3780 -0.7328 -0.5658
vn -0.2139 -0.5630 -0.7983
vn -0.2067 0.1882 -0.9601
vn -0.0779 0.0550 -0.9954
vn -0.1760 -0.0628 -0.9824
vn 0.0663 -0.1371 -0.9883
vn 0.2340 -0.0352 -0.9716
vn -0.2925 0.2276 -0.9288
vn -0.3122 0.4787 -0.8206
vn -0.3121 0.3184 -0.8951
vn -0.2262 -0.2229 -0.9482
vn -0.7170 0.6971 -0.0000
vn -0.6651 0.6997 -0.2607
vn -0.6895 0.7243 -0.0001
vn -0.7563 0.6543 0.0001
vn -0.6613 0.6652 -0.3467
vn -0.5606 0.6808 -0.4713
vn -0.4869 0.6693 -0.5612
vn -0.4129 0.6850 -0.6002
vn -0.3788 0.6237 -0.6837
vn -0.2499 0.4389 -0.8631
vn -0.3155 0.8342 -0.4522
vn -0.4051 0.6613 -0.6314
vn -0.1258 0.3576 -0.9254
vn -0.5032 0.7408 -0.4450
vn -0.9996 0.0271 0.0001
vn -0.9903 -0.0859 0.1092
vn -0.9470 -0.3212 0.0000
vn -0.9400 0.3410 -0.0077
vn -0.9182 0.3961 0.0001
vn -0.7963 0.5963 -0.1015
vn -0.8179 0.5753 -0.0000
vn -0.6757 0.6948 -0.2462
vn -0.5958 0.7244 -0.3468
vn -0.9939 0.0118 -0.1096
vn -0.8943 0.3571 -0.2696
vn -0.7656 0.5927 -0.2501
vn -0.7136 0.6232 -0.3200
vn 0.5063 0.2836 0.8144
vn 0.1908 -0.3225 0.9272
vn 0.3469 0.3666 0.8633
vn 0.0067 -0.9715 0.2369
vn 0.6138 -0.7581 -0.2204
vn 0.3459 -0.8518 -0.3935
vn -0.1172 -0.2389 0.9639
vn -0.2258 -0.1877 0.9559
vn -0.4806 -0.0431 0.8759
vn -0.4600 0.1058 0.8816
vn -0.3009 0.2551 0.9189
vn -0.1915 0.2278 0.9547
vn -0.1055 -0.1413 0.9843
vn -0.0663 0.1684 0.9835
vn 0.1477 -0.7507 0.6440
vn 0.0508 -0.2156 0.9752
vn 0.1952 -0.0158 0.9806
vn -0.1253 -0.1099 0.9860
vn -0.0860 0.1177 0.9893
vn -0.4656 0.0272 0.8846
vn -0.5157 -0.0314 0.8562
vn -0.8205 -0.0319 0.5708
vn -0.7540 -0.0197 0.6566
vn 0.1443 0.0746 0.9867
vn -0.1603 0.2163 0.9631
vn 0.1954 0.1689 0.9661
vn -0.2225 0.0628 0.9729
vn -0.4908 0.1917 0.8499
vn -0.5790 0.0394 0.8144
vn -0.8209 0.0943 0.5632
vn -0.8007 0.0354 0.5980
vn -0.9611 0.0550 0.2705
vn -0.8532 0.0275 0.5209
vn -0.9593 0.0275 0.2809
vn -0.5865 0.0080 0.8099
vn -0.1871 0.0822 0.9789
vn 0.1013 0.2349 0.9667
vn 0.3700 0.3484 0.8612
vn 0.0585 0.1845 0.9811
vn 0.1327 0.0784 0.9880
vn 0.4330 0.2196 0.8742
vn 0.4737 -0.0278 0.8803
vn -0.9383 -0.3457 -0.0039
vn -0.7929 -0.5730 0.2071
vn -0.9412 -0.3257 0.0900
vn -0.6498 -0.6881 0.3229
vn -0.0975 0.6771 0.7294
vn -0.1795 0.6504 0.7381
vn 0.0879 0.9734 0.2114
vn 0.2681 0.9488 0.1672
vn -0.7119 0.1728 0.6807
vn -0.4994 0.3410 0.7964
vn -0.3943 0.6311 0.6680
vn -0.1095 0.9749 0.1940
vn 0.5099 0.8163 0.2715
vn -0.0147 0.9999 -0.0075
vn 0.2262 0.9736 -0.0319
vn -0.6120 0.5719 0.5462
vn -0.8028 0.5485 0.2339
vn -0.7012 0.3720 0.6082
vn -0.8554 0.3689 0.3636
vn -0.3692 0.9293 -0.0000
vn -0.4896 0.8716 0.0246
vn -0.9026 0.1962 0.3832
vn -0.9414 0.3374 0.0001
vn -0.8609 0.5088 -0.0000
vn -0.9671 0.2439 0.0729
vn -0.7937 -0.1365 0.5928
vn -0.5117 0.1781 0.8405
vn -0.0078 0.9851 0.1715
vn 0.0702 0.9972 0.0235
vn -0.9998 0.0198 0.0001
vn -0.9362 0.0744 0.3435
vn -0.9899 0.1417 0.0000
vn -0.7850 0.0512 0.6174
vn -0.9478 -0.0432 0.3160
vn -0.9963 -0.0862 0.0001
vn -0.9751 -0.0548 0.2148
vn -0.9986 -0.0538 0.0000
vn -0.9993 0.0378 0.0000
vn -0.7972 0.3848 0.4651
vn -0.9295 0.3688 0.0040
vn -0.9486 -0.0041 0.3164
vn -0.7809 0.5024 0.3712
vn -0.8211 0.5708 0.0001
vn -0.9018 0.2902 0.3203
vn -0.9772 0.2124 -0.0000
vn -0.9738 0.0120 0.2269
vn -1.0000 -0.0002 0.0000
vn -0.9982 0.0592 0.0000
vn 0.2102 0.6647 0.7169
vn 0.0742 0.4660 0.8817
vn 0.0584 0.2897 0.9553
vn 0.3893 0.5635 0.7286
vn 0.1952 0.2115 0.9577
vn 0.5261 0.2427 0.8151
vn 0.2304 0.0314 0.9726
vn -0.1753 0.0548 0.9830
vn -0.2225 0.1880 0.9566
vn -0.5948 0.0906 0.7988
vn -0.8517 0.0901 0.5162
vn -0.7505 0.2710 0.6028
vn 0.0856 -0.2504 0.9644
vn 0.1640 -0.2001 0.9659
vn 0.0039 0.2233 0.9748
vn -0.0234 0.3105 0.9503
vn 0.0391 -0.2707 0.9618
vn 0.1636 -0.6692 0.7249
vn -0.0509 -0.2430 0.9687
vn -0.1173 0.2628 0.9577
vn -0.2692 0.2937 0.9172
vn -0.4613 0.2826 0.8411
vn -0.5675 0.0901 0.8185
vn -0.6475 0.3296 0.6871
vn -0.2500 0.1652 0.9540
vn -0.3549 0.2861 0.8901
vn -0.7543 0.1997 0.6255
vn -0.6713 0.1960 0.7148
vn -0.5307 0.0197 0.8473
vn -0.2417 -0.2039 0.9487
vn -0.1791 -0.3594 0.9158
vn 0.0740 -0.7047 0.7056
vn -0.0312 -0.6301 0.7759
vn 0.3073 -0.7544 0.5800
vn 0.1752 -0.8398 0.5139
vn -0.1976 -0.5714 0.7965
vn -0.4335 -0.4748 0.7659
vn -0.2267 -0.2123 0.9506
vn -0.0897 -0.4951 0.8642
vn -0.0546 -0.6163 0.7856
vn 0.0155 -0.7662 0.6424
vn 0.4516 -0.8136 0.3662
vn 0.1907 -0.9816 0.0000
vn 0.1713 -0.9852 -0.0000
vn 0.3767 -0.9132 0.1553
vn 0.3466 -0.7944 0.4987
vn 0.0623 -0.2862 0.9561
vn 0.1443 -0.4782 0.8663
vn -0.0192 -0.7887 0.6144
vn -0.1440 -0.7049 0.6945
vn -0.2139 -0.5630 0.7983
vn -0.2261 -0.2230 0.9482
vn -0.0623 0.0864 0.9943
vn -0.3596 0.2199 0.9068
vn -0.4606 0.5053 0.7297
vn -0.7845 0.1918 0.5897
vn -0.2218 0.7232 0.6541
vn -0.3429 0.7442 0.5733
vn -0.3787 0.6238 0.6837
vn -0.4868 0.6693 0.5612
vn -0.7562 0.6543 0.0001
vn -0.6615 0.6650 0.3467
vn -0.5943 0.8042 0.0000
vn -0.4320 0.8018 0.4130
vn -0.3119 0.7603 0.5697
vn -0.2065 0.4547 0.8664
vn -0.2498 0.4389 0.8631
vn -0.5665 0.8240 0.0003
vn -0.7924 0.4336 0.4291
vn -0.9949 -0.1011 -0.0001
vn -0.2057 0.9169 0.3420
vn -0.3114 0.9503 0.0001
vn 0.5159 0.0194 0.8565
vn -0.5805 -0.4893 0.6509
vn -0.5769 -0.6074 0.5461
vn -0.6085 -0.5135 0.6050
vn -0.4516 -0.6494 0.6118
vn -0.3321 -0.5102 0.7933
vn -0.4755 -0.4349 0.7647
vn -0.4015 -0.2681 0.8758
vn -0.5470 -0.3454 0.7626
vn -0.5153 -0.1723 0.8395
vn -0.2969 -0.1805 0.9377
vn -0.4956 -0.0549 0.8668
vn -0.5848 -0.0785 0.8074
vn -0.5763 -0.2581 0.7754
vn -0.4051 -0.2244 0.8863
vn -0.5580 -0.5415 0.6288
vn -0.4604 -0.4078 0.7885
vn -0.2344 -0.3611 0.9026
vn 0.2966 -0.4551 0.8396
vn 0.2378 -0.4074 0.8817
vn 0.3980 -0.2898 0.8704
vn 0.2463 -0.2949 0.9232
vn 0.3560 -0.1102 0.9280
vn 0.5234 -0.1139 0.8444
vn 0.2262 -0.1377 0.9643
vn 0.0897 -0.3172 0.9441
vn 0.0352 -0.5718 0.8197
vn 0.1791 -0.4714 0.8635
vn 0.2028 -0.4733 0.8573
vn 0.1869 -0.5322 0.8258
vn 0.0350 -0.8135 0.5805
vn -0.0273 -0.2547 0.9667
vn -0.0626 -0.5381 0.8406
vn -0.1944 -0.7237 0.6622
vn 0.1212 -0.5293 0.8397
vn 0.0899 -0.7597 0.6441
vn -0.0584 -0.9978 0.0314
vn 0.2139 -0.9766 0.0233
vn 0.0349 -0.9994 -0.0000
vn 0.5363 -0.8440 -0.0000
vn 0.6183 -0.7584 0.2062
vn -0.0427 -0.9991 -0.0000
vn 0.0429 -0.9957 0.0819
vn 0.0974 -0.6772 0.7293
vn 0.2334 -0.9724 -0.0039
vn 0.1945 -0.9764 0.0936
vn 0.0624 -0.7722 0.6324
vn -0.2025 -0.7130 0.6713
vn 0.4170 -0.9089 -0.0039
vn 0.5067 -0.8499 0.1443
vn 0.2680 -0.7421 0.6144
vn 0.1908 -0.9816 0.0000
vn 0.3768 -0.9132 0.1553
vn 0.3466 -0.7944 0.4987
vn -0.0192 -0.7887 0.6144
vn -0.2138 -0.7742 0.5958
vn -0.1441 -0.7050 0.6945
vn -0.3815 -0.7316 0.5650
vn -0.2140 -0.5630 0.7983
vn -0.2959 -0.6181 0.7283
vn -0.2261 -0.2230 0.9482
vn -0.1874 -0.3770 0.9071
vn -0.3122 0.3185 0.8950
vn -0.1210 0.1704 0.9779
vn -0.3123 0.4786 0.8206
vn -0.1172 0.0435 0.9922
vn -0.2925 0.2275 0.9288
vn -0.0235 0.0313 0.9992
vn 0.1093 0.0588 0.9923
vn 0.2340 -0.0391 0.9715
vn 0.2966 -0.2037 0.9330
vn 0.1952 -0.2983 0.9343
vn 0.1637 -0.3757 0.9122
vn 0.2768 -0.4544 0.8467
vn 0.3121 -0.5177 0.7966
vn 0.2528 -0.5632 0.7867
vn 0.1561 -0.4512 0.8787
vn -0.1285 -0.3487 0.9284
vn -0.2104 0.1881 0.9593
vn -0.0779 0.0511 0.9957
vn 0.0664 -0.1371 0.9883
vn 0.1876 -0.3140 0.9307
vn 0.0235 -0.2155 0.9762
vn -0.0624 -0.2586 0.9640
vn -0.3713 -0.3493 0.8603
vn -0.0624 -0.4510 0.8903
vn -0.1760 -0.0627 0.9824
vn -0.3632 0.1020 0.9261
vn -0.3938 0.1606 0.9051
vn -0.4024 -0.0314 0.9149
vn -0.3795 0.1574 0.9117
vn -0.1221 0.3577 0.9258
vn -0.4051 0.6613 0.6313
vn -0.3155 0.8342 0.4523
vn -0.5032 0.7408 0.4450
vn -0.4129 0.6850 0.6002
vn -0.8179 0.5753 0.0000
vn -0.7963 0.5963 0.1015
vn -0.6895 0.7243 0.0000
vn -0.9182 0.3961 0.0001
vn -0.9400 0.3410 0.0077
vn -0.9996 0.0271 0.0001
vn -0.9903 -0.0859 -0.1091
vn -0.9470 -0.3212 -0.0000
vn -0.9424 -0.3262 -0.0743
vn -0.9384 -0.3456 -0.0040
vn -0.5579 0.6822 0.4726
vn -0.5958 0.7244 0.3468
vn -0.6652 0.6997 0.2607
vn -0.6756 0.6949 0.2462
vn -0.7136 0.6232 0.3200
vn -0.7656 0.5927 0.2501
vn -0.9939 0.0118 0.1095
vn -0.8943 0.3571 0.2696
vn -0.7170 0.6971 0.0001
vn -0.7563 0.6543 0.0001
vn -0.6616 0.6650 0.3466
vn -0.4869 0.6693 0.5612
vn -0.3788 0.6237 0.6837
vn -0.2499 0.4389 0.8631
vn -0.9412 -0.3256 0.0900
vn -0.4516 -0.6495 0.6118
vn -0.3321 -0.5102 0.7933
vn -0.3550 -0.7058 0.6130
vn -0.6497 -0.6882 0.3230
vn 0.2102 0.6647 -0.7169
vn 0.3894 0.5635 -0.7286
vn 0.1904 -0.9029 -0.3853
vn 0.2601 -0.9191 -0.2959
vn 0.2564 -0.9215 -0.2916
vn 0.3420 -0.7970 -0.4979
vn 0.3699 -0.9159 -0.1558
vn -0.1440 -0.7049 -0.6945
vn -0.2139 -0.5630 -0.7983
vn 0.1443 -0.4782 -0.8663
vn 0.0119 -0.7662 -0.6425
vn -0.0192 -0.7888 -0.6143
vn 0.1752 -0.8398 -0.5139
vn 0.4515 -0.8136 -0.3662
vn 0.2724 -0.9622 -0.0000
vn 0.4361 -0.8999 0.0001
vn 0.1713 -0.9852 -0.0001
vn 0.1907 -0.9816 -0.0000
vn -0.0312 -0.6302 -0.7758
vn 0.0741 -0.7046 -0.7058
vn 0.3073 -0.7545 -0.5800
vn -0.0586 -0.6162 -0.7854
vn -0.0897 -0.4949 -0.8643
vn 0.0623 -0.2861 -0.9562
vn -0.2262 -0.2229 -0.9483
vn -0.1976 -0.5712 -0.7966
vn -0.1790 -0.3594 -0.9158
vn -0.2418 -0.2035 -0.9487
vn -0.4336 -0.4748 -0.7658
vn -0.2267 -0.2122 -0.9506
vn -0.0624 0.0864 -0.9943
vn -0.2066 0.4546 -0.8664
vn -0.2498 0.4389 -0.8631
vn -0.2219 0.7232 -0.6540
vn -0.3788 0.6237 -0.6837
vn -0.3384 0.7469 -0.5724
vn -0.4869 0.6693 -0.5612
vn -0.4320 0.8017 -0.4130
vn -0.3191 0.7551 -0.5727
vn -0.2057 0.9169 -0.3420
vn -0.4646 0.5015 -0.7298
vn -0.3595 0.2199 -0.9069
vn -0.5307 0.0196 -0.8474
vn -0.6682 0.2042 -0.7154
vn -0.7840 0.1956 -0.5892
vn -0.7965 0.4298 -0.4253
vn -0.9486 -0.0080 -0.3164
vn -0.7530 0.1955 -0.6283
vn -0.6613 0.6652 -0.3467
vn -0.7562 0.6543 0.0000
vn -0.5943 0.8042 -0.0001
vn -0.3114 0.9503 -0.0001
vn -0.5665 0.8240 0.0003
vn -0.9949 -0.1011 -0.0002
vn -0.9295 0.3688 0.0039
vn -0.8039 0.3762 -0.4607
vn -0.7763 0.5097 -0.3709
vn -0.7508 0.2706 -0.6025
vn -0.9047 0.2899 -0.3123
vn -0.8520 0.0863 -0.5163
vn -0.6523 0.3183 -0.6879
vn -0.5654 0.0937 -0.8195
vn -0.2225 0.1880 -0.9566
vn -0.5906 0.0867 -0.8023
vn -0.8206 0.0983 -0.5630
vn -0.4879 0.1922 -0.8515
vn -0.1604 0.2164 -0.9630
vn 0.1442 0.0745 -0.9867
vn 0.5159 0.0195 -0.8564
vn 0.1327 0.0784 -0.9880
vn -0.2225 0.0628 -0.9729
vn 0.0586 0.1846 -0.9811
vn 0.4330 0.2196 -0.8742
vn -0.1171 -0.2390 -0.9639
vn 0.1914 -0.3235 -0.9266
vn -0.1253 -0.1099 -0.9860
vn 0.1988 -0.0236 -0.9798
vn 0.3472 0.3667 -0.8631
vn 0.1013 0.2349 -0.9667
vn 0.3700 0.3484 -0.8612
vn -0.1870 0.0821 -0.9789
vn -0.5865 0.0079 -0.8099
vn -0.5771 0.0431 -0.8155
vn -0.8006 0.0393 -0.5979
vn 0.4733 -0.0276 -0.8804
vn -0.4656 0.0274 -0.8846
vn -0.0860 0.1138 -0.9898
vn 0.5084 0.2838 -0.8130
vn -0.9747 0.0120 -0.2233
vn -0.9611 0.0550 -0.2705
vn -0.8532 0.0275 -0.5209
vn -0.8206 -0.0347 -0.5705
vn -0.5157 -0.0353 -0.8560
vn -0.4806 -0.0431 -0.8759
vn -0.2260 -0.1840 -0.9566
vn 0.0069 -0.9715 -0.2368
vn 0.6136 -0.7583 0.2201
vn 0.3459 -0.8518 0.3935
vn -0.3008 0.2551 -0.9190
vn -0.4600 0.1058 -0.8816
vn -0.7539 -0.0237 -0.6566
vn -0.9593 0.0275 -0.2809
vn -0.8211 0.5708 -0.0000
vn -0.9772 0.2124 -0.0001
vn -1.0000 -0.0002 -0.0001
vn -0.9982 0.0592 -0.0000
vn -0.9993 0.0378 -0.0000
vn -0.9751 -0.0550 -0.2148
vn -0.9477 -0.0432 -0.3161
vn -0.7869 0.0513 -0.6149
vn -0.7098 0.1725 -0.6829
vn -0.4994 0.3410 -0.7964
vn -0.9998 0.0198 -0.0001
vn -0.9899 0.1417 -0.0001
vn -0.9374 0.0744 -0.3401
vn -0.9986 -0.0538 -0.0000
vn -0.9963 -0.0862 -0.0001
vn -0.9026 0.1962 -0.3832
vn -0.9414 0.3374 0.0000
vn -0.8554 0.3689 -0.3636
vn -0.7963 0.5610 -0.2265
vn -0.7013 0.3719 -0.6082
vn -0.6121 0.5564 -0.5619
vn -0.8609 0.5088 -0.0001
vn -0.9671 0.2439 0.0729
vn -0.9127 0.1712 -0.3711
vn -0.7321 0.3346 -0.5933
vn -0.4943 0.8688 -0.0285
vn -0.0147 0.9999 -0.0073
vn 0.2262 0.9736 -0.0319
vn -0.3888 0.9022 -0.1866
vn -0.3692 0.9293 0.0001
vn 0.0702 0.9972 0.0235
vn -0.6392 -0.5642 0.5226
vn -0.6754 -0.5492 0.4922
vn -0.6479 -0.5137 0.5625
vn -0.6094 -0.6243 0.4887
vn -0.7135 -0.6192 0.3278
vn -0.7929 -0.5731 0.2072
vn -0.8536 -0.5210 -0.0001
vn -0.9383 -0.3457 -0.0039
vn -0.9424 -0.3262 -0.0743
vn -0.9470 -0.3213 -0.0000
vn -0.8338 -0.5520 -0.0001
vn -0.7093 -0.7049 0.0039
vn -0.6653 -0.7466 -0.0000
vn -0.5337 -0.8457 -0.0000
vn -0.6348 -0.7710 -0.0506
vn -0.5833 -0.8123 -0.0000
vn -0.6112 -0.7860 -0.0935
vn -0.5924 -0.7635 0.2573
vn -0.4746 -0.8601 0.1868
vn -0.5884 -0.7246 0.3588
vn -0.5901 -0.0980 0.8014
vn -0.0955 -0.8511 0.5162
vn -0.8788 -0.0308 0.4762
vn 0.3929 -0.9094 0.1365
vn 0.5686 -0.8181 -0.0859
vn 0.1281 -0.9377 0.3229
vn 0.0964 -0.9646 0.2455
vn 0.1749 -0.9259 0.3348
vn -0.1520 -0.7337 0.6623
vn 0.0857 -0.7677 0.6351
vn 0.0039 -0.5634 0.8262
vn -0.2101 -0.6691 0.7129
vn -0.3895 -0.6848 0.6159
vn -0.3699 -0.6889 0.6234
vn -0.2774 -0.6352 0.7208
vn -0.5151 -0.7252 0.4568
vn -0.2270 -0.7984 0.5577
vn -0.1989 -0.9479 0.2488
vn 0.6425 -0.7084 0.2923
vn -0.1287 -0.9843 0.1204
vn -0.3367 -0.5316 0.7772
vn -0.3196 -0.2938 0.9009
vn 0.0737 -0.9885 0.1321
vn -0.1556 -0.9848 -0.0776
vn -0.1707 -0.7356 0.6555
vn 0.3516 -0.4627 0.8138
vn -0.3156 -0.6653 0.6765
vn 0.4304 -0.3129 0.8467
vn 0.5118 -0.8243 -0.2419
vn -0.3588 -0.9027 -0.2373
vn 0.2917 -0.8284 -0.4781
vn 0.5400 -0.8336 -0.1163
vn 0.2922 -0.8717 0.3935
vn 0.1213 -0.7597 0.6389
vn -0.0198 -0.6784 0.7344
vn -0.4490 -0.4979 0.7420
vn 0.0040 -0.8997 0.4365
vn 0.3582 -0.8602 -0.3629
vn -0.6507 -0.7593 -0.0000
vn -0.7948 -0.5084 0.3312
vn -0.9517 -0.3072 0.0001
vn -0.3204 -0.9197 0.2270
vn -0.2961 -0.9552 -0.0000
vn -0.2719 -0.9623 -0.0001
vn 0.1353 -0.9839 0.1168
vn 0.6854 -0.7211 0.1009
vn 0.0076 -1.0000 -0.0001
vn 0.2297 -0.9573 0.1755
vn 0.6948 -0.3521 0.6272
vn 0.9216 -0.1991 0.3333
vn 0.8496 -0.3834 -0.3622
vn 0.0233 -0.9997 -0.0000
vn -0.0815 -0.9967 0.0000
vn -0.2798 -0.9563 -0.0853
vn -0.3264 -0.9452 -0.0000
vn -0.4042 -0.9142 0.0311
vn -0.3964 -0.9181 0.0000
vn -0.2724 -0.9619 0.0234
vn -0.1673 -0.9859 -0.0000
vn 0.0972 -0.9922 -0.0781
vn -0.0156 -0.9999 -0.0000
vn 0.7008 -0.7134 0.0003
vn 0.9758 -0.0404 -0.2149
vn 0.7093 0.7049 -0.0000
vn 0.6947 0.6786 -0.2383
vn 0.6650 0.5799 -0.4707
vn 0.8487 -0.4768 -0.2291
vn 0.1281 -0.9601 0.2487
vn 0.2878 -0.8573 0.4268
vn -0.2148 -0.7333 0.6450
vn 0.5418 -0.7205 0.4328
vn 0.0047 -0.6772 0.7358
vn 0.4289 -0.5484 0.7178
vn -0.3540 -0.8671 0.3503
vn -0.4280 -0.8174 0.3855
vn -0.4466 -0.8627 0.2372
vn -0.4908 -0.7976 0.3507
vn -0.6328 -0.6843 0.3624
vn -0.7399 -0.6217 0.2568
vn -0.3260 -0.9366 0.1283
vn 0.4338 -0.8377 0.3318
vn -0.2953 -0.9214 0.2526
vn -0.2139 -0.9531 0.2140
vn 0.1319 -0.9713 0.1981
vn 0.0860 -0.9232 0.3745
vn -0.2408 -0.9492 0.2024
vn 0.3153 -0.9019 0.2953
vn 0.1751 -0.9689 0.1750
vn -0.0190 -0.8685 0.4953
vn 0.5079 -0.5575 0.6567
vn 0.0812 -0.8676 0.4906
vn -0.3582 -0.7922 0.4942
vn 0.1629 -0.9278 0.3355
vn 0.5058 -0.7349 0.4517
vn 0.3231 -0.5945 0.7363
vn 0.0703 -0.8055 0.5884
vn 0.2773 -0.7431 0.6090
vn 0.5681 -0.6803 0.4631
vn -0.6497 -0.6881 0.3230
vn -0.4516 -0.6495 0.6117
vn -0.5769 -0.6074 0.5461
vn -0.6085 -0.5135 0.6050
vn -0.5580 -0.5415 0.6288
vn 0.6690 -0.6916 0.2723
vn 0.5685 -0.7775 0.2689
vn 0.6132 -0.6907 0.3832
vn 0.5463 -0.6508 0.5272
vn 0.5222 -0.7894 0.3228
vn 0.5955 -0.7585 0.2646
vn 0.5337 -0.7358 0.4168
vn 0.4252 -0.7215 0.5466
vn 0.4558 -0.6970 0.5535
vn 0.1755 -0.7409 0.6483
vn 0.2497 -0.5679 0.7843
vn -0.3634 -0.5575 0.7464
vn -0.0624 -0.4510 0.8903
vn -0.5999 -0.4186 0.6818
vn -0.3713 -0.3493 0.8603
vn -0.6403 -0.4118 0.6484
vn -0.4605 -0.4078 0.7885
vn 0.4792 -0.7636 0.4328
vn 0.1834 -0.8422 0.5070
vn -0.4253 -0.7330 0.5309
vn -0.6231 -0.6026 0.4987
vn -0.6744 -0.5094 0.5344
vn -0.6466 -0.6026 0.4677
vn -0.6864 -0.6586 0.3084
vn 0.3341 -0.8718 0.3584
vn -0.3232 -0.8533 0.4092
vn -0.5376 -0.7477 0.3897
vn 0.5763 -0.7744 0.2611
vn 0.6194 -0.6943 0.3664
vn 0.6040 -0.5914 0.5343
vn 0.4674 -0.7160 0.5185
vn 0.0467 -0.9492 0.3111
vn -0.3738 -0.8679 0.3271
vn -0.4012 -0.9119 0.0858
vn -0.4595 -0.8882 -0.0000
vn -0.1980 -0.9757 -0.0934
vn -0.3109 -0.9455 0.0973
vn -0.3967 -0.9178 0.0157
vn -0.1826 -0.9831 -0.0079
vn 0.5735 -0.5523 0.6051
vn 0.3004 -0.8738 0.3825
vn -0.0308 -0.9948 0.0971
vn -0.3968 -0.9179 -0.0000
vn -0.1200 -0.9863 -0.1134
vn 0.1320 -0.9890 -0.0661
vn 0.2332 -0.9720 0.0271
vn 0.4317 -0.8984 0.0809
vn 0.5565 -0.7821 0.2804
vn 0.4516 -0.8881 -0.0857
vn 0.5060 -0.8292 0.2376
vn 0.0933 -0.9389 0.3314
vn -0.0703 -0.7447 0.6637
vn -0.1285 -0.8285 0.5451
vn 0.1981 -0.9566 0.2138
vn 0.6777 -0.7353 -0.0000
vn -0.9694 -0.2453 0.0001
vn -0.4086 -0.9127 0.0000
vn -0.0546 -0.9979 0.0350
vn -0.5409 -0.8411 0.0000
vn -0.2613 -0.9121 0.3160
vn -0.2031 -0.9791 0.0000
vn 0.2527 -0.9676 0.0000
vn -0.0308 -0.9948 -0.0971
vn -0.1826 -0.9831 0.0079
vn -0.4013 -0.9119 -0.0858
vn 0.0467 -0.9492 -0.3111
vn 0.3004 -0.8738 -0.3825
vn 0.4674 -0.7161 -0.5184
vn 0.5734 -0.5523 -0.6051
vn 0.5566 -0.7821 -0.2804
vn 0.4869 -0.6420 -0.5922
vn 0.5060 -0.8292 -0.2376
vn -0.0703 -0.7447 -0.6637
vn 0.2527 -0.9676 -0.0000
vn 0.1981 -0.9566 -0.2137
vn 0.6777 -0.7353 0.0000
vn -0.2032 -0.9791 -0.0000
vn -0.2613 -0.9121 -0.3159
vn -0.5409 -0.8411 -0.0001
vn -0.0548 -0.9979 -0.0353
vn -0.4086 -0.9127 -0.0000
vn -0.1201 -0.9863 0.1134
vn 0.1320 -0.9890 0.0662
vn 0.2333 -0.9720 -0.0271
vn 0.4317 -0.8984 -0.0811
vn 0.4515 -0.8881 0.0857
vn 0.0934 -0.9389 -0.3313
vn -0.1286 -0.8285 -0.5450
vn 0.1281 -0.9377 -0.3230
vn 0.5687 -0.8181 0.0859
vn 0.3925 -0.9097 -0.1358
vn -0.9695 -0.2453 0.0001
vn -0.8789 -0.0306 -0.4760
vn -0.9517 -0.3071 0.0001
vn -0.7948 -0.5085 -0.3312
vn -0.4491 -0.4978 -0.7420
vn -0.3198 -0.9201 -0.2263
vn 0.0040 -0.8997 -0.4364
vn -0.0955 -0.8510 -0.5163
vn 0.0964 -0.9646 -0.2455
vn 0.1750 -0.9259 -0.3348
vn -0.1520 -0.7337 -0.6623
vn 0.0854 -0.7678 -0.6350
vn 0.0039 -0.5634 -0.8262
vn -0.2102 -0.6691 -0.7129
vn -0.3895 -0.6848 -0.6159
vn -0.3699 -0.6889 -0.6234
vn -0.2772 -0.6353 -0.7208
vn -0.5151 -0.7252 -0.4569
vn -0.2267 -0.7982 -0.5581
vn -0.1989 -0.9479 -0.2488
vn 0.6424 -0.7084 -0.2924
vn -0.1287 -0.9843 -0.1204
vn 0.5397 -0.8335 0.1179
vn -0.3588 -0.9027 0.2373
vn 0.2917 -0.8284 0.4781
vn 0.5119 -0.8243 0.2418
vn -0.3365 -0.5314 -0.7774
vn -0.5901 -0.0980 -0.8014
vn -0.3196 -0.2938 -0.9009
vn 0.3583 -0.8602 0.3630
vn 0.2922 -0.8717 -0.3934
vn 0.1215 -0.7598 -0.6387
vn -0.0198 -0.6784 -0.7344
vn 0.0076 -1.0000 0.0000
vn 0.2297 -0.9573 -0.1755
vn 0.0233 -0.9997 0.0001
vn 0.1354 -0.9839 -0.1168
vn -0.2719 -0.9623 -0.0000
vn -0.2961 -0.9552 0.0000
vn -0.6507 -0.7593 0.0000
vn 0.6854 -0.7211 -0.1009
vn 0.6948 -0.3522 -0.6271
vn 0.9216 -0.1992 -0.3332
vn 0.8495 -0.3834 0.3623
vn 0.4289 -0.3125 -0.8476
vn 0.3516 -0.4627 -0.8138
vn 0.0739 -0.9885 -0.1320
vn -0.1556 -0.9848 0.0776
vn -0.0815 -0.9967 -0.0000
vn -0.2798 -0.9563 0.0854
vn -0.3264 -0.9452 0.0001
vn -0.4042 -0.9141 -0.0311
vn -0.3964 -0.9181 0.0001
vn -0.2724 -0.9619 -0.0234
vn -0.3541 -0.8671 -0.3503
vn -0.4280 -0.8174 -0.3855
vn -0.2148 -0.7334 -0.6450
vn -0.4467 -0.8627 -0.2371
vn -0.4908 -0.7976 -0.3506
vn -0.1708 -0.7357 -0.6554
vn -0.3155 -0.6653 -0.6766
vn -0.6328 -0.6844 -0.3623
vn -0.7400 -0.6217 -0.2569
vn 0.0045 -0.6772 -0.7358
vn 0.0972 -0.9922 0.0781
vn 0.1281 -0.9601 -0.2487
vn 0.9758 -0.0404 0.2149
vn -0.1673 -0.9859 0.0000
vn -0.0156 -0.9999 0.0000
vn 0.7008 -0.7134 0.0003
vn 0.7093 0.7049 0.0001
vn 0.6947 0.6786 0.2383
vn 0.6648 0.5799 0.4709
vn 0.8486 -0.4768 0.2292
vn 0.2875 -0.8575 -0.4266
vn 0.5417 -0.7206 -0.4328
vn 0.4289 -0.5484 -0.7178
vn 0.2180 -0.5870 -0.7797
vn 0.7277 -0.1542 0.6683
vn 0.8183 -0.4748 0.3239
vn 0.7997 -0.2621 0.5401
vn 0.8938 -0.4476 -0.0274
vn 0.9261 -0.3532 -0.1326
vn 0.6652 -0.0669 0.7437
vn 0.3161 0.1142 0.9418
vn 0.3669 0.3371 0.8670
vn 0.5453 0.3280 0.7714
vn 0.3786 0.2663 0.8864
vn 0.3241 0.0938 0.9414
vn 0.7104 0.1843 0.6793
vn 0.6604 0.0120 0.7508
vn 0.2964 0.0744 0.9522
vn 0.9932 -0.1098 -0.0389
vn 0.9719 -0.2236 -0.0740
vn -0.1127 -0.6301 0.7683
vn 0.3355 0.0393 0.9412
vn -0.2058 -0.9786 -0.0044
vn -0.6312 -0.7597 0.1561
vn 0.4684 -0.5004 -0.7281
vn 0.5333 -0.4495 -0.7167
vn 0.7078 -0.2869 -0.6455
vn 0.9794 0.1644 0.1169
vn 0.5579 0.4823 0.6754
vn 0.4283 0.5009 0.7521
vn 0.5615 0.5646 0.6048
vn 0.4686 0.5022 0.7268
vn 0.5454 -0.3219 0.7739
vn 0.8132 -0.5396 -0.2180
vn 0.3125 -0.7651 -0.5630
vn 0.5691 -0.4769 -0.6699
vn 0.6937 -0.4150 -0.5887
vn 0.6676 -0.2862 -0.6873
vn 0.7758 -0.2546 -0.5774
vn 0.7112 -0.1609 -0.6843
vn 0.7702 -0.1725 -0.6141
vn 0.5937 -0.2587 -0.7619
vn 0.6020 -0.4479 -0.6610
vn 0.2612 -0.5636 -0.7836
vn 0.3699 -0.7788 -0.5067
vn 0.0312 -0.8136 -0.5806
vn 0.2139 -0.9766 -0.0233
vn -0.0584 -0.9978 -0.0314
vn 0.0349 -0.9994 0.0000
vn 0.5363 -0.8440 0.0000
vn 0.6184 -0.7583 -0.2063
vn 0.7508 -0.6606 -0.0001
vn 0.8022 -0.5477 -0.2377
vn -0.9992 -0.0411 -0.0001
vn -0.9260 -0.2861 -0.2463
vn -0.6224 -0.7827 -0.0001
vn -0.4008 -0.8747 -0.2725
vn 0.0233 -0.9997 -0.0000
vn 0.0897 -0.9782 -0.1871
vn 0.3230 -0.9464 -0.0001
vn -0.9131 0.4077 0.0000
vn -0.9210 0.3568 -0.1563
vn -0.7381 -0.2945 -0.6070
vn -0.0478 -0.8546 -0.5171
vn 0.1789 -0.9020 -0.3929
vn 0.3659 -0.9074 -0.2064
vn 0.6835 -0.7299 0.0000
vn 0.8355 -0.5495 -0.0000
vn 0.8345 -0.5328 -0.1405
vn 0.8386 -0.5447 0.0000
vn 0.6235 -0.7282 -0.2847
vn 0.4127 -0.7625 -0.4983
vn 0.3120 -0.7327 -0.6048
vn -0.0824 -0.4545 -0.8869
vn -0.8325 0.2751 -0.4809
vn -0.8018 0.5789 -0.1481
vn -0.7488 0.6623 -0.0234
vn -0.7417 0.6707 -0.0000
vn -0.7036 0.3042 -0.6422
vn -0.7525 0.6581 -0.0274
vn -0.7537 0.6123 -0.2386
vn 0.5645 -0.5790 -0.5882
vn 0.2025 -0.4271 -0.8813
vn -0.4832 0.1917 -0.8543
vn -0.6818 0.2427 -0.6901
vn -0.9251 0.2823 -0.2541
vn -0.9136 -0.0981 -0.3947
vn -0.5900 -0.1490 -0.7936
vn -0.8623 -0.4704 -0.1875
vn -0.5772 -0.4692 -0.6683
vn -0.5026 -0.6890 -0.5222
vn -0.0006 -0.6963 -0.7177
vn 0.6592 -0.5917 -0.4641
vn 0.7296 -0.4628 -0.5036
vn 0.6156 -0.5758 -0.5381
vn 0.0785 -0.3704 -0.9255
vn 0.6686 -0.4825 -0.5658
vn 0.0699 -0.2907 -0.9543
vn 0.6518 -0.5334 -0.5391
vn 0.6941 -0.4821 -0.5345
vn 0.8078 -0.4119 -0.4217
vn 0.6902 -0.4508 -0.5660
vn -0.0157 -0.4783 -0.8780
vn 0.6799 -0.4241 -0.5982
vn 0.7495 -0.3730 -0.5469
vn 0.5477 -0.4664 -0.6946
vn -0.9992 -0.0410 -0.0000
vn -0.6224 -0.7827 -0.0000
vn -0.9260 -0.2860 0.2463
vn -0.4008 -0.8747 0.2725
vn 0.0233 -0.9997 0.0000
vn 0.0897 -0.9782 0.1870
vn 0.3230 -0.9464 -0.0000
vn 0.3658 -0.9075 0.2066
vn 0.6835 -0.7299 -0.0000
vn 0.6234 -0.7282 0.2847
vn 0.8345 -0.5329 0.1405
vn 0.8386 -0.5447 -0.0000
vn 0.8355 -0.5495 -0.0000
vn 0.8023 -0.5475 0.2377
vn 0.7508 -0.6606 0.0000
vn 0.6184 -0.7583 0.2063
vn 0.5364 -0.8440 0.0000
vn 0.6590 -0.5918 0.4643
vn 0.7295 -0.4628 0.5036
vn 0.6156 -0.5757 0.5381
vn 0.4127 -0.7624 0.4984
vn 0.1789 -0.9020 0.3929
vn -0.0478 -0.8547 0.5170
vn -0.7381 -0.2939 0.6073
vn -0.9210 0.3568 0.1562
vn -0.9131 0.4077 0.0000
vn -0.7488 0.6624 0.0234
vn -0.7417 0.6707 0.0000
vn 0.3119 -0.7327 0.6048
vn -0.0825 -0.4543 0.8870
vn -0.8326 0.2749 0.4808
vn -0.8018 0.5789 0.1481
vn -0.7035 0.3046 0.6421
vn -0.7524 0.6581 0.0274
vn -0.7538 0.6123 0.2386
vn -0.5026 -0.6890 0.5222
vn -0.0006 -0.6962 0.7178
vn -0.2058 -0.9786 0.0045
vn -0.6313 -0.7597 -0.1559
vn -0.5774 -0.4692 0.6682
vn -0.8624 -0.4703 0.1874
vn -0.5900 -0.1490 0.7936
vn -0.9136 -0.0982 0.3947
vn -0.6818 0.2427 0.6901
vn -0.9250 0.2824 0.2543
vn -0.4832 0.1917 0.8543
vn 0.2024 -0.4266 0.8815
vn 0.5645 -0.5790 0.5882
vn 0.0700 -0.2908 0.9542
vn 0.6518 -0.5335 0.5390
vn 0.6941 -0.4821 0.5346
vn 0.6686 -0.4825 0.5659
vn 0.0790 -0.3699 0.9257
vn -0.0156 -0.4783 0.8780
vn 0.7493 -0.3732 0.5471
vn 0.6799 -0.4242 0.5982
vn 0.8078 -0.4118 0.4218
vn 0.6903 -0.4508 0.5659
vn 0.6020 -0.4479 0.6610
vn 0.7505 -0.1883 0.6335
vn 0.7765 -0.2510 0.5779
vn 0.5477 -0.4664 0.6946
vn 0.6937 -0.4150 0.5887
vn 0.6795 -0.2666 0.6836
vn 0.7064 -0.1528 0.6912
vn 0.5712 -0.2710 0.7748
vn 0.2612 -0.5637 0.7836
vn 0.3699 -0.7788 0.5067
vn 0.9794 0.1645 -0.1169
vn 0.9980 0.0629 0.0119
vn 0.7146 -0.2711 0.6449
vn 0.6036 -0.4041 0.6874
vn 0.4687 -0.3726 0.8009
vn 0.4325 -0.4387 0.7877
vn 0.4140 -0.3688 0.8322
vn 0.5736 -0.2705 0.7732
vn 0.5235 -0.1140 0.8444
vn 0.6323 -0.1609 0.7579
vn 0.3981 -0.2898 0.8704
vn 0.2967 -0.4550 0.8396
vn 0.1869 -0.5322 0.8258
vn 0.0351 -0.8135 0.5805
vn 0.2139 -0.9766 0.0233
vn -0.1130 -0.6301 -0.7683
vn 0.3355 0.0393 -0.9412
vn 0.4686 0.5022 -0.7268
vn 0.5615 0.5646 -0.6049
vn 0.4283 0.5010 -0.7520
vn 0.5440 -0.3206 -0.7754
vn 0.8132 -0.5397 0.2178
vn 0.3124 -0.7652 0.5629
vn 0.5695 -0.4766 0.6697
vn 0.4603 -0.4078 0.7886
vn 0.3668 0.3371 -0.8671
vn 0.3160 0.1142 -0.9418
vn 0.7276 -0.1546 -0.6684
vn 0.5452 0.3281 -0.7714
vn 0.8184 -0.4747 -0.3241
vn 0.7997 -0.2623 -0.5402
vn 0.6652 -0.0669 -0.7437
vn 0.2964 0.0748 -0.9521
vn 0.6605 0.0119 -0.7508
vn 0.3239 0.0938 -0.9414
vn 0.7103 0.1844 -0.6793
vn 0.3784 0.2663 -0.8865
vn 0.5579 0.4823 -0.6754
vn 0.2966 -0.2038 0.9330
vn 0.8939 -0.4475 0.0280
vn 0.9261 -0.3533 0.1325
vn 0.9719 -0.2236 0.0741
vn 0.9932 -0.1098 0.0389
vn 0.7078 -0.2869 0.6456
vn 0.5083 -0.2710 0.8174
vn 0.3355 -0.3688 0.8669
vn 0.1876 -0.3141 0.9307
vn 0.5332 -0.4496 0.7166
vn 0.3944 -0.3729 0.8399
vn 0.2537 -0.5489 0.7964
vn 0.1953 -0.2984 0.9343
vn 0.2768 -0.4544 0.8467
vn 0.2528 -0.5632 0.7867
vn 0.2535 -0.5329 0.8074
vn 0.4686 -0.5006 0.7279
vn 0.2181 -0.5870 0.7796
vn 0.2145 -0.7239 0.6557
vn 0.4869 -0.6421 0.5922
vn 0.5580 -0.5954 0.5780
vn -0.2487 -0.7839 0.5688
vn -0.5654 -0.5252 0.6360
vn -0.2079 -0.6292 0.7489
vn 0.4170 -0.6856 0.5967
vn 0.1561 -0.4512 0.8787
vn 0.3666 -0.5565 0.7456
vn 0.1638 -0.3757 0.9122
vn 0.3122 -0.5177 0.7966
vn 0.2036 -0.7411 0.6397
vn 0.2420 -0.5253 0.8158
vn 0.4325 -0.4387 -0.7877
vn 0.4687 -0.3726 -0.8009
vn 0.4141 -0.3687 -0.8323
vn 0.5544 -0.2864 -0.7814
vn 0.5188 -0.1139 -0.8473
vn 0.6330 -0.1533 -0.7588
vn 0.3984 -0.2863 -0.8714
vn 0.2968 -0.4549 -0.8396
vn 0.2267 -0.4085 -0.8841
vn 0.2026 -0.4734 -0.8572
vn 0.1518 -0.4852 -0.8611
vn 0.1368 -0.5209 -0.8426
vn -0.2221 -0.7288 -0.6476
vn -0.2025 -0.7130 -0.6713
vn -0.3780 -0.7328 -0.5658
vn -0.2139 -0.7742 -0.5958
vn 0.0661 -0.7720 -0.6322
vn 0.0971 -0.6793 -0.7274
vn 0.0429 -0.9957 -0.0819
vn 0.0976 -0.7591 -0.6436
vn 0.9980 0.0629 -0.0120
vn 0.4602 -0.4078 -0.7886
vn 0.6036 -0.4043 -0.6872
vn 0.1716 -0.5409 -0.8234
vn 0.7146 -0.2711 -0.6449
vn 0.4338 -0.8377 -0.3318
vn 0.6690 -0.6916 -0.2723
vn 0.5956 -0.7584 -0.2647
vn 0.5337 -0.7359 -0.4167
vn 0.5682 -0.6802 -0.4632
vn 0.4253 -0.7214 -0.5465
vn 0.4559 -0.6970 -0.5535
vn 0.1757 -0.7407 -0.6485
vn 0.2498 -0.5678 -0.7843
vn -0.3634 -0.5576 -0.7464
vn -0.0624 -0.4509 -0.8904
vn -0.5998 -0.4186 -0.6819
vn -0.3714 -0.3493 -0.8603
vn -0.6402 -0.4118 -0.6484
vn -0.4605 -0.4078 -0.7885
vn -0.5580 -0.5415 -0.6288
vn -0.4755 -0.4350 -0.7647
vn -0.6085 -0.5135 -0.6050
vn -0.6392 -0.5641 -0.5226
vn -0.5769 -0.6074 -0.5461
vn -0.3968 -0.9179 0.0000
vn -0.4595 -0.8882 0.0000
vn -0.1981 -0.9757 0.0934
vn -0.3965 -0.9179 -0.0156
vn -0.6112 -0.7859 0.0934
vn -0.5833 -0.8123 0.0000
vn -0.6348 -0.7710 0.0507
vn -0.5337 -0.8457 0.0000
vn -0.7093 -0.7049 -0.0039
vn -0.6653 -0.7466 0.0000
vn -0.8338 -0.5520 0.0000
vn -0.8536 -0.5210 0.0001
vn -0.9470 -0.3212 0.0001
vn -0.9423 -0.3264 0.0743
vn -0.9384 -0.3456 0.0040
vn -0.7923 -0.5726 -0.2107
vn -0.7135 -0.6192 -0.3278
vn -0.6864 -0.6585 -0.3084
vn -0.5923 -0.7635 -0.2574
vn -0.4746 -0.8602 -0.1868
vn -0.3109 -0.9455 -0.0973
vn -0.6094 -0.6243 -0.4887
vn -0.4516 -0.6495 -0.6118
vn -0.6498 -0.6881 -0.3230
vn -0.6753 -0.5493 -0.4922
vn -0.6466 -0.6026 -0.4677
vn -0.5884 -0.7246 -0.3588
vn -0.5376 -0.7477 -0.3898
vn -0.3738 -0.8679 -0.3271
vn -0.6479 -0.5138 -0.5624
vn -0.6744 -0.5095 -0.5344
vn -0.6230 -0.6026 -0.4988
vn -0.4252 -0.7330 -0.5310
vn -0.3232 -0.8533 -0.4093
vn 0.1835 -0.8421 -0.5071
vn 0.3305 -0.8731 -0.3585
vn 0.6179 -0.6963 -0.3652
vn 0.6040 -0.5914 -0.5343
vn 0.5580 -0.5954 -0.5781
vn 0.4792 -0.7635 -0.4329
vn 0.5222 -0.7893 -0.3229
vn 0.5763 -0.7744 -0.2612
vn 0.2144 -0.7239 -0.6557
vn -0.2488 -0.7839 -0.5688
vn -0.5654 -0.5252 -0.6360
vn -0.2080 -0.6292 -0.7489
vn 0.4204 -0.6844 -0.5958
vn 0.5463 -0.6508 -0.5273
vn 0.6132 -0.6907 -0.3832
vn 0.5686 -0.7774 -0.2689
vn -0.0190 -0.8686 -0.4952
vn 0.0814 -0.8674 -0.4909
vn 0.5079 -0.5574 -0.6567
vn -0.2139 -0.9531 -0.2140
vn 0.1751 -0.9689 -0.1750
vn -0.3582 -0.7922 -0.4941
vn 0.1629 -0.9278 -0.3355
vn 0.1319 -0.9713 -0.1980
vn -0.2950 -0.9205 -0.2563
vn -0.3263 -0.9365 -0.1281
vn 0.2038 -0.7410 -0.6398
vn 0.5058 -0.7349 -0.4518
vn 0.0860 -0.9233 -0.3745
vn -0.2408 -0.9492 -0.2024
vn 0.3151 -0.9019 -0.2953
vn 0.2768 -0.7431 -0.6092
vn 0.0702 -0.8055 -0.5884
vn 0.3231 -0.5945 -0.7363
vn 0.3666 -0.5565 -0.7455
vn 0.2528 -0.5632 -0.7867
vn 0.2534 -0.5329 -0.8074
vn 0.1561 -0.4511 -0.8787
vn 0.2420 -0.5253 -0.8158
vn 0.3122 -0.5176 -0.7966
vn 0.1637 -0.3758 -0.9121
vn 0.2768 -0.4544 -0.8467
vn 0.2537 -0.5490 -0.7964
vn 0.3943 -0.3729 -0.8399
vn 0.5084 -0.2709 -0.8174
vn 0.1875 -0.3140 -0.9307
vn 0.3355 -0.3687 -0.8669
vn 0.1952 -0.2986 -0.9342
vn 0.2341 -0.0352 -0.9716
vn 0.2966 -0.2038 -0.9330
vn 0.0663 -0.1372 -0.9883
vn -0.0624 -0.2586 -0.9640
vn 0.0235 -0.2155 -0.9762
vn 0.3595 -0.1062 -0.9271
vn 0.1094 0.0588 -0.9923
vn 0.2224 -0.1378 -0.9652
vn 0.2460 -0.2985 -0.9222
vn 0.6650 0.5799 -0.4706
vn 0.6947 0.6786 -0.2383
vn 0.6355 0.7721 0.0000
vn 0.7093 0.7049 0.0001
vn 0.6947 0.6787 0.2383
vn 0.6648 0.5799 0.4709
vn 0.5118 0.6869 0.5160
vn 0.5453 0.3281 0.7714
vn 0.3669 0.3371 0.8670
vn 0.9680 -0.2511 0.0000
vn 0.7996 -0.1093 -0.5905
vn 0.9736 -0.2283 -0.0000
vn 0.6259 0.0473 -0.7785
vn 0.2964 0.0748 -0.9521
vn 0.3161 0.1142 -0.9418
vn 0.3668 0.3371 -0.8671
vn 0.3239 0.0938 -0.9414
vn 0.6529 -0.0086 -0.7574
vn 0.3784 0.2663 -0.8865
vn 0.9926 -0.1217 0.0000
vn 0.7997 -0.1091 0.5904
vn 0.6258 0.0473 0.7785
vn 0.9514 0.3079 -0.0000
vn 0.6286 0.3642 -0.6872
vn 0.5118 0.6868 -0.5161
vn 0.6286 0.3643 0.6872
vn 0.5451 0.3282 -0.7714
vn 0.3161 0.1141 0.9418
vn 0.2964 0.0744 0.9522
vn 0.6529 -0.0086 0.7574
vn 0.9921 -0.1253 0.0000
vn 0.6865 0.1593 -0.7095
vn 0.4283 0.5010 -0.7520
vn 0.4805 -0.1638 0.8616
vn 0.4686 0.5022 0.7268
vn 0.3356 0.0393 0.9412
vn -0.1127 -0.6301 0.7683
vn -0.6313 -0.7597 0.1561
vn 0.0048 -0.7549 0.6559
vn -0.8623 -0.4704 -0.1874
vn -0.7739 -0.6082 0.1767
vn -0.9136 -0.0981 -0.3946
vn -0.9870 -0.1492 -0.0591
vn -0.9251 0.2823 -0.2540
vn 0.6863 0.1592 0.7097
vn 0.9670 -0.2548 -0.0001
vn 0.3241 0.0938 0.9414
vn 0.3786 0.2663 0.8864
vn 0.4283 0.5010 0.7521
vn 0.1096 -0.9940 -0.0000
vn -0.7568 -0.6536 -0.0000
vn -0.9569 -0.2905 -0.0000
vn 0.4686 0.5022 -0.7268
vn 0.4805 -0.1638 -0.8616
vn 0.3355 0.0393 -0.9412
vn -0.1136 -0.6300 -0.7682
vn -0.6313 -0.7597 -0.1559
vn 0.0048 -0.7546 -0.6561
vn -0.8624 -0.4703 0.1873
vn -0.7739 -0.6081 -0.1766
vn -0.9136 -0.0981 0.3946
vn -0.9871 -0.1490 0.0586
vn -0.9250 0.2824 0.2543
vn -0.6664 0.7402 0.0896
vn -0.7524 0.6581 -0.0273
vn -0.7488 0.6624 -0.0234
vn -0.8362 0.5457 0.0546
vn -0.7538 0.6123 -0.2385
vn -0.9820 0.1848 -0.0392
vn -0.9882 0.1529 -0.0000
vn -0.8019 0.5789 -0.1481
vn -0.8283 0.5603 -0.0000
vn -0.6379 0.7701 -0.0000
vn -0.6664 0.7402 -0.0896
vn -0.8362 0.5457 -0.0546
vn -0.9820 0.1848 0.0391
vn -0.7538 0.6123 0.2385
vn -0.7524 0.6581 0.0273
vn -0.7488 0.6624 0.0234
vn -0.7417 0.6708 0.0000
vn -0.8018 0.5789 0.1481
vn -0.2737 -0.0317 0.9613
vn -0.5784 -0.1730 0.7972
vn -0.2771 -0.1920 0.9415
vn 0.0547 -0.0860 0.9948
vn 0.0858 0.0706 0.9938
vn 0.3945 -0.0274 0.9185
vn 0.4417 0.1257 0.8883
vn -0.3578 0.8318 -0.4243
vn -0.8473 0.1801 -0.4996
vn -0.8528 0.4460 0.2715
vn -0.1803 0.6417 -0.7454
vn 0.1552 0.9789 -0.1333
vn -0.5305 -0.5417 0.6521
vn -0.8043 -0.5129 0.3002
vn -0.7424 -0.5782 -0.3383
vn 0.4417 0.1257 -0.8883
vn 0.3944 -0.0275 -0.9185
vn 0.0858 0.0703 -0.9938
vn 0.0546 -0.0863 -0.9948
vn -0.2737 -0.0317 -0.9613
vn -0.8834 -0.4186 0.2107
vn -0.9965 0.0630 -0.0547
vn -0.9149 -0.4037 -0.0002
vn 0.1326 -0.9912 0.0000
vn 0.2309 -0.9584 0.1677
vn -0.2726 -0.6267 0.7300
vn -0.9645 -0.1416 0.2228
vn -0.9419 -0.2200 0.2540
vn -0.9826 -0.0314 -0.1832
vn 0.3821 0.8861 0.2623
vn 0.5169 0.3253 0.7919
vn 0.7705 0.0120 0.6374
vn 0.5937 0.7472 -0.2986
vn 0.2531 0.5907 -0.7662
vn 0.7774 0.1408 -0.6130
vn 0.7575 -0.5142 -0.4023
vn 0.7075 -0.6025 0.3694
vn 0.5623 0.2619 0.7843
vn 0.1836 0.9543 0.2358
vn 0.5137 0.8018 -0.3053
vn -0.1255 0.7894 -0.6009
vn 0.2314 0.7689 -0.5961
vn 0.1363 0.1449 -0.9800
vn 0.7571 -0.4513 -0.4724
vn 0.8961 -0.3761 0.2356
vn 0.7739 -0.5873 0.2371
vn 0.5758 -0.2568 0.7762
vn 0.6170 -0.1332 0.7756
vn 0.8495 0.2433 0.4681
vn 0.5521 0.1824 0.8136
vn -0.5832 0.7844 -0.2112
vn -0.0501 0.8098 -0.5845
vn -0.1356 0.3953 -0.9085
vn 0.4367 0.8388 0.3251
vn 0.6160 0.5484 -0.5655
vn 0.9239 -0.0898 -0.3719
vn 0.6358 -0.0691 -0.7688
vn 0.1326 -0.9912 0.0000
vn 0.9044 -0.4267 -0.0001
vn 0.2308 -0.9585 0.1676
vn 0.9502 -0.3027 0.0743
vn -0.2726 -0.6267 0.7301
vn 0.6296 -0.2888 0.7212
vn 0.0312 -0.4979 0.8667
vn 0.0430 -0.4467 0.8936
vn 0.4705 -0.2934 0.8322
vn 0.5521 0.1823 0.8136
vn 0.4822 -0.3110 0.8190
vn 0.6170 -0.1332 0.7756
vn 0.0117 -0.5609 0.8278
vn -0.0822 -0.5178 0.8515
vn -0.2268 -0.4166 0.8803
vn -0.1444 -0.3640 0.9201
vn -0.0432 -0.3338 0.9416
vn -0.2452 -0.3287 0.9121
vn -0.0393 -0.3256 0.9447
vn 0.4708 -0.2003 0.8592
vn 0.6006 -0.2278 0.7664
vn 0.5757 -0.2568 0.7763
vn 0.8961 -0.3761 0.2357
vn 0.5169 0.3253 0.7919
vn 0.5937 0.7473 -0.2986
vn 0.1363 0.1450 -0.9800
vn 0.5623 0.2619 0.7844
vn 0.3232 -0.0694 -0.9438
vn 0.8878 -0.3801 0.2596
vn 0.5136 0.8019 -0.3053
vn 0.6568 -0.1841 0.7312
vn 0.9218 0.3024 0.2425
vn 0.5771 0.2464 0.7786
vn 0.9568 0.2040 0.2073
vn 0.9246 0.3215 0.2043
vn 0.6933 0.3371 0.6369
vn -0.3689 0.0307 0.9290
vn -0.3748 -0.1529 0.9144
vn -0.9041 -0.2743 0.3276
vn -0.9369 -0.2632 0.2302
vn -0.9636 -0.2666 -0.0197
vn -0.9400 -0.3368 -0.0544
vn -0.9338 -0.3578 0.0039
vn -0.9114 -0.4113 0.0077
vn -0.9364 -0.3217 -0.1405
vn -0.8759 -0.3380 0.3444
vn -0.2997 -0.2660 0.9162
vn -0.3942 0.2275 -0.8904
vn -0.4690 0.2672 -0.8418
vn 0.3232 -0.0694 -0.9438
vn 0.1216 -0.4029 -0.9071
vn 0.8878 -0.3800 0.2597
vn 0.0464 0.8274 -0.5597
vn 0.6162 0.4565 -0.6418
vn 0.1255 0.7673 -0.6289
vn -0.2068 0.8477 -0.4885
vn 0.3931 0.8905 -0.2291
vn 0.8937 -0.4005 -0.2022
vn 0.5361 0.7400 0.4061
vn 0.5311 -0.5199 0.6691
vn 0.7847 0.1848 -0.5917
vn 0.4916 -0.8079 -0.3250
vn 0.4867 -0.4461 -0.7510
vn 0.5099 -0.6828 0.5232
vn 0.7664 0.4036 0.4997
vn 0.4724 0.5699 -0.6723
vn 0.3007 0.6271 -0.7185
vn 0.7284 0.6016 0.3279
vn 0.5454 -0.6133 -0.5713
vn 0.7774 -0.4855 0.3998
vn 0.2694 0.4891 0.8296
vn 0.1322 0.9011 0.4129
vn -0.0040 0.8921 -0.4519
vn 0.1281 -0.2722 -0.9537
vn 0.3151 -0.8447 -0.4327
vn 0.5176 -0.4589 0.7222
vn 0.6295 0.1913 0.7531
vn 0.6557 0.6768 0.3347
vn 0.6386 0.7377 -0.2189
vn 0.5713 0.0102 -0.8207
vn 0.3466 -0.7868 -0.5107
vn 0.5643 -0.8181 0.1108
vn 0.6380 0.6570 0.4016
vn 0.4094 -0.6151 0.6738
vn 0.8571 0.1289 -0.4988
vn 0.4745 -0.8571 -0.2003
vn 0.6549 -0.4315 -0.6204
vn 0.4026 -0.6531 0.6414
vn 0.7254 0.3897 0.5673
vn 0.6643 0.5037 -0.5522
vn -0.5568 -0.0038 -0.8306
vn -0.6975 -0.5613 0.4455
vn -0.7066 -0.5853 -0.3977
vn -0.7752 0.5202 -0.3583
vn -0.5613 0.6179 -0.5506
vn -0.6058 0.7625 -0.2272
vn -0.4491 0.8410 0.3018
vn -0.3947 0.2988 0.8689
vn -0.7082 -0.0731 0.7022
vn -0.5325 -0.0617 0.8442
vn -0.7389 -0.5123 0.4376
vn -0.3578 0.8319 0.4242
vn -0.8530 0.4454 -0.2719
vn -0.8473 0.1799 0.4997
vn -0.8043 -0.5129 -0.3001
vn -0.7380 -0.5818 0.3418
vn -0.4932 -0.7947 -0.3539
vn -0.4039 -0.9026 -0.1487
vn -0.3081 -0.7319 -0.6077
vn -0.5227 -0.5431 -0.6572
vn 0.1555 0.9788 0.1331
vn -0.1801 0.6416 0.7456
vn -0.6484 -0.2943 0.7022
vn 0.3636 0.4669 0.8061
vn 0.8051 -0.0500 0.5910
vn 0.6194 0.7736 -0.1337
vn 0.8916 -0.0785 -0.4459
vn 0.6387 -0.5594 0.5283
vn 0.3303 -0.4028 0.8536
vn 0.5923 0.7149 0.3716
vn 0.6402 0.3665 -0.6751
vn 0.6055 -0.2228 -0.7641
vn 0.6357 -0.7502 -0.1820
vn 0.6616 -0.7393 -0.1253
vn 0.6201 -0.7719 -0.1405
vn 0.8237 -0.5647 0.0508
vn 0.5411 -0.8409 -0.0077
vn 0.8615 -0.4620 -0.2107
vn 0.6348 -0.7120 -0.3000
vn 0.7928 -0.3845 -0.4729
vn 0.5882 -0.6652 -0.4599
vn 0.6286 -0.3490 -0.6950
vn 0.4827 -0.6453 -0.5921
vn 0.3946 -0.3532 -0.8482
vn 0.3349 -0.6498 -0.6823
vn 0.1212 -0.4041 -0.9067
vn 0.4124 -0.9070 0.0858
vn 0.4671 -0.7860 0.4050
vn 0.2525 -0.9600 0.1206
vn 0.6861 -0.6775 0.2652
vn 0.9292 -0.2979 0.2188
vn 0.9800 -0.1686 -0.1055
vn 0.8967 -0.0705 -0.4370
vn 0.6910 -0.0196 -0.7226
vn 0.3945 -0.0275 -0.9185
vn 0.0546 -0.0864 -0.9948
vn -0.2771 -0.1922 -0.9414
vn -0.1404 -0.4860 -0.8626
vn -0.5537 -0.3294 -0.7648
vn 0.4418 0.1257 -0.8883
vn 0.7397 0.1218 -0.6619
vn 0.9355 0.0590 -0.3484
vn 0.9987 -0.0508 0.0043
vn 0.9199 -0.1957 0.3397
vn 0.7525 -0.4426 0.4877
vn 0.7103 -0.3451 0.6135
vn 0.4761 -0.5764 0.6641
vn 0.4045 -0.4850 0.7753
vn 0.1405 -0.6817 0.7180
vn 0.0465 -0.5878 0.8077
vn -0.1985 -0.7432 0.6389
vn -0.3081 -0.6423 0.7018
vn -0.4914 -0.7487 0.4450
vn -0.6044 -0.6388 0.4760
vn -0.6984 -0.6976 0.1600
vn -0.8002 -0.5768 0.1641
vn -0.7816 -0.6006 -0.1682
vn -0.8648 -0.4661 -0.1869
vn -0.7298 -0.4706 -0.4960
vn -0.7847 -0.3261 -0.5271
vn -0.5783 -0.1733 -0.7972
vn -0.2737 -0.0317 -0.9613
vn 0.1674 -0.6847 -0.7094
vn 0.0077 -0.7371 -0.6757
vn -0.3588 -0.5915 -0.7220
vn -0.1171 -0.8026 -0.5849
vn -0.4953 -0.7052 -0.5073
vn -0.1946 -0.8709 -0.4512
vn -0.5328 -0.8088 -0.2490
vn -0.2137 -0.9324 -0.2914
vn -0.4642 -0.8857 0.0117
vn -0.1636 -0.9776 -0.1323
vn -0.2999 -0.9238 0.2378
vn -0.0582 -0.9983 0.0001
vn -0.0662 -0.9187 0.3895
vn 0.0895 -0.9919 0.0896
vn 0.2025 -0.8687 0.4520
vn 0.3946 -0.0275 0.9184
vn 0.6909 -0.0197 0.7226
vn 0.4418 0.1257 0.8883
vn 0.7397 0.1218 0.6618
vn 0.8967 -0.0705 0.4370
vn 0.9355 0.0589 0.3485
vn 0.9800 -0.1686 0.1054
vn 0.9987 -0.0507 -0.0042
vn 0.9292 -0.2981 -0.2187
vn 0.9199 -0.1958 -0.3398
vn 0.7524 -0.4428 -0.4877
vn 0.7103 -0.3451 -0.6135
vn 0.0464 -0.5878 -0.8077
vn 0.4045 -0.4850 -0.7754
vn 0.1404 -0.6817 -0.7180
vn 0.4763 -0.5764 -0.6640
vn 0.4671 -0.7860 -0.4051
vn 0.6860 -0.6775 -0.2652
vn 0.8237 -0.5647 -0.0507
vn 0.8615 -0.4620 0.2107
vn 0.7928 -0.3845 0.4729
vn 0.6284 -0.3489 0.6952
vn 0.3946 -0.3533 0.8482
vn 0.0547 -0.0861 0.9948
vn 0.1211 -0.4041 0.9067
vn 0.6349 -0.7120 0.3001
vn 0.6201 -0.7718 0.1404
vn 0.5882 -0.6652 0.4599
vn 0.4827 -0.6453 0.5921
vn 0.3350 -0.6498 0.6823
vn 0.1674 -0.6847 0.7094
vn -0.1404 -0.4859 0.8627
vn 0.0077 -0.7371 0.6757
vn -0.3587 -0.5916 0.7220
vn -0.1170 -0.8025 0.5850
vn -0.4953 -0.7052 0.5074
vn -0.1946 -0.8709 0.4512
vn -0.5328 -0.8088 0.2490
vn -0.2138 -0.9324 0.2913
vn -0.4642 -0.8857 -0.0117
vn -0.5537 -0.3291 0.7649
vn -0.2771 -0.1921 0.9415
vn -0.5784 -0.1730 0.7972
vn -0.7847 -0.3261 0.5272
vn -0.7298 -0.4706 0.4959
vn -0.8647 -0.4662 0.1869
vn -0.7816 -0.6007 0.1682
vn -0.8002 -0.5768 -0.1642
vn -0.6984 -0.6976 -0.1600
vn -0.6044 -0.6389 -0.4759
vn -0.4915 -0.7486 -0.4449
vn -0.3081 -0.6423 -0.7018
vn -0.1986 -0.7432 -0.6389
vn -0.3000 -0.9238 -0.2378
vn -0.0661 -0.9187 -0.3893
vn 0.2026 -0.8687 -0.4521
vn -0.1636 -0.9776 0.1322
vn -0.0583 -0.9983 -0.0002
vn 0.0894 -0.9920 -0.0896
vn 0.2524 -0.9601 -0.1206
vn 0.4125 -0.9069 -0.0858
vn 0.5412 -0.8409 0.0077
vn 0.5937 0.7473 -0.2985
vn 0.2532 0.5907 -0.7661
vn 0.4634 -0.2111 -0.8607
vn 0.7775 0.1408 -0.6129
vn 0.7574 -0.5142 -0.4023
vn 0.8904 -0.3213 0.3224
vn 0.7074 -0.6026 0.3694
vn 0.4622 -0.1321 0.8769
vn 0.7705 0.0120 0.6373
vn 0.5169 0.3253 0.7919
vn -0.4478 0.5964 0.6662
vn -0.2150 0.7266 0.6526
vn -0.6332 0.5414 0.5531
vn -0.5301 0.0129 0.8478
vn -0.8505 -0.5087 0.1334
vn -0.4446 -0.8957 -0.0022
vn -0.4375 -0.5659 -0.6988
vn -0.1678 -0.5417 -0.8236
vn -0.4690 0.2755 -0.8391
vn -0.1668 0.7101 -0.6841
vn -0.6328 0.7666 -0.1089
vn -0.4087 0.7923 0.4531
vn -0.0818 0.9659 0.2457
vn -0.0428 0.9577 0.2845
vn -0.2110 0.5429 -0.8128
vn -0.5075 0.4816 -0.7145
vn -0.4955 -0.5409 -0.6797
vn -0.8117 -0.3487 -0.4686
vn -0.7060 -0.6547 0.2701
vn -0.8290 -0.2640 0.4930
vn -0.4064 0.4104 0.8163
vn -0.3901 0.5191 0.7605
vn -0.8190 0.5581 0.1331
vn 0.5411 -0.8409 0.0078
vn 0.6201 -0.7719 0.1405
vn 0.2336 -0.9156 0.3273
vn 0.6348 -0.7120 0.3001
vn 0.5881 -0.6653 0.4599
vn 0.4826 -0.6454 0.5921
vn 0.3350 -0.6499 0.6823
vn 0.1674 -0.6847 0.7093
vn 0.0078 -0.7372 0.6756
vn -0.1170 -0.8026 0.5849
vn -0.1945 -0.8710 0.4512
vn -0.2137 -0.9324 0.2913
vn -0.1635 -0.9776 0.1323
vn -0.0582 -0.9983 -0.0001
vn 0.0894 -0.9920 -0.0895
vn 0.2524 -0.9601 -0.1205
vn 0.4125 -0.9069 -0.0858
vn -0.1170 -0.8026 -0.5849
vn 0.0078 -0.7372 -0.6756
vn 0.2337 -0.9155 -0.3274
vn 0.1674 -0.6847 -0.7093
vn 0.3349 -0.6499 -0.6823
vn 0.4826 -0.6454 -0.5921
vn 0.5881 -0.6653 -0.4599
vn 0.6348 -0.7121 -0.3000
vn 0.6200 -0.7719 -0.1406
vn 0.5411 -0.8409 -0.0078
vn 0.4123 -0.9070 0.0857
vn 0.2525 -0.9601 0.1205
vn 0.0895 -0.9919 0.0895
vn -0.0581 -0.9983 0.0001
vn -0.1635 -0.9776 -0.1323
vn -0.2136 -0.9324 -0.2914
vn -0.1946 -0.8710 -0.4512
vn -0.1921 0.9194 0.3431
vn -0.6311 0.6226 -0.4626
vn -0.6320 0.0261 0.7745
vn -0.4289 0.7229 -0.5417
vn -0.5846 -0.4291 -0.6886
vn -0.0016 0.6992 0.7149
vn 0.0815 -0.8028 0.5907
vn -0.8391 -0.4553 -0.2976
vn -0.2611 0.8872 -0.3804
vn -0.5350 -0.1874 -0.8238
vn -0.7588 0.4896 0.4296
vn -0.7864 -0.5695 0.2392
vn -0.5841 -0.5236 -0.6202
vn -0.4252 0.6528 -0.6270
vn -0.6439 0.7120 0.2801
vn -0.8205 -0.3984 0.4100
vn 0.3672 -0.8749 -0.3157
vn 0.6119 -0.7815 -0.1221
vn 0.4257 0.0329 0.9043
vn 0.8342 -0.3651 0.4133
vn 0.2354 0.7605 0.6052
vn 0.1671 0.9215 0.3505
vn -0.0037 0.6287 -0.7777
vn 0.0698 0.6478 -0.7586
vn 0.0429 -0.3877 -0.9208
vn 0.3395 -0.4818 -0.8078
vn 0.5700 0.0521 -0.8200
vn 0.7104 0.7037 -0.0109
vn 0.5832 0.2495 0.7731
vn 0.6591 -0.6710 0.3397
vn 0.1480 -0.4311 -0.8901
vn 0.0901 0.5781 -0.8110
vn 0.9213 0.3158 -0.2268
vn 0.3507 -0.4218 -0.8362
vn 0.4708 -0.8583 0.2042
vn 0.4151 -0.6207 -0.6652
vn 0.8531 0.1404 0.5025
vn 0.6440 0.6482 -0.4064
vn 0.6545 0.5143 0.5542
vn 0.6517 -0.4227 0.6298
vn 0.4062 -0.6597 -0.6323
vn 0.7312 0.3802 -0.5664
vn 0.5808 0.0675 0.8113
vn 0.0780 0.6598 0.7473
vn 0.7065 0.7077 -0.0008
vn 0.0509 -0.3683 0.9283
vn 0.3591 -0.4663 0.8084
vn 0.3622 -0.8727 0.3275
vn 0.1557 0.9201 -0.3594
vn 0.5587 0.2373 -0.7947
vn -0.0236 0.6417 0.7666
vn 0.1245 -0.4115 0.9029
vn 0.6055 -0.7823 0.1463
vn 0.4242 0.0092 -0.9055
vn 0.6478 -0.6874 -0.3286
vn 0.8387 -0.3839 -0.3863
vn 0.9153 0.3204 0.2440
vn 0.3326 -0.4028 0.8527
vn 0.0624 0.6022 0.7959
vn 0.2530 0.7524 -0.6082
vn 0.1087 -0.2645 0.9583
vn 0.2815 0.6354 0.7190
vn -0.0157 0.8997 0.4362
vn 0.1442 0.8990 -0.4136
vn 0.7799 -0.4885 -0.3913
vn 0.2929 0.4768 -0.8288
vn 0.7390 0.5932 -0.3195
vn 0.5357 -0.6124 0.5814
vn 0.3077 -0.8453 0.4368
vn 0.3419 -0.7847 0.5170
vn 0.5657 -0.8182 -0.1024
vn 0.5291 -0.4704 -0.7062
vn 0.6401 0.1754 -0.7480
vn 0.6626 0.6682 -0.3382
vn 0.6349 0.7421 0.2151
vn 0.5657 0.0220 0.8243
vn 0.7566 -0.5785 -0.3048
vn 0.3638 -0.8680 -0.3378
vn 0.4713 -0.6917 0.5472
vn 0.4917 0.7560 0.4320
vn 0.5301 -0.5070 0.6796
vn 0.7220 0.0912 -0.6859
vn 0.8603 0.4692 -0.1993
vn 0.7596 0.3689 0.5357
vn 0.8153 -0.4823 0.3204
vn 0.8584 0.4727 0.1990
vn 0.7153 0.1031 0.6912
vn 0.4991 0.7484 -0.4367
vn 0.7662 0.3558 -0.5351
vn 0.5348 -0.5149 -0.6700
vn 0.3592 -0.8670 0.3455
vn 0.4753 -0.6952 -0.5393
vn -0.8395 -0.4550 0.2970
vn -0.6307 0.6221 0.4639
vn -0.6320 0.0262 -0.7746
vn -0.1918 0.9193 -0.3435
vn -0.0024 0.7029 -0.7112
vn -0.4290 0.7229 0.5416
vn -0.5899 -0.4291 0.6840
vn 0.0809 -0.8032 -0.5901
vn 0.4841 -0.2505 0.8384
vn 0.4407 -0.0402 0.8967
vn 0.3388 -0.1459 0.9295
vn 0.5310 -0.2935 0.7950
vn 0.6925 -0.1285 0.7099
vn 0.5999 -0.3838 0.7020
vn 0.8878 -0.3801 0.2597
vn 0.6677 -0.3880 0.6353
vn 0.6569 -0.1841 0.7312
vn 0.5193 -0.3648 0.7728
vn -0.1443 -0.3640 0.9201
vn 0.0430 -0.4467 0.8936
vn 0.4705 -0.2934 0.8322
vn 0.6170 -0.1332 0.7756
vn 0.7987 -0.5414 0.2627
vn 0.3931 0.8905 -0.2291
vn 0.6357 -0.0691 -0.7688
vn -0.0431 -0.3339 0.9416
vn -0.3307 -0.4281 -0.8411
vn -0.3081 -0.5604 -0.7688
vn 0.5518 -0.3019 -0.7774
vn 0.4220 -0.4190 -0.8040
vn 0.7109 -0.1925 -0.6765
vn 0.7883 -0.1877 -0.5859
vn 0.3952 -0.6311 -0.6675
vn -0.2818 -0.7721 -0.5696
vn -0.2682 -0.7681 -0.5815
vn 0.7924 -0.4083 -0.4533
vn 0.5297 -0.6318 -0.5659
vn -0.0858 -0.7864 -0.6117
vn -0.5227 -0.5431 -0.6572
vn -0.3081 -0.7320 -0.6077
vn -0.4039 -0.9026 -0.1488
vn -0.4950 -0.5524 -0.6708
vn -0.4128 -0.4115 -0.8125
vn -0.5273 -0.3722 -0.7638
vn -0.3314 -0.2897 -0.8979
vn 0.3327 -0.3575 -0.8726
vn 0.5233 -0.3962 -0.7544
vn -0.7627 0.5059 0.4029
vn -0.6483 -0.2942 0.7022
vn -0.1216 0.7932 0.5967
vn 0.5137 0.8018 0.3052
vn 0.1417 0.1569 0.9774
vn 0.7711 -0.5913 -0.2361
vn 0.8125 0.0273 -0.5823
vn 0.7612 -0.4441 0.4726
vn 0.2317 0.7706 0.5937
vn 0.1838 0.9543 -0.2358
vn 0.5628 0.2533 -0.7868
vn 0.5690 -0.2657 -0.7782
vn 0.8957 -0.3773 -0.2352
vn 0.2527 0.5976 0.7609
vn 0.5925 0.7499 0.2942
vn 0.4601 -0.1960 0.8660
vn 0.7063 -0.6066 -0.3650
vn 0.7705 0.0038 -0.6375
vn 0.7577 -0.5104 0.4067
vn 0.7745 0.1528 0.6138
vn 0.3821 0.8849 -0.2663
vn 0.5167 0.3131 -0.7969
vn 0.4620 -0.1451 -0.8749
vn 0.8902 -0.3259 -0.3185
vn 0.6324 -0.7509 0.1901
vn 0.6393 -0.5666 -0.5199
vn 0.8905 -0.0701 0.4495
vn 0.8084 -0.0624 -0.5854
vn 0.6172 0.7761 0.1294
vn 0.3718 0.4558 -0.8087
vn 0.3342 -0.4144 -0.8465
vn 0.5968 0.7109 -0.3721
vn 0.6372 0.3793 0.6708
vn 0.6062 -0.2119 0.7666
vn 0.6604 -0.7390 0.1334
vn 0.5428 0.7334 -0.4093
vn 0.7786 0.1962 0.5960
vn 0.5370 -0.5250 -0.6603
vn 0.4843 -0.8089 0.3332
vn 0.5148 -0.6843 -0.5164
vn 0.7734 0.3901 -0.4998
vn 0.4597 0.5809 0.6717
vn 0.4798 -0.4388 0.7598
vn -0.2871 0.9468 -0.1453
vn -0.5849 0.2525 -0.7708
vn -0.7335 0.4938 0.4671
vn -0.8205 -0.5640 -0.0930
vn -0.8908 -0.3844 0.2424
vn -0.6716 -0.2064 -0.7116
vn -0.4915 0.7902 -0.3661
vn -0.6399 0.6328 0.4361
vn -0.7371 -0.5130 -0.4399
vn -0.7050 -0.5878 0.3967
vn -0.7042 -0.0729 -0.7062
vn -0.7752 0.5203 0.3584
vn -0.4485 0.8413 -0.3018
vn -0.3912 0.2990 -0.8704
vn -0.5280 -0.0627 -0.8469
vn -0.6949 -0.5613 -0.4495
vn -0.5570 -0.0076 0.8305
vn -0.5613 0.6178 0.5507
vn -0.6038 0.7653 0.2231
vn -0.0460 0.8082 0.5871
vn 0.6196 0.5444 0.5654
vn 0.4363 0.8391 -0.3250
vn 0.8485 0.2434 -0.4698
vn 0.9252 -0.0904 0.3686
vn 0.7778 -0.2115 -0.5919
vn 0.6141 -0.1331 -0.7779
vn 0.7985 -0.5418 -0.2625
vn 0.6376 -0.0694 0.7672
vn -0.1322 0.3922 0.9103
vn -0.5845 0.7823 0.2155
vn 0.5507 0.1849 -0.8139
vn 0.3077 -0.9508 -0.0351
vn 0.3078 -0.9512 0.0233
vn 0.0274 -0.9996 -0.0039
vn 0.0001 -0.9975 -0.0701
vn 0.3115 -0.9467 -0.0818
vn 0.2996 -0.9340 -0.1945
vn 0.0733 -0.9638 -0.2562
vn 0.3311 -0.9044 -0.2690
vn 0.1629 -0.9402 -0.2991
vn -0.4097 -0.7830 -0.4681
vn -0.7436 -0.4107 -0.5276
vn -0.6715 -0.2064 -0.7116
vn -0.8908 -0.3844 0.2424
vn -0.8048 -0.5667 -0.1764
vn -0.6399 0.6328 0.4360
vn -0.8462 0.4899 -0.2094
vn -0.4915 0.7902 -0.3661
vn -0.7118 0.6920 -0.1207
vn -0.8200 0.5220 -0.2346
vn -0.5841 -0.5236 -0.6202
vn -0.8205 -0.3984 0.4100
vn -0.4252 0.6528 -0.6270
vn -0.7090 0.6209 -0.3344
vn -0.6439 0.7119 0.2802
vn -0.6941 -0.6832 -0.2268
vn -0.5899 -0.4290 0.6840
vn -0.7027 -0.7013 0.1197
vn -0.4290 0.7229 0.5416
vn -0.7921 0.5641 -0.2332
vn -0.0023 0.7029 -0.7112
vn 0.0809 -0.8033 -0.5901
vn -0.4130 -0.9064 0.0891
vn -0.1247 -0.9922 0.0039
vn -0.8006 -0.4360 -0.4109
vn -0.6703 -0.6403 0.3752
vn -0.4367 -0.8952 -0.0892
vn -0.1161 -0.6965 -0.7081
vn 0.1980 0.5392 -0.8186
vn -0.6012 0.7796 0.1754
vn -0.5929 0.7868 -0.1714
vn -0.7749 0.5629 0.2874
vn 0.1967 0.5400 0.8184
vn -0.1159 -0.6966 0.7081
vn -0.7032 -0.7007 -0.1206
vn 0.0001 -0.9975 0.0701
vn -0.8191 -0.3979 -0.4133
vn -0.6439 0.7120 -0.2801
vn -0.6941 -0.6832 0.2268
vn -0.8054 -0.5671 0.1724
vn -0.5856 -0.5239 0.6185
vn -0.8463 0.4898 0.2094
vn -0.4253 0.6527 0.6270
vn -0.7090 0.6209 0.3343
vn 0.0816 -0.8028 0.5907
vn -0.5846 -0.4291 -0.6885
vn -0.4289 0.7229 -0.5417
vn -0.0015 0.6991 0.7150
vn -0.5568 -0.0037 -0.8306
vn -0.9746 0.1855 0.1251
vn -0.6975 -0.5613 0.4456
vn -0.6212 0.0823 0.7793
vn -0.8746 0.4053 0.2659
vn -0.6664 0.2856 0.6887
vn -0.6350 0.7654 0.1045
vn -0.4731 0.2706 0.8384
vn -0.3550 -0.4041 0.8430
vn -0.4418 -0.5666 0.6955
vn -0.8358 -0.3994 0.3766
vn 0.1631 -0.9413 0.2956
vn -0.7435 -0.4106 0.5278
vn -0.4099 -0.7829 0.4680
vn 0.0738 -0.9647 0.2529
vn -0.8501 -0.5086 -0.1367
vn -0.6399 0.6329 -0.4359
vn -0.8911 -0.3837 -0.2422
vn -0.6708 -0.2073 0.7121
vn -0.8201 0.5219 0.2347
vn -0.9276 0.3735 0.0087
vn -0.6333 0.5414 -0.5530
vn -0.4914 0.7903 0.3660
vn -0.7137 0.6899 0.1211
vn 0.1968 0.5399 0.8184
vn -0.5928 0.7868 -0.1715
vn -0.1801 0.9175 0.3546
vn -0.6703 -0.6403 0.3752
vn -0.7059 -0.6208 0.3410
vn -0.1161 -0.6965 -0.7081
vn -0.7050 -0.6199 -0.3444
vn -0.6647 -0.0057 0.7471
vn -0.6028 0.5128 -0.6113
vn -0.8006 -0.4360 -0.4109
vn -0.1160 -0.6965 0.7081
vn -0.6011 0.7797 0.1755
vn -0.6053 0.5117 0.6098
vn -0.6648 -0.0058 -0.7470
vn 0.1980 0.5392 -0.8186
vn -0.1802 0.9175 -0.3545
vn 0.1293 0.7670 0.6285
vn 0.6170 0.4584 0.6397
vn 0.8982 0.3126 -0.3091
vn 0.8291 0.3470 -0.4384
vn 0.0543 0.8256 0.5616
vn -0.4638 0.2740 0.8425
vn -0.2029 0.8466 0.4920
vn 0.2195 0.5743 -0.7886
vn 0.4102 -0.0556 -0.9103
vn 0.9509 0.0095 -0.3092
vn 0.8966 -0.3960 0.1980
vn 0.1291 -0.3977 0.9084
vn 0.3302 -0.0614 0.9419
vn -0.3880 0.2322 0.8919
vn 0.3932 0.8904 0.2292
vn 0.6881 -0.1320 -0.7135
vn 0.4344 -0.0481 -0.8994
vn 0.4757 -0.2578 -0.8410
vn 0.5886 -0.4735 -0.6552
vn 0.9052 -0.4111 -0.1079
vn 0.7818 -0.5808 -0.2267
vn 0.8857 -0.3850 -0.2595
vn 0.6605 -0.3923 -0.6402
vn 0.7739 -0.5872 0.2371
vn 0.7571 -0.4513 -0.4724
vn 0.8125 0.0351 0.5819
vn 0.5757 -0.2568 0.7763
vn 0.5622 0.2619 0.7844
vn 0.1837 0.9543 0.2359
vn 0.2313 0.7689 -0.5960
vn -0.4313 0.0622 0.9001
vn -0.8778 -0.0428 -0.4772
vn -0.6038 0.7653 0.2231
vn -0.3912 0.2990 -0.8704
vn -0.2176 0.0043 -0.9760
vn -0.2924 0.0155 -0.9562
vn -0.5280 -0.0626 -0.8469
vn -0.5364 -0.3257 -0.7786
vn -0.6436 -0.0257 -0.7650
vn -0.9290 -0.1889 -0.3182
vn -0.7201 0.4167 -0.5548
vn -0.5535 0.7954 0.2468
vn -0.5641 0.2667 0.7815
vn -0.1939 -0.2943 -0.9358
vn -0.6949 -0.5613 -0.4495
vn -0.6186 0.0825 -0.7813
vn 0.2586 -0.2397 -0.9358
vn 0.3237 -0.3446 -0.8812
vn -0.4604 -0.2580 -0.8494
vn -0.5151 -0.0159 -0.8570
vn -0.6538 0.0527 -0.7548
vn 0.3203 -0.4471 -0.8352
vn -0.3740 -0.2310 -0.8982
vn -0.6130 -0.1535 -0.7751
vn -0.6332 0.5414 0.5531
vn -0.8506 -0.5087 0.1334
vn -0.9276 0.3735 -0.0087
vn -0.8355 -0.3996 -0.3773
vn -0.4375 -0.5659 -0.6988
vn -0.3553 -0.4006 -0.8446
vn -0.4690 0.2755 -0.8391
vn -0.6616 0.2897 -0.6917
vn -0.6328 0.7667 -0.1089
vn -0.8741 0.4047 -0.2687
vn -0.9742 0.1853 -0.1288
vn -0.5569 -0.0076 0.8305
vn 0.5534 -0.7753 -0.3043
vn 0.5104 -0.6336 -0.5815
vn 0.6994 -0.4086 -0.5864
vn -0.7538 0.2577 -0.6044
vn 0.4751 -0.3646 -0.8008
vn -0.7341 -0.1600 -0.6600
vn -0.9623 -0.0829 -0.2589
vn -0.7186 0.6773 0.1577
vn -0.2932 0.2863 0.9122
vn -0.6713 -0.1923 -0.7158
vn -0.6358 -0.2154 -0.7412
vn -0.3901 0.5192 -0.7604
vn -0.8275 -0.2630 -0.4960
vn -0.8190 0.5585 -0.1318
vn -0.8115 -0.3489 0.4687
vn -0.5077 0.4815 0.7145
vn -0.0429 0.9588 -0.2809
vn -0.4070 0.4112 -0.8156
vn -0.7057 -0.6535 -0.2737
vn -0.4955 -0.5405 0.6799
vn -0.2109 0.5431 0.8127
vn -0.0819 0.9666 -0.2429
vn -0.2142 0.7281 -0.6512
vn -0.4122 0.7937 -0.4473
vn -0.4481 0.5954 -0.6668
vn -0.6350 0.7654 0.1044
vn -0.1677 0.7098 0.6842
vn -0.4731 0.2706 0.8385
vn -0.1673 -0.5416 0.8238
vn -0.4418 -0.5666 0.6955
vn -0.4452 -0.8954 0.0023
vn -0.8500 -0.5087 -0.1367
vn -0.5304 0.0129 -0.8476
vn -0.6333 0.5414 -0.5530
vn -0.8539 0.1173 -0.5071
vn -0.5380 0.6100 0.5818
vn -0.5847 0.7900 -0.1843
vn -0.8610 -0.2847 0.4214
vn -0.7346 -0.5790 -0.3537
vn -0.6130 -0.1534 -0.7751
vn -0.7539 0.2576 -0.6044
vn -0.7186 0.6774 0.1577
vn -0.4844 0.7016 0.5226
vn -0.5640 0.2668 0.7815
vn -0.9290 -0.1889 -0.3182
vn -0.2869 0.9468 0.1455
vn -0.7328 0.4939 -0.4681
vn -0.5862 0.2517 0.7701
vn -0.8215 -0.5628 0.0917
vn -0.8911 -0.3837 -0.2422
vn -0.6708 -0.2073 0.7121
vn -0.4914 0.7903 0.3660
vn -0.6399 0.6329 -0.4359
vn -0.8444 -0.3168 -0.4319
vn -0.9265 -0.2628 0.2693
vn -0.8547 0.1762 -0.4883
vn -0.6839 0.3943 0.6138
vn -0.5576 0.8171 -0.1463
vn -0.2304 0.6367 0.7359
vn -0.4312 0.0622 0.9001
vn -0.8778 -0.0429 -0.4772
vn -0.6538 0.0527 -0.7549
vn -0.7201 0.4168 -0.5548
vn -0.5536 0.7954 0.2468
vn -0.7861 -0.5697 -0.2397
vn -0.5360 -0.1891 0.8228
vn -0.7590 0.4895 -0.4293
vn -0.2609 0.8876 0.3795
vn -0.4253 0.6527 0.6270
vn -0.6439 0.7120 -0.2801
vn -0.8191 -0.3979 -0.4132
vn -0.5856 -0.5240 0.6186
vn 0.2308 -0.9585 -0.1676
vn -0.8833 -0.4187 -0.2106
vn -0.2726 -0.6269 -0.7299
vn -0.9149 -0.4037 -0.0002
vn 0.1326 -0.9912 -0.0000
vn -0.9041 -0.2742 -0.3276
vn -0.8759 -0.3379 -0.3444
vn -0.9398 -0.3368 0.0584
vn -0.9353 -0.3213 0.1482
vn -0.9218 -0.2119 -0.3246
vn -0.9718 -0.1258 0.1993
vn -0.9748 -0.2231 0.0077
vn -0.9992 -0.0392 0.0117
vn -0.9740 -0.1260 -0.1880
vn -0.9653 -0.0394 -0.2581
vn -0.9991 0.0395 0.0117
vn -0.9826 -0.0314 -0.1833
vn -0.9935 0.1140 0.0038
vn -0.9965 0.0630 -0.0547
vn -0.9965 0.0629 0.0546
vn -0.9645 -0.1416 -0.2228
vn -0.9418 -0.2201 -0.2540
vn -0.9610 -0.0392 0.2736
vn -0.9810 -0.0314 0.1913
vn -0.9665 -0.1059 -0.2339
vn -0.9552 -0.2467 -0.1636
vn -0.9114 -0.4114 0.0077
vn -0.9347 -0.3553 0.0046
vn -0.9635 -0.2666 0.0236
vn -0.9369 -0.2632 -0.2302
vn -0.3689 0.0307 -0.9290
vn -0.3748 -0.1529 -0.9144
vn -0.3001 -0.2623 -0.9171
vn -0.1871 -0.2392 -0.9528
vn -0.2381 -0.3524 -0.9051
vn -0.3476 -0.3260 -0.8791
vn -0.3313 -0.2667 -0.9050
vn 0.6933 0.3371 -0.6369
vn 0.5771 0.2462 -0.7787
vn 0.5705 -0.0274 -0.8208
vn 0.6671 -0.1840 -0.7219
vn 0.7214 -0.2116 -0.6594
vn 0.7399 -0.1217 -0.6616
vn -0.3476 -0.3261 -0.8791
vn 0.7501 -0.0427 -0.6600
vn -0.3313 -0.2667 -0.9051
vn 0.6299 -0.2894 -0.7207
vn -0.2727 -0.6269 -0.7299
vn 0.9502 -0.3035 -0.0710
vn 0.2307 -0.9585 -0.1675
vn 0.9044 -0.4266 -0.0001
vn 0.1326 -0.9912 0.0000
vn 0.9933 -0.0553 -0.1018
vn 0.9631 -0.0984 -0.2506
vn 0.9558 -0.1259 -0.2657
vn 0.9730 0.0038 -0.2306
vn 0.9568 0.2040 -0.2072
vn 0.9218 0.3024 -0.2424
vn 0.9737 0.2277 -0.0002
vn 0.9604 0.2785 0.0001
vn 0.9905 0.1373 -0.0000
vn 1.0000 0.0001 0.0000
vn 0.9962 -0.0867 -0.0001
vn 0.9899 -0.1417 -0.0001
vn 0.9502 -0.3026 0.0743
vn 0.9933 -0.0552 0.1018
vn 0.7500 -0.0427 0.6600
vn 0.6297 -0.2888 0.7212
vn -0.2726 -0.6267 0.7300
vn -0.3313 -0.2664 0.9051
vn -0.3477 -0.3260 0.8791
vn 0.7399 -0.1217 0.6616
vn 0.9634 -0.0979 0.2497
vn 0.9569 -0.1259 0.2617
vn 0.9730 0.0038 0.2307
vn 0.9568 0.2039 0.2072
vn 0.9219 0.3024 0.2424
vn 0.9246 0.3215 0.2042
vn 0.9431 0.3325 -0.0000
vn 0.9246 0.3215 -0.2043
vn -0.9552 -0.2468 0.1636
vn -0.9418 -0.2201 0.2540
vn -0.3477 -0.3260 0.8791
vn -0.3313 -0.2665 0.9051
vn -0.2726 -0.6267 0.7301
vn -0.2382 -0.3523 0.9051
vn -0.9665 -0.1059 0.2340
vn 0.5771 0.2464 0.7786
vn -0.3748 -0.1529 0.9144
vn 0.5705 -0.0312 0.8207
vn 0.6672 -0.1841 0.7218
vn 0.7208 -0.2154 0.6588
vn -0.1871 -0.2391 0.9528
vn -0.9219 -0.2118 0.3245
vn -0.9364 -0.3217 -0.1405
vn -0.9454 -0.3258 0.0078
vn -0.2997 -0.2660 0.9162
vn -0.8759 -0.3379 0.3445
vn 0.6357 -0.0692 -0.7688
vn 0.9239 -0.0898 -0.3719
vn 0.7986 -0.5414 0.2627
vn 0.7808 -0.2119 0.5877
vn 0.8495 0.2433 0.4681
vn 0.6170 -0.1332 0.7756
vn 0.9050 -0.4113 0.1090
vn 0.8937 -0.4005 -0.2022
vn 0.9513 0.0094 0.3082
vn 0.0464 0.8274 -0.5597
vn 0.8287 0.3485 0.4379
vn 0.6161 0.4564 -0.6419
vn 0.8990 0.3126 0.3069
vn 0.1256 0.7673 -0.6289
vn -0.2068 0.8477 -0.4886
vn 0.2278 0.5752 0.7856
vn 0.3931 0.8905 -0.2291
vn 0.6925 -0.1285 0.7099
vn 0.4185 -0.0516 0.9067
vn 0.4408 -0.0402 0.8967
vn 0.4840 -0.2506 0.8384
vn 0.5933 -0.4665 0.6561
vn 0.6676 -0.3880 0.6354
vn 0.7833 -0.5791 0.2260
vn 0.8878 -0.3801 0.2596
vn 0.1216 -0.4028 -0.9072
vn -0.1803 0.6417 -0.7455
vn -0.6615 -0.2816 -0.6950
vn -0.8473 0.1801 -0.4996
vn -0.7424 -0.5782 -0.3383
vn -0.4230 -0.8939 0.1487
vn -0.4997 -0.7902 0.3547
vn -0.3189 -0.7274 0.6076
vn -0.8043 -0.5129 0.3002
vn -0.5305 -0.5417 0.6520
vn -0.8829 -0.3846 -0.2695
vn -0.9125 -0.2903 0.2884
vn -0.9360 -0.1282 -0.3279
vn -0.4832 -0.4540 -0.7486
vn -0.2958 -0.3294 -0.8967
vn -0.8483 -0.3810 -0.3677
vn -0.6276 -0.2195 0.7470
vn -0.6522 0.3675 0.6630
vn -0.9138 -0.0554 -0.4023
vn -0.3036 0.4183 -0.8560
vn -0.4950 -0.5523 -0.6708
vn -0.7627 0.5058 0.4030
vn -0.0582 0.9117 0.4067
vn 0.5635 0.3533 0.7467
vn 0.5273 0.4741 0.7051
vn 0.8121 0.2040 0.5468
vn 0.5359 0.2631 0.8023
vn -0.2931 0.2863 0.9122
vn -0.9623 -0.0830 -0.2589
vn -0.6713 -0.1923 -0.7158
vn -0.5273 -0.3722 -0.7638
vn -0.4129 -0.4116 -0.8125
vn -0.4753 0.2481 0.8441
vn -0.9312 -0.1205 -0.3439
vn -0.5288 0.5359 0.6582
vn -0.5254 -0.5359 0.6609
vn -0.7537 0.5257 -0.3943
vn -0.3126 0.4210 0.8515
vn -0.3038 -0.3299 0.8938
vn -0.4439 -0.4029 0.8004
vn -0.5615 -0.3640 0.7431
vn -0.5030 -0.4506 0.7375
vn -0.7057 -0.1846 0.6841
vn -0.8601 -0.3654 0.3559
vn -0.9691 -0.0740 0.2352
vn -0.6357 -0.2077 -0.7435
vn -0.2860 0.2869 -0.9143
vn 0.5535 0.2584 -0.7918
vn 0.8316 0.1961 -0.5196
vn 0.5457 0.4696 -0.6940
vn 0.5867 0.3494 -0.7306
vn -0.0542 0.9126 -0.4052
vn -0.9345 -0.1172 0.3361
vn -0.9211 -0.0544 0.3855
vn -0.4722 0.2580 -0.8429
vn -0.6593 0.3629 -0.6585
vn -0.5306 0.5377 -0.6552
vn -0.9409 -0.1200 0.3168
vn -0.8903 -0.3727 0.2616
vn -0.9168 -0.2785 -0.2863
vn -0.4917 0.6969 -0.5221
vn -0.7251 0.6694 -0.1616
vn -0.5650 0.2713 -0.7792
vn -0.7469 -0.5677 0.3462
vn -0.8599 0.1175 0.4967
vn -0.8628 -0.2786 -0.4219
vn -0.5422 0.6059 -0.5822
vn -0.5929 0.7837 0.1850
vn -0.9347 -0.1860 0.3030
vn -0.6333 -0.1482 0.7595
vn -0.7685 0.2595 0.5849
vn -0.2304 0.6367 -0.7359
vn -0.5558 0.7929 -0.2497
vn -0.4294 0.0668 -0.9006
vn -0.8479 -0.3132 0.4277
vn -0.8590 0.1763 0.4807
vn -0.9275 -0.2590 -0.2696
vn -0.6837 0.3945 -0.6140
vn -0.5575 0.8172 0.1460
vn -0.7291 0.4140 0.5449
vn -0.6631 0.0522 0.7467
vn -0.8820 -0.0429 0.4693
vn -0.5650 0.2713 -0.7792
vn -0.5558 0.7929 -0.2497
vn -0.9347 -0.1860 0.3030
vn -0.7291 0.4141 0.5449
vn -0.6562 -0.0275 0.7541
vn -0.5284 -0.0155 0.8488
vn -0.6631 0.0522 0.7467
vn -0.8820 -0.0429 0.4693
vn -0.3947 0.2988 0.8689
vn -0.6057 0.7625 -0.2273
vn -0.4294 0.0668 -0.9006
vn -0.6334 -0.1482 0.7595
vn -0.3939 -0.2277 0.8905
vn -0.7685 0.2595 0.5848
vn -0.5504 -0.3251 0.7690
vn 0.3431 -0.4465 0.8264
vn 0.3399 -0.3413 0.8763
vn -0.4645 -0.2581 0.8471
vn -0.2215 0.0051 0.9751
vn -0.2973 0.0157 0.9546
vn -0.5325 -0.0617 0.8441
vn -0.1938 -0.2943 0.9359
vn 0.2632 -0.2404 0.9343
vn 0.5134 -0.6337 0.5787
vn 0.3114 -0.9467 0.0818
vn 0.2996 -0.9340 0.1945
vn 0.3347 -0.9032 0.2686
vn 0.5563 -0.7735 0.3037
vn 0.7071 -0.4007 0.5826
vn 0.4879 -0.3570 0.7965
vn 0.5655 -0.3840 0.7299
vn 0.3596 -0.3531 0.8637
vn -0.7538 -0.1572 0.6380
vn -0.9691 -0.0739 0.2351
vn -0.7251 0.6694 -0.1615
vn -0.2861 0.2869 -0.9142
vn 0.5443 -0.6232 0.5616
vn -0.0859 -0.7865 0.6116
vn 0.4057 -0.6299 0.6623
vn 0.8087 -0.3926 0.4379
vn 0.8134 -0.1842 0.5518
vn 0.4457 -0.4232 0.7888
vn 0.7571 -0.1766 0.6289
vn 0.5914 -0.2943 0.7508
vn -0.3549 -0.2862 0.8900
vn -0.6598 -0.2172 0.7194
vn -0.7057 -0.1845 0.6840
vn -0.5615 -0.3640 0.7431
vn -0.3606 -0.4238 0.8308
vn -0.3351 -0.5561 0.7606
vn -0.3047 -0.7670 0.5647
vn -0.2762 -0.7663 0.5800
vn -0.5305 -0.5417 0.6520
vn -0.6615 -0.2816 -0.6950
vn -0.7537 0.5258 -0.3944
vn -0.4230 -0.8938 0.1487
vn -0.5254 -0.5358 0.6610
vn -0.3189 -0.7274 0.6076
vn -0.4439 -0.4029 0.8004
vn 0.6604 -0.7390 0.1334
vn 0.2811 -0.5410 0.7926
vn 0.8077 -0.1969 0.5558
vn 0.3870 -0.2355 0.8915
vn 0.6062 -0.2119 0.7666
vn 0.5609 -0.1137 0.8200
vn 0.6372 0.3794 0.6708
vn -0.1329 -0.2041 0.9699
vn 0.3948 -0.0904 0.9143
vn -0.1210 -0.1876 0.9748
vn 0.2026 -0.0693 0.9768
vn 0.2466 0.0922 0.9647
vn 0.5808 0.0675 0.8113
vn 0.7065 0.7077 -0.0008
vn 0.8044 -0.5639 -0.1869
vn 0.3342 -0.4144 -0.8465
vn 0.4634 -0.2110 -0.8606
vn 0.8904 -0.3212 0.3224
vn 0.5967 0.7109 -0.3721
vn 0.4623 -0.1320 0.8769
vn 0.5169 0.3252 0.7919
vn 0.6006 -0.2277 0.7665
vn -0.0393 -0.3256 0.9447
vn -0.2452 -0.3286 0.9121
vn -0.3158 -0.2469 0.9162
vn -0.4597 -0.4705 0.7532
vn 0.1900 -0.5680 0.8008
vn 0.3592 -0.4663 0.8084
vn 0.6411 -0.7321 0.2302
vn 0.6478 -0.6873 -0.3286
vn 0.8634 -0.2575 -0.4339
vn 0.5587 0.2374 -0.7947
vn 0.7664 0.4036 0.4997
vn 0.9974 0.0556 0.0464
vn 0.5099 -0.6827 0.5233
vn 0.9984 0.0435 0.0350
vn 0.4724 0.5699 -0.6724
vn 0.3308 -0.9387 -0.0972
vn 0.4868 -0.4461 -0.7510
vn 0.5295 -0.8481 -0.0153
vn 0.6348 0.7421 0.2151
vn 0.9005 0.2272 0.3708
vn 0.5657 0.0220 0.8243
vn 0.9103 0.4117 -0.0433
vn 0.6626 0.6682 -0.3382
vn 0.9863 0.1157 0.1173
vn 0.6401 0.1754 -0.7480
vn 0.5281 -0.8291 0.1835
vn 0.5658 -0.8182 -0.1023
vn 0.0392 -0.8766 0.4796
vn 0.3420 -0.7847 0.5170
vn 0.5076 -0.4920 0.7073
vn 0.7679 -0.3594 0.5302
vn 0.9791 0.0858 0.1846
vn 0.4027 -0.6531 0.6413
vn 0.6550 -0.4314 -0.6204
vn 0.7254 0.3897 0.5674
vn 0.6643 0.5037 -0.5522
vn -0.4326 -0.8580 0.2770
vn -0.3498 -0.8166 0.4591
vn -0.4672 -0.7193 0.5142
vn -0.3849 -0.8988 0.2100
vn -0.3771 -0.9261 0.0116
vn -0.4234 -0.9059 0.0078
vn -0.4235 -0.9059 -0.0039
vn -0.3576 -0.9339 -0.0077
vn -0.3849 -0.8987 -0.2101
vn -0.4284 -0.8613 -0.2730
vn -0.4597 -0.7238 -0.5145
vn 0.8153 -0.4823 0.3203
vn 0.7566 -0.5785 -0.3048
vn 0.4752 -0.8798 0.0107
vn 0.2001 -0.9797 -0.0070
vn 0.4713 -0.6916 0.5473
vn 0.7595 0.3690 0.5356
vn 0.9962 0.0866 0.0116
vn 0.8603 0.4692 -0.1993
vn 0.8585 0.4726 0.1990
vn 0.9964 0.0827 -0.0157
vn 0.7662 0.3558 -0.5351
vn 0.9986 0.0434 -0.0311
vn 0.4753 -0.6952 -0.5393
vn 0.3272 -0.9391 0.1049
vn 0.4798 -0.4388 0.7598
vn 0.4598 0.5809 0.6717
vn 0.5293 -0.8481 0.0232
vn 0.5148 -0.6843 -0.5165
vn 0.9975 0.0554 -0.0428
vn 0.7733 0.3901 -0.4998
vn 0.4063 -0.6597 -0.6323
vn 0.6518 -0.4226 0.6298
vn 0.5307 -0.8303 -0.1701
vn 0.9869 0.1152 -0.1130
vn 0.7312 0.3803 -0.5664
vn 0.6545 0.5143 0.5542
vn 0.6387 0.7377 -0.2189
vn 0.5713 0.0101 -0.8207
vn 0.9028 0.2162 -0.3717
vn 0.9104 0.4118 0.0394
vn 0.6557 0.6768 0.3347
vn 0.6295 0.1912 0.7531
vn 0.5643 -0.8181 0.1108
vn 0.0466 -0.8790 -0.4746
vn 0.5700 0.0521 -0.8200
vn 0.8074 -0.2065 -0.5527
vn 0.7104 0.7038 -0.0110
vn 0.8040 -0.5632 0.1907
vn 0.2107 -0.0853 -0.9738
vn 0.2542 0.0727 -0.9644
vn 0.1932 -0.5748 -0.7951
vn 0.3395 -0.4818 -0.8078
vn 0.6402 -0.7352 -0.2227
vn 0.6590 -0.6711 0.3397
vn 0.8611 -0.2501 0.4426
vn 0.5832 0.2495 0.7731
vn 0.9795 0.0821 -0.1839
vn 0.3467 -0.7868 -0.5106
vn 0.5128 -0.4974 -0.6997
vn 0.7688 -0.3675 -0.5234
vn -0.3425 -0.8215 -0.4558
vn -0.4534 -0.4794 -0.7514
vn -0.1134 -0.2037 -0.9724
vn 0.2842 -0.5477 -0.7870
vn 0.6616 -0.7393 -0.1252
vn 0.3303 -0.4027 0.8537
vn 0.6055 -0.2228 -0.7640
vn 0.3869 -0.2509 -0.8873
vn -0.3087 -0.2630 -0.9141
vn -0.1289 -0.2156 -0.9679
vn 0.5621 -0.1252 -0.8175
vn 0.6402 0.3665 -0.6751
vn 0.8902 -0.3258 -0.3185
vn 0.5922 0.7149 0.3717
vn 0.4601 -0.1960 0.8659
vn 0.1418 0.1568 0.9774
vn 0.5925 0.7499 0.2943
vn 0.8957 -0.3772 -0.2353
vn 0.5166 0.3131 -0.7969
vn 0.5980 -0.2351 -0.7663
vn 0.5690 -0.2656 -0.7782
vn 0.4620 -0.1451 -0.8749
vn 0.3942 -0.1059 -0.9129
vn -0.2418 -0.3372 -0.9098
vn -0.0393 -0.3338 -0.9418
vn -0.0432 -0.3420 -0.9387
vn 0.4666 -0.2116 -0.8588
vn 0.6514 -0.1921 -0.7340
vn 0.5628 0.2534 -0.7868
vn 0.5931 -0.3845 -0.7073
vn 0.6881 -0.1321 -0.7135
vn 0.5276 -0.2974 -0.7958
vn 0.4343 -0.0481 -0.8995
vn 0.3347 -0.1535 -0.9297
vn 0.4757 -0.2577 -0.8410
vn -0.2264 -0.4198 -0.8789
vn 0.0312 -0.4933 -0.8693
vn 0.4658 -0.2925 -0.8351
vn 0.0391 -0.4469 -0.8937
vn -0.1480 -0.3688 -0.9176
vn 0.5157 -0.3690 -0.7732
vn 0.6606 -0.3923 -0.6401
vn 0.3302 -0.0615 0.9419
vn 0.5136 0.8019 0.3052
vn 0.8857 -0.3850 -0.2595
vn -0.0859 -0.5177 -0.8512
vn 0.0117 -0.5564 -0.8308
vn 0.4804 -0.3072 -0.8215
vn 0.6142 -0.1331 -0.7779
vn 0.7985 -0.5418 -0.2625
vn 0.3932 0.8904 0.2292
vn 0.6376 -0.0693 0.7672
vn 0.5508 0.1849 -0.8139
usemtl mat0
f 1/1/1 2/2/2 3/3/3
f 4/4/4 3/3/3 2/2/2
f 3/3/3 4/4/4 5/5/5
f 1/1/6 6/6/7 7/7/8
f 8/8/9 7/7/8 6/6/7
f 6/6/7 9/9/10 8/8/9
f 10/10/11 8/8/9 9/9/10
f 9/9/10 11/11/12 10/10/11
f 12/12/13 10/10/11 11/11/12
f 10/10/11 12/12/13 13/13/14
f 14/14/15 13/13/14 12/12/13
f 14/14/15 15/15/16 13/13/14
f 16/16/17 17/17/18 18/18/19
f 19/19/20 16/16/17 18/18/19
f 19/19/20 20/20/21 16/16/17
f 20/20/21 21/21/22 16/16/17
f 16/16/17 21/21/22 17/17/18
f 22/22/23 17/17/18 21/21/22
f 17/17/18 22/22/23 23/23/24
f 24/24/25 23/23/24 22/22/23
f 24/24/25 25/25/26 23/23/24
f 26/26/27 27/27/28 28/28/29
f 28/28/29 29/29/30 26/26/27
f 30/30/31 26/26/27 29/29/30
f 29/29/30 31/31/32 30/30/31
f 32/32/33 31/31/32 29/29/30
f 29/29/30 28/28/29 32/32/33
f 33/33/34 32/32/33 28/28/29
f 28/28/29 34/34/35 33/33/34
f 34/34/35 28/28/29 27/27/28
f 35/35/36 36/36/37 37/37/38
f 38/38/39 37/37/38 36/36/37
f 36/36/37 39/39/40 38/38/39
f 39/39/40 40/40/41 38/38/39
f 38/38/39 40/40/41 41/41/42
f 38/38/39 41/41/42 37/37/38
f 42/42/43 33/33/34 34/34/35
f 34/34/35 43/43/44 42/42/43
f 44/44/45 42/42/43 43/43/44
f 43/43/44 45/45/46 44/44/45
f 45/45/46 43/43/44 46/46/47
f 47/47/48 46/46/47 43/43/44
f 46/46/47 47/47/48 48/48/49
f 43/43/44 34/34/35 47/47/48
f 27/27/28 47/47/48 34/34/35
f 47/47/48 27/27/28 49/49/50
f 49/49/50 48/48/49 47/47/48
f 48/48/49 49/49/50 50/50/51
f 50/50/51 51/51/52 48/48/49
f 52/52/53 48/48/49 51/51/52
f 48/48/49 52/52/53 46/46/47
f 53/53/54 46/46/47 52/52/53
f 46/46/47 53/53/54 45/45/46
f 54/54/55 45/45/46 53/53/54
f 54/54/55 35/35/36 45/45/46
f 37/37/38 45/45/46 35/35/36
f 37/37/38 44/44/45 45/45/46
f 44/44/45 37/37/38 55/55/56
f 55/55/56 56/56/57 44/44/45
f 42/42/43 44/44/45 56/56/57
f 56/56/57 57/57/58 42/42/43
f 33/33/34 42/42/43 57/57/58
f 57/57/58 56/56/57 58/58/59
f 59/59/60 60/60/61 61/61/62
f 62/62/63 61/61/62 60/60/61
f 63/63/64 64/64/65 60/60/61
f 62/62/63 60/60/61 64/64/65
f 62/62/63 64/64/65 65/65/66
f 65/65/66 66/66/67 62/62/63
f 61/61/62 62/62/63 66/66/67
f 61/61/62 66/66/67 67/67/68
f 61/61/62 67/67/68 59/59/60
f 68/68/69 59/59/60 67/67/68
f 69/69/70 70/70/71 71/71/72
f 72/72/73 71/71/72 70/70/71
f 70/70/71 73/73/74 72/72/73
f 74/74/75 72/72/73 73/73/74
f 73/73/74 75/75/76 74/74/75
f 74/74/75 75/75/76 76/76/77
f 77/77/78 65/65/66 64/64/65
f 65/65/66 77/77/78 78/78/79
f 79/79/80 78/78/79 77/77/78
f 79/79/80 77/77/78 80/80/81
f 79/79/80 80/80/81 81/81/82
f 82/82/83 81/81/82 80/80/81
f 82/82/83 83/83/84 81/81/82
f 84/84/85 81/81/82 83/83/84
f 81/81/82 84/84/85 85/85/86
f 86/86/87 85/85/86 84/84/85
f 86/86/87 69/69/70 85/85/86
f 71/71/72 85/85/86 69/69/70
f 71/71/72 87/87/88 85/85/86
f 71/71/72 72/72/73 87/87/88
f 88/88/89 87/87/88 72/72/73
f 72/72/73 74/74/75 88/88/89
f 89/89/90 88/88/89 74/74/75
f 74/74/75 76/76/77 89/89/90
f 90/90/91 89/89/90 76/76/77
f 79/79/80 81/81/82 78/78/79
f 85/85/86 78/78/79 81/81/82
f 78/78/79 85/85/86 87/87/88
f 91/91/92 67/67/68 66/66/67
f 92/92/93 76/76/77 75/75/76
f 76/76/77 92/92/93 90/90/91
f 93/93/94 90/90/91 92/92/93
f 90/90/91 93/93/94 94/94/95
f 95/95/96 94/94/95 93/93/94
f 94/94/95 95/95/96 96/96/97
f 97/97/98 96/96/97 95/95/96
f 96/96/97 97/97/98 98/98/99
f 99/99/100 98/98/99 97/97/98
f 99/99/100 68/68/69 98/98/99
f 67/67/68 98/98/99 68/68/69
f 98/98/99 67/67/68 100/100/101
f 91/91/92 100/100/101 67/67/68
f 91/91/92 88/88/89 100/100/101
f 91/91/92 66/66/67 88/88/89
f 87/87/88 88/88/89 66/66/67
f 66/66/67 65/65/66 87/87/88
f 78/78/79 87/87/88 65/65/66
f 90/90/91 94/94/95 89/89/90
f 100/100/101 89/89/90 94/94/95
f 89/89/90 100/100/101 88/88/89
f 94/94/95 96/96/97 100/100/101
f 98/98/99 100/100/101 96/96/97
f 101/76/102 102/90/103 103/92/104
f 103/92/104 104/75/105 101/76/102
f 105/74/106 101/76/102 104/75/105
f 104/75/105 106/73/107 105/74/106
f 105/74/106 106/73/107 107/72/108
f 108/70/109 107/72/108 106/73/107
f 107/72/108 108/70/109 109/71/110
f 110/69/111 109/71/110 108/70/109
f 109/71/110 110/69/111 111/85/112
f 112/86/113 111/85/112 110/69/111
f 112/86/113 113/84/114 111/85/112
f 114/81/115 111/85/112 113/84/114
f 113/84/114 115/83/116 114/81/115
f 116/82/117 114/81/115 115/83/116
f 116/82/117 117/80/118 114/81/115
f 118/79/119 114/81/115 117/80/118
f 118/79/119 119/78/120 114/81/115
f 118/79/119 120/77/121 119/78/120
f 120/77/121 118/79/119 117/80/118
f 121/63/122 122/60/123 123/64/124
f 119/78/120 124/65/125 125/87/126
f 124/65/125 119/78/120 120/77/121
f 120/77/121 123/64/124 124/65/125
f 126/62/127 124/65/125 123/64/124
f 126/62/127 123/64/124 122/60/123
f 126/62/127 122/60/123 127/61/128
f 128/59/129 127/61/128 122/60/123
f 127/61/128 128/59/129 129/67/130
f 130/68/131 129/67/130 128/59/129
f 129/67/130 130/68/131 131/98/132
f 132/99/133 131/98/132 130/68/131
f 132/99/133 133/97/134 131/98/132
f 134/96/135 131/98/132 133/97/134
f 133/97/134 135/95/136 134/96/135
f 136/94/137 134/96/135 135/95/136
f 135/95/136 137/93/138 136/94/137
f 102/90/103 136/94/137 137/93/138
f 137/93/138 103/92/104 102/90/103
f 111/85/112 114/81/115 119/78/120
f 127/61/128 129/67/130 138/66/139
f 127/61/128 138/66/139 126/62/127
f 124/65/125 126/62/127 138/66/139
f 138/66/139 125/87/126 124/65/125
f 125/87/126 138/66/139 139/88/140
f 140/91/141 139/88/140 138/66/139
f 140/91/141 138/66/139 129/67/130
f 140/91/141 129/67/130 141/100/142
f 131/98/132 141/100/142 129/67/130
f 131/98/132 134/96/135 141/100/142
f 136/94/137 141/100/142 134/96/135
f 141/100/142 136/94/137 142/89/143
f 102/90/103 142/89/143 136/94/137
f 102/90/103 101/76/102 142/89/143
f 105/74/106 142/89/143 101/76/102
f 142/89/143 105/74/106 139/88/140
f 107/72/108 139/88/140 105/74/106
f 139/88/140 107/72/108 125/87/126
f 109/71/110 125/87/126 107/72/108
f 109/71/110 111/85/112 125/87/126
f 119/78/120 125/87/126 111/85/112
f 142/89/143 139/88/140 141/100/142
f 140/91/141 141/100/142 139/88/140
f 143/101/144 144/102/145 145/103/146
f 146/104/147 145/103/146 144/102/145
f 145/103/146 146/104/147 147/105/148
f 148/106/149 147/105/148 146/104/147
f 147/105/148 148/106/149 149/107/150
f 143/101/151 150/108/152 151/109/153
f 152/110/154 151/109/153 150/108/152
f 150/108/152 153/111/155 152/110/154
f 154/112/156 155/113/157 156/114/158
f 157/115/159 156/114/158 155/113/157
f 156/114/158 157/115/159 158/116/160
f 159/117/161 158/116/160 157/115/159
f 159/117/161 160/118/162 158/116/160
f 160/118/162 159/117/161 161/119/163
f 162/120/164 161/119/163 159/117/161
f 162/120/164 163/121/165 161/119/163
f 162/120/164 164/122/166 163/121/165
f 165/123/167 163/121/165 164/122/166
f 164/122/166 166/124/168 165/123/167
f 167/125/169 165/123/167 166/124/168
f 167/125/169 166/124/168 168/126/170
f 169/127/171 168/126/170 166/124/168
f 169/127/171 170/128/172 168/126/170
f 169/127/171 171/129/173 170/128/172
f 172/130/174 170/128/172 171/129/173
f 172/130/174 171/129/173 173/131/175
f 174/132/176 173/131/175 171/129/173
f 171/129/173 155/113/157 174/132/176
f 171/129/173 169/127/171 155/113/157
f 166/124/168 155/113/157 169/127/171
f 155/113/157 166/124/168 157/115/159
f 164/122/166 157/115/159 166/124/168
f 164/122/166 162/120/164 157/115/159
f 159/117/161 157/115/159 162/120/164
f 175/133/177 176/134/178 177/135/179
f 178/136/180 179/137/181 180/138/182
f 179/137/181 178/136/180 181/139/183
f 182/140/184 181/139/183 178/136/180
f 181/139/183 182/140/184 183/141/185
f 184/142/186 183/141/185 182/140/184
f 184/142/186 175/133/177 183/141/185
f 177/135/179 183/141/185 175/133/177
f 177/135/179 172/130/174 183/141/185
f 172/130/174 177/135/179 170/128/172
f 185/143/187 170/128/172 177/135/179
f 185/143/187 177/135/179 176/134/178
f 185/143/187 176/134/178 170/128/172
f 186/144/188 170/128/172 176/134/178
f 186/144/188 168/126/170 170/128/172
f 187/145/189 173/131/175 188/146/190
f 174/132/176 188/146/190 173/131/175
f 174/132/176 154/112/156 188/146/190
f 154/112/156 174/132/176 155/113/157
f 158/116/160 189/147/191 156/114/158
f 190/148/192 156/114/158 189/147/191
f 156/114/158 190/148/192 154/112/156
f 191/149/193 154/112/156 190/148/192
f 191/149/193 188/146/190 154/112/156
f 191/149/193 192/150/194 188/146/190
f 192/150/194 191/149/193 193/151/195
f 190/148/192 189/147/191 193/151/195
f 190/148/192 193/151/195 191/149/193
f 173/131/175 183/141/185 172/130/174
f 173/131/175 187/145/189 183/141/185
f 181/139/183 183/141/185 187/145/189
f 187/145/189 188/146/190 181/139/183
f 179/137/181 181/139/183 188/146/190
f 179/137/181 188/146/190 192/150/194
f 192/150/194 180/138/182 179/137/181
f 192/150/194 193/151/195 180/138/182
f 194/152/196 180/138/182 193/151/195
f 193/151/195 195/153/197 194/152/196
f 195/153/197 193/151/195 189/147/191
f 189/147/191 196/154/198 195/153/197
f 189/147/191 158/116/160 196/154/198
f 197/155/199 196/154/198 158/116/160
f 197/155/199 158/116/160 160/118/162
f 160/118/162 198/156/200 197/155/199
f 160/118/162 161/119/163 198/156/200
f 199/157/201 198/156/200 161/119/163
f 200/158/202 201/159/203 202/160/204
f 203/161/205 202/160/204 201/159/203
f 203/161/205 201/159/203 204/162/206
f 205/163/207 161/119/163 163/121/165
f 206/164/208 194/152/196 195/153/197
f 161/119/163 205/163/207 199/157/201
f 207/165/209 199/157/201 205/163/207
f 205/163/207 208/166/210 207/165/209
f 209/167/211 207/165/209 208/166/210
f 207/165/209 209/167/211 210/168/212
f 207/165/209 210/168/212 199/157/201
f 211/169/213 199/157/201 210/168/212
f 211/169/213 212/170/214 199/157/201
f 198/156/200 199/157/201 212/170/214
f 212/170/214 213/171/215 198/156/200
f 214/172/216 198/156/200 213/171/215
f 214/172/216 197/155/199 198/156/200
f 214/172/216 204/162/206 197/155/199
f 196/154/198 197/155/199 204/162/206
f 196/154/198 204/162/206 201/159/203
f 201/159/203 195/153/197 196/154/198
f 201/159/203 200/158/202 195/153/197
f 206/164/208 195/153/197 200/158/202
f 214/172/216 213/171/215 204/162/206
f 215/173/217 204/162/206 213/171/215
f 216/174/218 217/175/219 218/176/220
f 219/177/221 218/176/220 217/175/219
f 220/135/222 221/141/223 222/130/224
f 222/130/224 223/128/225 220/135/222
f 224/143/226 220/135/222 223/128/225
f 224/143/226 223/128/225 225/134/227
f 224/143/226 225/134/227 220/135/222
f 226/133/228 220/135/222 225/134/227
f 220/135/222 226/133/228 221/141/223
f 227/142/229 221/141/223 226/133/228
f 227/142/229 228/140/230 221/141/223
f 229/139/231 221/141/223 228/140/230
f 228/140/230 230/136/232 229/139/231
f 231/137/233 229/139/231 230/136/232
f 232/144/234 223/128/225 233/126/235
f 232/144/234 225/134/227 223/128/225
f 230/136/232 234/138/236 231/137/233
f 235/150/237 231/137/233 234/138/236
f 231/137/233 235/150/237 236/146/238
f 231/137/233 236/146/238 229/139/231
f 237/145/239 229/139/231 236/146/238
f 229/139/231 237/145/239 221/141/223
f 238/131/240 221/141/223 237/145/239
f 238/131/240 222/130/224 221/141/223
f 222/130/224 238/131/240 239/129/241
f 222/130/224 239/129/241 223/128/225
f 240/127/242 223/128/225 239/129/241
f 240/127/242 233/126/235 223/128/225
f 240/127/242 241/124/243 233/126/235
f 242/125/244 233/126/235 241/124/243
f 242/125/244 241/124/243 243/123/245
f 244/122/246 243/123/245 241/124/243
f 243/123/245 244/122/246 245/121/247
f 246/120/248 245/121/247 244/122/246
f 247/132/249 239/129/241 238/131/240
f 247/132/249 238/131/240 236/146/238
f 237/145/239 236/146/238 238/131/240
f 248/115/250 249/113/251 250/114/252
f 251/112/253 250/114/252 249/113/251
f 250/114/252 251/112/253 252/148/254
f 253/149/255 252/148/254 251/112/253
f 252/148/254 253/149/255 254/151/256
f 252/148/254 254/151/256 255/147/257
f 252/148/254 255/147/257 250/114/252
f 256/116/258 250/114/252 255/147/257
f 250/114/252 256/116/258 248/115/250
f 257/117/259 248/115/250 256/116/258
f 257/117/259 246/120/248 248/115/250
f 244/122/246 248/115/250 246/120/248
f 244/122/246 241/124/243 248/115/250
f 249/113/251 248/115/250 241/124/243
f 241/124/243 240/127/242 249/113/251
f 239/129/241 249/113/251 240/127/242
f 239/129/241 247/132/249 249/113/251
f 251/112/253 249/113/251 247/132/249
f 247/132/249 236/146/238 251/112/253
f 253/149/255 251/112/253 236/146/238
f 253/149/255 236/146/238 235/150/237
f 255/147/257 258/154/260 256/116/258
f 259/159/261 258/154/260 260/153/262
f 255/147/257 260/153/262 258/154/260
f 260/153/262 255/147/257 254/151/256
f 246/120/248 261/119/263 245/121/247
f 246/120/248 257/117/259 261/119/263
f 262/118/264 261/119/263 257/117/259
f 257/117/259 256/116/258 262/118/264
f 263/155/265 262/118/264 256/116/258
f 263/155/265 256/116/258 258/154/260
f 258/154/260 264/162/266 263/155/265
f 258/154/260 259/159/261 264/162/266
f 265/161/267 264/162/266 259/159/261
f 265/161/267 259/159/261 266/160/268
f 267/158/269 266/160/268 259/159/261
f 259/159/261 260/153/262 267/158/269
f 268/164/270 267/158/269 260/153/262
f 268/164/270 260/153/262 269/152/271
f 254/151/256 269/152/271 260/153/262
f 269/152/271 254/151/256 234/138/236
f 235/150/237 234/138/236 254/151/256
f 235/150/237 254/151/256 253/149/255
f 270/173/272 271/171/273 264/162/266
f 272/157/274 261/119/263 273/156/275
f 262/118/264 273/156/275 261/119/263
f 262/118/264 263/155/265 273/156/275
f 274/172/276 273/156/275 263/155/265
f 274/172/276 263/155/265 264/162/266
f 274/172/276 264/162/266 271/171/273
f 274/172/276 271/171/273 273/156/275
f 275/170/277 273/156/275 271/171/273
f 273/156/275 275/170/277 272/157/274
f 276/169/278 272/157/274 275/170/277
f 276/169/278 277/168/279 272/157/274
f 278/165/280 272/157/274 277/168/279
f 278/165/280 279/163/281 272/157/274
f 261/119/263 272/157/274 279/163/281
f 279/163/281 245/121/247 261/119/263
f 279/163/281 278/165/280 280/166/282
f 281/178/283 282/179/284 283/180/285
f 281/178/283 283/180/285 284/181/286
f 285/182/287 284/181/286 283/180/285
f 286/183/288 287/184/289 288/185/290
f 289/186/291 288/185/290 287/184/289
f 289/186/291 287/184/289 290/187/292
f 290/187/292 291/188/293 292/189/294
f 291/188/293 290/187/292 287/184/289
f 287/184/289 293/190/295 291/188/293
f 287/184/289 286/183/288 293/190/295
f 294/191/296 293/190/295 286/183/288
f 294/191/296 295/192/297 293/190/295
f 296/193/298 293/190/295 295/192/297
f 296/193/298 295/192/297 297/194/299
f 297/194/299 298/195/300 296/193/298
f 297/194/299 299/196/301 298/195/300
f 300/197/302 298/195/300 299/196/301
f 301/198/303 302/199/304 303/200/305
f 304/201/306 303/200/305 302/199/304
f 303/200/305 304/201/306 305/202/307
f 306/203/308 305/202/307 304/201/306
f 305/202/307 306/203/308 307/204/309
f 299/196/301 307/204/309 306/203/308
f 307/204/309 299/196/301 308/205/310
f 297/194/299 308/205/310 299/196/301
f 308/205/310 297/194/299 295/192/297
f 299/196/301 306/203/308 300/197/302
f 309/206/311 300/197/302 306/203/308
f 306/203/308 304/201/306 309/206/311
f 310/207/312 309/206/311 304/201/306
f 304/201/306 302/199/304 310/207/312
f 311/208/313 310/207/312 302/199/304
f 310/207/312 311/208/313 312/209/314
f 313/210/315 312/209/314 311/208/313
f 313/210/315 314/211/316 312/209/314
f 315/212/317 312/209/314 314/211/316
f 314/211/316 316/213/318 315/212/317
f 317/214/319 315/212/317 316/213/318
f 316/213/318 318/215/320 317/214/319
f 319/216/321 317/214/319 318/215/320
f 318/215/320 320/217/322 319/216/321
f 321/218/323 319/216/321 320/217/322
f 320/217/322 322/219/324 321/218/323
f 323/220/325 321/218/323 322/219/324
f 317/214/319 319/216/321 324/221/326
f 324/221/326 325/222/327 317/214/319
f 315/212/317 317/214/319 325/222/327
f 325/222/327 326/223/328 315/212/317
f 312/209/314 315/212/317 326/223/328
f 312/209/314 326/223/328 310/207/312
f 309/206/311 310/207/312 326/223/328
f 326/223/328 327/224/329 309/206/311
f 300/197/302 309/206/311 327/224/329
f 300/197/302 327/224/329 298/195/300
f 328/225/330 298/195/300 327/224/329
f 298/195/300 328/225/330 329/226/331
f 330/227/332 329/226/331 328/225/330
f 330/227/332 331/228/333 329/226/331
f 330/227/332 332/229/334 331/228/333
f 333/230/335 331/228/333 332/229/334
f 332/229/334 334/231/336 333/230/335
f 335/232/337 333/230/335 334/231/336
f 329/226/331 296/193/298 298/195/300
f 329/226/331 336/233/338 296/193/298
f 336/233/338 329/226/331 331/228/333
f 331/228/333 337/234/339 336/233/338
f 331/228/333 333/230/335 337/234/339
f 338/235/340 337/234/339 333/230/335
f 333/230/335 335/232/337 338/235/340
f 339/236/341 338/235/340 335/232/337
f 335/232/337 340/237/342 339/236/341
f 341/238/343 339/236/341 340/237/342
f 342/239/344 343/240/345 344/241/346
f 345/242/347 344/241/346 343/240/345
f 343/240/345 346/243/348 345/242/347
f 347/244/349 345/242/347 346/243/348
f 346/243/348 348/245/350 347/244/349
f 349/246/351 347/244/349 348/245/350
f 348/245/350 350/247/352 349/246/351
f 341/238/343 349/246/351 350/247/352
f 350/247/352 351/248/353 341/238/343
f 339/236/341 341/238/343 351/248/353
f 351/248/353 352/249/354 339/236/341
f 338/235/340 339/236/341 352/249/354
f 352/249/354 292/189/294 338/235/340
f 337/234/339 338/235/340 292/189/294
f 337/234/339 292/189/294 291/188/293
f 291/188/293 336/233/338 337/234/339
f 336/233/338 291/188/293 293/190/295
f 293/190/295 296/193/298 336/233/338
f 353/250/355 354/251/356 355/252/357
f 356/253/358 355/252/357 354/251/356
f 355/252/357 356/253/358 357/254/359
f 358/255/360 357/254/359 356/253/358
f 356/253/358 359/256/361 358/255/360
f 360/257/362 358/255/360 359/256/361
f 361/258/363 362/259/364 363/260/365
f 360/257/362 363/260/365 362/259/364
f 362/259/364 364/261/366 360/257/362
f 358/255/360 360/257/362 364/261/366
f 364/261/366 365/262/367 358/255/360
f 357/254/359 358/255/360 365/262/367
f 365/262/367 366/263/368 357/254/359
f 367/264/369 357/254/359 366/263/368
f 357/254/359 367/264/369 355/252/357
f 368/265/370 355/252/357 367/264/369
f 355/252/357 368/265/370 353/250/355
f 369/266/371 353/250/355 368/265/370
f 353/250/355 369/266/371 370/267/372
f 371/268/373 370/267/372 369/266/371
f 370/267/372 371/268/373 372/269/374
f 373/270/375 372/269/374 371/268/373
f 372/269/374 373/270/375 374/271/376
f 375/272/377 374/271/376 373/270/375
f 376/273/378 377/274/379 378/275/380
f 379/276/381 378/275/380 377/274/379
f 377/274/379 380/277/382 379/276/381
f 381/278/383 379/276/381 380/277/382
f 382/279/384 383/280/385 384/281/386
f 385/282/387 384/281/386 383/280/385
f 384/281/386 385/282/387 386/283/388
f 387/284/389 386/283/388 385/282/387
f 386/283/388 387/284/389 388/285/390
f 378/275/380 388/285/390 387/284/389
f 388/285/390 378/275/380 389/286/391
f 379/276/381 389/286/391 378/275/380
f 389/286/391 379/276/381 390/287/392
f 381/278/383 390/287/392 379/276/381
f 390/287/392 381/278/383 391/288/393
f 380/277/382 391/288/393 381/278/383
f 391/288/393 380/277/382 392/289/394
f 393/290/395 392/289/394 380/277/382
f 380/277/382 377/274/379 393/290/395
f 394/291/396 393/290/395 377/274/379
f 377/274/379 376/273/378 394/291/396
f 395/292/397 394/291/396 376/273/378
f 392/289/394 375/272/377 391/288/393
f 373/270/375 391/288/393 375/272/377
f 391/288/393 373/270/375 390/287/392
f 371/268/373 390/287/392 373/270/375
f 390/287/392 371/268/373 389/286/391
f 369/266/371 389/286/391 371/268/373
f 389/286/391 369/266/371 388/285/390
f 368/265/370 388/285/390 369/266/371
f 388/285/390 368/265/370 386/283/388
f 367/264/369 386/283/388 368/265/370
f 386/283/388 367/264/369 384/281/386
f 366/263/368 384/281/386 367/264/369
f 384/281/386 366/263/368 382/279/384
f 396/293/398 382/279/384 366/263/368
f 366/263/368 365/262/367 396/293/398
f 322/219/324 397/294/399 323/220/325
f 398/295/400 323/220/325 397/294/399
f 397/294/399 399/296/401 398/295/400
f 400/297/402 398/295/400 399/296/401
f 399/296/401 401/298/403 400/297/402
f 402/299/404 400/297/402 401/298/403
f 401/298/403 403/300/405 402/299/404
f 404/301/406 402/299/404 403/300/405
f 403/300/405 405/302/407 404/301/406
f 406/303/408 404/301/406 405/302/407
f 405/302/407 407/304/409 406/303/408
f 408/305/410 406/303/408 407/304/409
f 407/304/409 409/306/411 408/305/410
f 396/293/398 408/305/410 409/306/411
f 409/306/411 410/307/412 396/293/398
f 382/279/384 396/293/398 410/307/412
f 410/307/412 411/308/413 382/279/384
f 383/280/385 382/279/384 411/308/413
f 408/305/410 396/293/398 365/262/367
f 365/262/367 364/261/366 408/305/410
f 406/303/408 408/305/410 364/261/366
f 364/261/366 362/259/364 406/303/408
f 404/301/406 406/303/408 362/259/364
f 362/259/364 361/258/363 404/301/406
f 402/299/404 404/301/406 361/258/363
f 361/258/363 412/309/414 402/299/404
f 400/297/402 402/299/404 412/309/414
f 412/309/414 413/310/415 400/297/402
f 398/295/400 400/297/402 413/310/415
f 413/310/415 414/311/416 398/295/400
f 323/220/325 398/295/400 414/311/416
f 414/311/416 415/312/417 323/220/325
f 321/218/323 323/220/325 415/312/417
f 415/312/417 416/313/418 321/218/323
f 319/216/321 321/218/323 416/313/418
f 416/313/418 324/221/326 319/216/321
f 326/223/328 325/222/327 327/224/329
f 417/314/419 327/224/329 325/222/327
f 325/222/327 324/221/326 417/314/419
f 418/315/420 417/314/419 324/221/326
f 324/221/326 416/313/418 418/315/420
f 419/316/421 418/315/420 416/313/418
f 416/313/418 415/312/417 419/316/421
f 420/317/422 419/316/421 415/312/417
f 415/312/417 414/311/416 420/317/422
f 421/318/423 420/317/422 414/311/416
f 414/311/416 413/310/415 421/318/423
f 422/319/424 421/318/423 413/310/415
f 413/310/415 412/309/414 422/319/424
f 423/320/425 422/319/424 412/309/414
f 412/309/414 361/258/363 423/320/425
f 363/260/365 423/320/425 361/258/363
f 359/256/361 424/321/426 360/257/362
f 363/260/365 360/257/362 424/321/426
f 424/321/426 425/322/427 363/260/365
f 423/320/425 363/260/365 425/322/427
f 425/322/427 426/323/428 423/320/425
f 422/319/424 423/320/425 426/323/428
f 426/323/428 427/324/429 422/319/424
f 421/318/423 422/319/424 427/324/429
f 427/324/429 428/325/430 421/318/423
f 420/317/422 421/318/423 428/325/430
f 428/325/430 429/326/431 420/317/422
f 419/316/421 420/317/422 429/326/431
f 429/326/431 430/327/432 419/316/421
f 418/315/420 419/316/421 430/327/432
f 430/327/432 431/328/433 418/315/420
f 417/314/419 418/315/420 431/328/433
f 431/328/433 328/225/330 417/314/419
f 327/224/329 417/314/419 328/225/330
f 328/225/330 431/328/433 330/227/332
f 332/229/334 330/227/332 431/328/433
f 431/328/433 430/327/432 332/229/334
f 334/231/336 332/229/334 430/327/432
f 430/327/432 429/326/431 334/231/336
f 432/329/434 334/231/336 429/326/431
f 429/326/431 428/325/430 432/329/434
f 433/330/435 432/329/434 428/325/430
f 428/325/430 427/324/429 433/330/435
f 434/331/436 433/330/435 427/324/429
f 427/324/429 426/323/428 434/331/436
f 435/332/437 434/331/436 426/323/428
f 426/323/428 425/322/427 435/332/437
f 436/333/438 435/332/437 425/322/427
f 425/322/427 424/321/426 436/333/438
f 437/334/439 436/333/438 424/321/426
f 424/321/426 359/256/361 437/334/439
f 438/335/440 437/334/439 359/256/361
f 359/256/361 356/253/358 438/335/440
f 354/251/356 438/335/440 356/253/358
f 334/231/336 432/329/434 335/232/337
f 340/237/342 335/232/337 432/329/434
f 432/329/434 433/330/435 340/237/342
f 439/336/441 340/237/342 433/330/435
f 433/330/435 434/331/436 439/336/441
f 440/337/442 439/336/441 434/331/436
f 434/331/436 435/332/437 440/337/442
f 441/338/443 440/337/442 435/332/437
f 435/332/437 436/333/438 441/338/443
f 442/339/444 441/338/443 436/333/438
f 436/333/438 437/334/439 442/339/444
f 443/340/445 442/339/444 437/334/439
f 437/334/439 438/335/440 443/340/445
f 444/341/446 443/340/445 438/335/440
f 438/335/440 354/251/356 444/341/446
f 445/342/447 444/341/446 354/251/356
f 354/251/356 353/250/355 445/342/447
f 370/267/372 445/342/447 353/250/355
f 340/237/342 439/336/441 341/238/343
f 349/246/351 341/238/343 439/336/441
f 439/336/441 440/337/442 349/246/351
f 347/244/349 349/246/351 440/337/442
f 440/337/442 441/338/443 347/244/349
f 345/242/347 347/244/349 441/338/443
f 441/338/443 442/339/444 345/242/347
f 344/241/346 345/242/347 442/339/444
f 442/339/444 443/340/445 344/241/346
f 446/343/448 344/241/346 443/340/445
f 443/340/445 444/341/446 446/343/448
f 447/344/449 446/343/448 444/341/446
f 444/341/446 445/342/447 447/344/449
f 448/345/450 447/344/449 445/342/447
f 445/342/447 370/267/372 448/345/450
f 372/269/374 448/345/450 370/267/372
f 448/345/450 372/269/374 449/346/451
f 374/271/376 449/346/451 372/269/374
f 449/346/451 450/347/452 448/345/450
f 447/344/449 448/345/450 450/347/452
f 450/347/452 451/348/453 447/344/449
f 446/343/448 447/344/449 451/348/453
f 451/348/453 342/239/344 446/343/448
f 344/241/346 446/343/448 342/239/344
f 452/349/454 453/350/455 454/351/456
f 452/349/454 455/352/457 453/350/455
f 452/349/454 456/353/458 455/352/457
f 456/353/458 457/354/459 455/352/457
f 457/354/459 456/353/458 458/355/460
f 458/355/460 459/356/461 457/354/459
f 459/356/461 458/355/460 460/357/462
f 460/357/462 461/358/463 459/356/461
f 461/358/463 460/357/462 462/359/464
f 463/360/465 461/358/463 464/361/466
f 463/360/465 459/356/461 461/358/463
f 463/360/465 465/362/467 459/356/461
f 466/363/468 459/356/461 465/362/467
f 466/363/468 465/362/467 467/364/469
f 467/364/469 468/365/470 466/363/468
f 467/364/469 469/366/471 468/365/470
f 470/367/472 468/365/470 469/366/471
f 468/365/470 470/367/472 455/352/457
f 468/365/470 455/352/457 457/354/459
f 457/354/459 466/363/468 468/365/470
f 466/363/468 457/354/459 459/356/461
f 471/368/473 472/369/474 473/370/475
f 474/371/476 475/372/477 476/373/478
f 476/373/478 477/374/479 478/375/480
f 479/376/481 480/377/482 481/378/483
f 473/370/475 481/378/483 480/377/482
f 480/377/482 482/379/484 473/370/475
f 483/380/485 484/381/486 485/382/487
f 485/382/487 486/383/488 487/384/489
f 486/383/488 485/382/487 484/381/486
f 484/381/486 488/385/490 486/383/488
f 487/384/489 489/386/491 490/387/492
f 489/386/491 487/384/489 486/383/488
f 486/383/488 491/388/493 489/386/491
f 491/388/493 486/383/488 488/385/490
f 488/385/490 492/389/494 491/388/493
f 490/387/492 493/390/495 494/391/496
f 493/390/495 490/387/492 489/386/491
f 489/386/491 495/392/497 493/390/495
f 495/392/497 489/386/491 491/388/493
f 491/388/493 496/393/498 495/392/497
f 496/393/498 491/388/493 492/389/494
f 492/389/494 497/394/499 496/393/498
f 498/395/500 496/393/498 497/394/499
f 499/396/501 37/37/502 41/41/503
f 499/396/501 55/55/504 37/37/502
f 500/397/505 501/398/506 502/399/507
f 503/400/508 502/399/507 501/398/506
f 503/400/508 501/398/506 504/401/509
f 505/402/510 504/401/509 501/398/506
f 506/403/511 505/402/510 507/404/512
f 501/398/506 507/404/512 505/402/510
f 507/404/512 501/398/506 508/405/513
f 500/397/505 508/405/513 501/398/506
f 500/397/505 509/406/514 508/405/513
f 500/397/505 502/399/507 509/406/514
f 510/407/515 509/406/514 502/399/507
f 502/399/507 511/408/516 510/407/515
f 511/408/516 502/399/507 512/409/517
f 503/400/508 512/409/517 502/399/507
f 503/400/508 513/410/518 512/409/517
f 503/400/508 504/401/509 513/410/518
f 514/411/519 494/391/496 493/390/495
f 494/391/496 514/411/519 515/412/520
f 516/413/521 517/414/522 55/55/504
f 56/56/523 55/55/504 517/414/522
f 517/414/522 58/58/524 56/56/523
f 58/58/524 517/414/522 518/415/525
f 506/403/511 518/415/525 517/414/522
f 517/414/522 516/413/521 506/403/511
f 505/402/510 506/403/511 516/413/521
f 516/413/521 519/416/526 505/402/510
f 504/401/509 505/402/510 519/416/526
f 519/416/526 520/417/527 504/401/509
f 513/410/518 504/401/509 520/417/527
f 520/417/527 521/418/528 513/410/518
f 521/418/528 512/409/517 513/410/518
f 512/409/517 521/418/528 522/419/529
f 512/409/517 522/419/529 511/408/516
f 515/412/520 511/408/516 522/419/529
f 511/408/516 515/412/520 514/411/519
f 514/411/519 510/407/515 511/408/516
f 523/420/530 524/421/531 525/422/532
f 523/420/530 526/423/533 524/421/531
f 527/424/534 524/421/531 526/423/533
f 524/421/531 527/424/534 528/425/535
f 529/426/536 528/425/535 527/424/534
f 528/425/535 529/426/536 530/427/537
f 531/428/538 530/427/537 529/426/536
f 530/427/537 531/428/538 521/418/528
f 532/429/539 521/418/528 531/428/538
f 532/429/539 522/419/529 521/418/528
f 5/5/540 533/430/541 40/40/542
f 533/430/541 5/5/540 4/4/543
f 521/418/528 520/417/527 530/427/537
f 534/431/544 13/13/545 15/15/546
f 13/13/545 534/431/544 535/432/547
f 536/433/548 535/432/547 534/431/544
f 535/432/547 536/433/548 537/434/549
f 538/435/550 537/434/549 536/433/548
f 538/435/550 525/422/532 537/434/549
f 539/436/551 537/434/549 525/422/532
f 539/436/551 525/422/532 524/421/531
f 539/436/551 524/421/531 2/2/552
f 528/425/535 2/2/552 524/421/531
f 2/2/552 528/425/535 4/4/543
f 530/427/537 4/4/543 528/425/535
f 533/430/541 4/4/543 530/427/537
f 533/430/541 530/427/537 520/417/527
f 520/417/527 40/40/542 533/430/541
f 520/417/527 519/416/526 40/40/542
f 41/41/503 40/40/542 519/416/526
f 41/41/503 519/416/526 499/396/501
f 516/413/521 499/396/501 519/416/526
f 516/413/521 55/55/504 499/396/501
f 13/13/545 535/432/547 10/10/553
f 8/8/554 10/10/553 535/432/547
f 8/8/554 535/432/547 7/7/555
f 537/434/549 7/7/555 535/432/547
f 537/434/549 539/436/551 7/7/555
f 7/7/555 539/436/551 1/1/556
f 539/436/551 2/2/552 1/1/556
f 540/437/557 541/438/558 542/439/559
f 541/438/558 540/437/557 543/440/560
f 544/441/561 543/440/560 540/437/557
f 544/441/561 545/442/562 543/440/560
f 546/443/563 547/444/564 548/445/565
f 549/446/566 548/445/565 547/444/564
f 547/444/564 550/447/567 549/446/566
f 550/447/567 547/444/564 551/448/568
f 552/449/569 551/448/568 547/444/564
f 551/448/568 552/449/569 553/450/570
f 552/449/569 547/444/564 554/451/571
f 552/449/569 554/451/571 555/452/572
f 556/453/573 541/438/558 557/454/574
f 557/454/574 558/455/575 556/453/573
f 558/455/575 557/454/574 559/456/576
f 560/457/577 559/456/576 557/454/574
f 559/456/576 560/457/577 561/458/578
f 562/459/579 561/458/578 560/457/577
f 560/457/577 548/445/565 562/459/579
f 560/457/577 557/454/574 548/445/565
f 546/443/563 548/445/565 557/454/574
f 546/443/563 557/454/574 541/438/558
f 546/443/563 541/438/558 547/444/564
f 543/440/560 547/444/564 541/438/558
f 543/440/560 554/451/571 547/444/564
f 554/451/571 543/440/560 545/442/562
f 563/460/580 564/461/581 565/462/582
f 564/461/581 563/460/580 566/463/583
f 564/461/581 566/463/583 567/464/584
f 568/465/585 567/464/584 566/463/583
f 567/464/584 568/465/585 569/466/586
f 570/467/587 569/466/586 568/465/585
f 570/467/587 571/468/588 569/466/586
f 570/467/587 572/469/589 571/468/588
f 573/470/590 571/468/588 572/469/589
f 572/469/589 561/458/578 573/470/590
f 572/469/589 574/471/591 561/458/578
f 559/456/576 561/458/578 574/471/591
f 574/471/591 575/472/592 559/456/576
f 558/455/575 559/456/576 575/472/592
f 558/455/575 575/472/592 576/473/593
f 576/473/593 556/453/573 558/455/575
f 556/453/573 576/473/593 542/439/559
f 556/453/573 542/439/559 541/438/558
f 577/474/594 542/439/559 576/473/593
f 576/473/593 578/475/595 577/474/594
f 578/475/595 576/473/593 575/472/592
f 575/472/592 566/463/583 578/475/595
f 575/472/592 574/471/591 566/463/583
f 568/465/585 566/463/583 574/471/591
f 568/465/585 574/471/591 570/467/587
f 572/469/589 570/467/587 574/471/591
f 578/475/595 579/476/596 580/477/597
f 579/476/596 578/475/595 566/463/583
f 579/476/596 566/463/583 563/460/580
f 563/460/580 581/478/598 579/476/596
f 582/479/599 583/480/600 584/481/601
f 585/482/602 584/481/601 583/480/600
f 586/483/603 587/484/604 551/448/568
f 587/484/604 586/483/603 588/485/605
f 589/486/606 588/485/605 586/483/603
f 550/447/567 551/448/568 587/484/604
f 549/446/566 590/487/607 548/445/565
f 549/446/566 591/488/608 590/487/607
f 591/488/608 549/446/566 550/447/567
f 591/488/608 550/447/567 592/489/609
f 587/484/604 592/489/609 550/447/567
f 592/489/609 587/484/604 593/490/610
f 588/485/605 593/490/610 587/484/604
f 593/490/610 588/485/605 594/491/611
f 593/490/610 594/491/611 595/492/612
f 596/493/613 595/492/612 594/491/611
f 597/494/614 598/495/615 599/496/616
f 600/497/617 599/496/616 598/495/615
f 601/498/618 602/499/619 595/492/612
f 593/490/610 595/492/612 602/499/619
f 602/499/619 597/494/614 593/490/610
f 592/489/609 593/490/610 597/494/614
f 592/489/609 597/494/614 591/488/608
f 599/496/616 591/488/608 597/494/614
f 599/496/616 590/487/607 591/488/608
f 590/487/607 599/496/616 603/500/620
f 600/497/617 603/500/620 599/496/616
f 600/497/617 604/501/621 603/500/620
f 600/497/617 598/495/615 604/501/621
f 605/502/622 604/501/621 598/495/615
f 605/502/622 598/495/615 606/503/623
f 607/504/624 606/503/623 598/495/615
f 598/495/615 597/494/614 607/504/624
f 608/505/625 607/504/624 597/494/614
f 597/494/614 602/499/619 608/505/625
f 609/506/626 608/505/625 602/499/619
f 602/499/619 601/498/618 609/506/626
f 610/507/627 609/506/626 601/498/618
f 611/508/628 612/509/629 613/510/630
f 613/510/630 603/500/620 604/501/621
f 603/500/620 613/510/630 612/509/629
f 603/500/620 612/509/629 590/487/607
f 614/511/631 590/487/607 612/509/629
f 612/509/629 615/512/632 614/511/631
f 612/509/629 611/508/628 615/512/632
f 616/513/633 615/512/632 611/508/628
f 615/512/632 616/513/633 617/514/634
f 618/515/635 617/514/634 616/513/633
f 618/515/635 619/516/636 617/514/634
f 620/517/637 621/518/638 622/519/639
f 620/517/637 623/520/640 621/518/638
f 624/521/641 621/518/638 623/520/640
f 623/520/640 625/522/642 624/521/641
f 626/523/643 624/521/641 625/522/642
f 625/522/642 627/524/644 626/523/643
f 628/525/645 626/523/643 627/524/644
f 627/524/644 571/468/588 628/525/645
f 629/526/646 628/525/645 571/468/588
f 629/526/646 571/468/588 619/516/636
f 573/470/590 619/516/636 571/468/588
f 573/470/590 617/514/634 619/516/636
f 617/514/634 573/470/590 561/458/578
f 617/514/634 561/458/578 615/512/632
f 562/459/579 615/512/632 561/458/578
f 562/459/579 614/511/631 615/512/632
f 614/511/631 562/459/579 548/445/565
f 614/511/631 548/445/565 590/487/607
f 627/524/644 569/466/586 571/468/588
f 627/524/644 625/522/642 569/466/586
f 630/527/647 631/528/648 632/529/649
f 633/530/650 634/531/651 631/528/648
f 634/531/651 635/532/652 636/533/653
f 634/531/651 636/533/653 637/534/654
f 636/533/653 565/462/582 637/534/654
f 638/535/655 637/534/654 565/462/582
f 638/535/655 565/462/582 564/461/581
f 564/461/581 567/464/584 638/535/655
f 639/536/656 638/535/655 567/464/584
f 567/464/584 569/466/586 639/536/656
f 640/537/657 639/536/656 569/466/586
f 640/537/657 569/466/586 625/522/642
f 640/537/657 625/522/642 641/538/658
f 641/538/658 625/522/642 623/520/640
f 623/520/640 620/517/637 641/538/658
f 642/539/659 643/540/660 632/529/649
f 632/529/649 644/541/661 642/539/659
f 644/541/661 632/529/649 631/528/648
f 631/528/648 645/542/662 644/541/661
f 645/542/662 631/528/648 634/531/651
f 634/531/651 637/534/654 645/542/662
f 646/543/663 642/539/659 644/541/661
f 646/543/663 647/544/664 642/539/659
f 646/543/663 648/545/665 647/544/664
f 646/543/663 644/541/661 648/545/665
f 649/546/666 648/545/665 644/541/661
f 649/546/666 644/541/661 645/542/662
f 645/542/662 650/547/667 649/546/666
f 650/547/667 645/542/662 637/534/654
f 650/547/667 637/534/654 651/548/668
f 652/549/669 651/548/668 637/534/654
f 651/548/668 652/549/669 653/550/670
f 641/538/658 653/550/670 652/549/669
f 652/549/669 639/536/656 641/538/658
f 652/549/669 637/534/654 639/536/656
f 638/535/655 639/536/656 637/534/654
f 640/537/657 641/538/658 639/536/656
f 649/546/666 654/551/671 648/545/665
f 654/551/671 649/546/666 650/547/667
f 654/551/671 650/547/667 655/552/672
f 651/548/668 655/552/672 650/547/667
f 653/550/670 641/538/658 620/517/637
f 653/550/670 620/517/637 656/553/673
f 653/550/670 656/553/673 651/548/668
f 657/554/674 651/548/668 656/553/673
f 657/554/674 658/555/675 651/548/668
f 655/552/672 651/548/668 658/555/675
f 655/552/672 658/555/675 659/556/676
f 655/552/672 659/556/676 654/551/671
f 660/557/677 654/551/671 659/556/676
f 660/557/677 648/545/665 654/551/671
f 648/545/665 660/557/677 661/558/678
f 661/558/678 647/544/664 648/545/665
f 661/558/678 662/559/679 663/560/680
f 662/559/679 661/558/678 660/557/677
f 660/557/677 659/556/676 662/559/679
f 664/561/681 663/560/680 662/559/679
f 662/559/679 659/556/676 665/562/682
f 666/563/683 665/562/682 659/556/676
f 666/563/683 659/556/676 658/555/675
f 666/563/683 658/555/675 667/564/684
f 667/564/684 668/565/685 666/563/683
f 665/562/682 666/563/683 668/565/685
f 668/565/685 669/566/686 665/562/682
f 662/559/679 665/562/682 669/566/686
f 669/566/686 670/567/687 662/559/679
f 664/561/681 662/559/679 670/567/687
f 670/567/687 285/182/287 664/561/681
f 283/180/285 664/561/681 285/182/287
f 283/180/285 671/568/688 664/561/681
f 664/561/681 671/568/688 663/560/680
f 672/569/689 673/570/690 674/571/691
f 674/571/691 284/181/286 675/572/692
f 284/181/286 674/571/691 673/570/690
f 673/570/690 281/178/283 284/181/286
f 668/565/685 667/564/684 676/573/693
f 676/573/693 677/574/694 668/565/685
f 669/566/686 668/565/685 677/574/694
f 669/566/686 677/574/694 670/567/687
f 285/182/287 675/572/692 284/181/286
f 285/182/287 670/567/687 675/572/692
f 678/575/695 675/572/692 670/567/687
f 670/567/687 679/576/696 678/575/695
f 677/574/694 679/576/696 670/567/687
f 679/576/696 677/574/694 680/577/697
f 677/574/694 676/573/693 680/577/697
f 680/577/697 676/573/693 681/578/698
f 681/578/698 676/573/693 682/579/699
f 682/579/699 676/573/693 667/564/684
f 667/564/684 683/580/700 682/579/699
f 683/580/700 667/564/684 658/555/675
f 683/580/700 658/555/675 684/581/701
f 657/554/674 684/581/701 658/555/675
f 685/582/702 684/581/701 657/554/674
f 656/553/673 685/582/702 657/554/674
f 656/553/673 622/519/639 685/582/702
f 622/519/639 656/553/673 620/517/637
f 686/583/703 687/584/704 688/585/705
f 689/586/706 688/585/705 687/584/704
f 690/587/707 691/588/708 692/589/709
f 693/590/710 692/589/709 691/588/708
f 691/588/708 689/586/706 693/590/710
f 687/584/704 693/590/710 689/586/706
f 687/584/704 694/591/711 693/590/710
f 687/584/704 686/583/703 694/591/711
f 684/581/701 694/591/711 686/583/703
f 686/583/703 695/592/712 684/581/701
f 683/580/700 684/581/701 695/592/712
f 695/592/712 682/579/699 683/580/700
f 682/579/699 695/592/712 681/578/698
f 696/593/713 681/578/698 695/592/712
f 695/592/712 686/583/703 696/593/713
f 688/585/705 696/593/713 686/583/703
f 697/594/714 698/595/715 699/596/716
f 698/595/715 697/594/714 700/597/717
f 701/598/718 700/597/717 697/594/714
f 699/596/716 622/519/639 621/518/638
f 622/519/639 699/596/716 698/595/715
f 698/595/715 685/582/702 622/519/639
f 685/582/702 698/595/715 694/591/711
f 700/597/717 694/591/711 698/595/715
f 700/597/717 693/590/710 694/591/711
f 700/597/717 701/598/718 693/590/710
f 692/589/709 693/590/710 701/598/718
f 694/591/711 684/581/701 685/582/702
f 636/533/653 635/532/652 565/462/582
f 565/462/582 702/599/719 563/460/580
f 703/600/720 704/601/721 705/602/722
f 704/601/721 703/600/720 706/603/723
f 707/604/724 706/603/723 703/600/720
f 708/605/725 709/606/726 710/607/727
f 711/608/728 710/607/727 709/606/726
f 709/606/726 712/609/729 711/608/728
f 713/610/730 711/608/728 712/609/729
f 711/608/728 713/610/730 23/23/731
f 23/23/731 714/611/732 711/608/728
f 714/611/732 23/23/731 25/25/733
f 25/25/733 707/604/724 714/611/732
f 703/600/720 714/611/732 707/604/724
f 714/611/732 703/600/720 710/607/727
f 705/602/722 710/607/727 703/600/720
f 710/607/727 705/602/722 708/605/725
f 715/612/734 708/605/725 705/602/722
f 708/605/725 715/612/734 716/613/735
f 716/613/735 717/614/736 708/605/725
f 709/606/726 708/605/725 717/614/736
f 710/607/727 711/608/728 714/611/732
f 718/615/737 719/616/738 720/617/739
f 721/618/740 720/617/739 719/616/738
f 722/619/741 723/620/742 720/617/739
f 720/617/739 721/618/740 722/619/741
f 724/621/743 722/619/741 721/618/740
f 724/621/743 721/618/740 725/622/744
f 726/623/745 725/622/744 721/618/740
f 726/623/745 721/618/740 727/624/746
f 719/616/738 727/624/746 721/618/740
f 719/616/738 728/625/747 727/624/746
f 719/616/738 718/615/737 728/625/747
f 729/626/748 728/625/747 718/615/737
f 729/626/748 730/627/749 728/625/747
f 731/628/750 725/622/744 732/629/751
f 726/623/745 732/629/751 725/622/744
f 732/629/751 726/623/745 733/630/752
f 727/624/746 733/630/752 726/623/745
f 727/624/746 734/631/753 733/630/752
f 734/631/753 727/624/746 728/625/747
f 728/625/747 735/632/754 734/631/753
f 735/632/754 728/625/747 730/627/749
f 735/632/754 730/627/749 736/633/755
f 737/634/756 736/633/755 730/627/749
f 736/633/755 737/634/756 738/635/757
f 739/636/758 738/635/757 737/634/756
f 737/634/756 740/637/759 739/636/758
f 741/638/760 742/639/761 738/635/757
f 736/633/755 738/635/757 742/639/761
f 736/633/755 742/639/761 735/632/754
f 743/640/762 735/632/754 742/639/761
f 743/640/762 734/631/753 735/632/754
f 744/641/763 745/642/764 741/638/760
f 742/639/761 741/638/760 745/642/764
f 745/642/764 746/643/765 742/639/761
f 743/640/762 742/639/761 746/643/765
f 746/643/765 747/644/766 743/640/762
f 734/631/753 743/640/762 747/644/766
f 747/644/766 733/630/752 734/631/753
f 748/645/767 749/646/768 744/641/763
f 745/642/764 744/641/763 749/646/768
f 749/646/768 750/647/769 745/642/764
f 746/643/765 745/642/764 750/647/769
f 751/648/770 752/649/771 748/645/767
f 749/646/768 748/645/767 752/649/771
f 752/649/771 753/650/772 749/646/768
f 750/647/769 749/646/768 753/650/772
f 753/650/772 754/651/773 750/647/769
f 755/652/774 750/647/769 754/651/773
f 754/651/773 756/653/775 755/652/774
f 757/654/776 755/652/774 756/653/775
f 756/653/775 758/655/777 757/654/776
f 759/656/778 757/654/776 758/655/777
f 758/655/777 760/657/779 759/656/778
f 761/658/780 759/656/778 760/657/779
f 761/658/780 760/657/779 762/659/781
f 762/659/781 763/660/782 761/658/780
f 762/659/781 764/661/783 763/660/782
f 763/660/782 764/661/783 765/662/784
f 766/663/785 765/662/784 764/661/783
f 750/647/769 755/652/774 746/643/765
f 747/644/766 746/643/765 755/652/774
f 755/652/774 757/654/776 747/644/766
f 733/630/752 747/644/766 757/654/776
f 757/654/776 759/656/778 733/630/752
f 732/629/751 733/630/752 759/656/778
f 759/656/778 761/658/780 732/629/751
f 731/628/750 732/629/751 761/658/780
f 731/628/750 761/658/780 763/660/782
f 765/662/784 731/628/750 763/660/782
f 731/628/750 765/662/784 725/622/744
f 767/664/786 725/622/744 765/662/784
f 725/622/744 767/664/786 724/621/743
f 768/665/787 724/621/743 767/664/786
f 724/621/743 768/665/787 722/619/741
f 769/666/788 722/619/741 768/665/787
f 722/619/741 769/666/788 723/620/742
f 770/667/789 723/620/742 769/666/788
f 771/668/790 772/669/791 773/670/792
f 774/671/793 773/670/792 772/669/791
f 774/671/793 775/672/794 773/670/792
f 776/673/795 772/669/791 777/674/796
f 765/662/784 766/663/785 767/664/786
f 778/675/797 767/664/786 766/663/785
f 767/664/786 778/675/797 768/665/787
f 779/676/798 768/665/787 778/675/797
f 768/665/787 779/676/798 769/666/788
f 780/677/799 769/666/788 779/676/798
f 769/666/788 780/677/799 770/667/789
f 781/678/800 770/667/789 780/677/799
f 780/677/799 782/679/801 781/678/800
f 771/668/790 781/678/800 782/679/801
f 782/679/801 783/680/802 771/668/790
f 772/669/791 771/668/790 783/680/802
f 783/680/802 717/614/736 772/669/791
f 777/674/796 772/669/791 717/614/736
f 717/614/736 716/613/735 777/674/796
f 784/681/803 777/674/796 716/613/735
f 777/674/796 784/681/803 776/673/795
f 785/682/804 776/673/795 784/681/803
f 782/679/801 780/677/799 786/683/805
f 779/676/798 786/683/805 780/677/799
f 786/683/805 779/676/798 787/684/806
f 778/675/797 787/684/806 779/676/798
f 787/684/806 778/675/797 788/685/807
f 778/675/797 766/663/785 788/685/807
f 17/17/808 23/23/731 713/610/730
f 717/614/736 783/680/802 709/606/726
f 712/609/729 709/606/726 783/680/802
f 783/680/802 782/679/801 712/609/729
f 786/683/805 712/609/729 782/679/801
f 712/609/729 786/683/805 713/610/730
f 787/684/806 713/610/730 786/683/805
f 713/610/730 787/684/806 17/17/808
f 788/685/807 17/17/808 787/684/806
f 788/685/807 18/18/809 17/17/808
f 18/18/809 788/685/807 766/663/785
f 18/18/809 766/663/785 19/19/810
f 764/661/783 19/19/810 766/663/785
f 764/661/783 789/686/811 19/19/810
f 153/111/812 19/19/810 789/686/811
f 789/686/811 152/110/813 153/111/812
f 152/110/813 789/686/811 790/687/814
f 789/686/811 764/661/783 790/687/814
f 762/659/781 790/687/814 764/661/783
f 791/688/815 792/689/816 793/690/817
f 791/688/815 794/691/818 792/689/816
f 795/692/819 792/689/816 794/691/818
f 794/691/818 796/693/820 795/692/819
f 797/694/821 795/692/819 796/693/820
f 796/693/820 798/695/822 797/694/821
f 799/696/823 797/694/821 798/695/822
f 799/696/823 800/697/824 797/694/821
f 790/687/814 801/698/825 152/110/813
f 151/109/826 152/110/813 801/698/825
f 801/698/825 802/699/827 151/109/826
f 803/700/828 151/109/826 802/699/827
f 151/109/826 803/700/828 143/101/829
f 803/700/828 144/102/830 143/101/829
f 148/106/831 797/694/821 800/697/824
f 797/694/821 148/106/831 795/692/819
f 146/104/832 795/692/819 148/106/831
f 146/104/832 144/102/830 795/692/819
f 792/689/816 795/692/819 144/102/830
f 803/700/828 792/689/816 144/102/830
f 803/700/828 793/690/817 792/689/816
f 803/700/828 802/699/827 793/690/817
f 804/701/833 793/690/817 802/699/827
f 804/701/833 802/699/827 805/702/834
f 806/703/835 805/702/834 802/699/827
f 802/699/827 801/698/825 806/703/835
f 807/704/836 806/703/835 801/698/825
f 801/698/825 790/687/814 807/704/836
f 808/705/837 807/704/836 790/687/814
f 790/687/814 762/659/781 808/705/837
f 809/706/838 808/705/837 762/659/781
f 809/706/838 762/659/781 760/657/779
f 800/697/824 149/107/839 148/106/831
f 810/167/840 280/166/841 278/165/842
f 810/167/840 278/165/842 277/168/843
f 811/707/844 460/357/462 458/355/460
f 812/708/845 458/355/460 456/353/458
f 454/351/456 456/353/458 452/349/454
f 813/709/846 814/710/847 815/711/848
f 813/709/846 815/711/848 816/712/849
f 817/713/850 816/712/849 815/711/848
f 818/714/851 819/715/852 820/716/853
f 820/716/853 821/717/854 818/714/851
f 818/714/851 821/717/854 822/718/855
f 822/718/855 821/717/854 816/712/849
f 813/709/846 816/712/849 821/717/854
f 821/717/854 823/719/856 813/709/846
f 814/710/847 813/709/846 823/719/856
f 814/710/847 823/719/856 824/720/857
f 825/721/858 814/710/847 826/722/859
f 825/721/858 815/711/848 814/710/847
f 825/721/858 827/723/860 815/711/848
f 815/711/848 827/723/860 817/713/850
f 828/724/861 817/713/850 827/723/860
f 829/725/862 830/726/863 831/727/864
f 824/720/857 823/719/856 831/727/864
f 831/727/864 823/719/856 829/725/862
f 823/719/856 821/717/854 829/725/862
f 832/728/865 829/725/862 821/717/854
f 820/716/853 832/728/865 821/717/854
f 832/728/865 820/716/853 833/729/866
f 834/730/867 833/729/866 820/716/853
f 820/716/853 819/715/852 834/730/867
f 819/715/852 835/731/868 834/730/867
f 829/725/862 832/728/865 836/732/869
f 833/729/866 836/732/869 832/728/865
f 829/725/862 837/733/870 830/726/863
f 837/733/870 829/725/862 838/734/871
f 829/725/862 836/732/869 838/734/871
f 839/735/872 838/734/871 836/732/869
f 836/732/869 833/729/866 839/735/872
f 840/736/873 839/735/872 833/729/866
f 833/729/866 834/730/867 840/736/873
f 841/737/874 840/736/873 834/730/867
f 834/730/867 835/731/868 841/737/874
f 841/737/874 835/731/868 842/738/875
f 843/739/876 842/738/875 835/731/868
f 842/738/875 843/739/876 844/740/877
f 845/741/878 844/740/877 843/739/876
f 844/740/877 845/741/878 846/742/879
f 847/743/880 846/742/879 845/741/878
f 846/742/879 847/743/880 848/744/881
f 846/742/879 848/744/881 849/745/882
f 850/746/883 849/745/882 848/744/881
f 846/742/879 849/745/882 844/740/877
f 851/747/884 844/740/877 849/745/882
f 844/740/877 851/747/884 842/738/875
f 852/748/885 842/738/875 851/747/884
f 842/738/875 852/748/885 841/737/874
f 840/736/873 841/737/874 852/748/885
f 852/748/885 853/749/886 840/736/873
f 839/735/872 840/736/873 853/749/886
f 839/735/872 853/749/886 838/734/871
f 852/748/885 851/747/884 853/749/886
f 854/750/887 853/749/886 851/747/884
f 851/747/884 855/751/888 854/750/887
f 851/747/884 849/745/882 855/751/888
f 463/360/465 464/361/466 465/362/467
f 850/746/883 856/752/889 849/745/882
f 855/751/888 849/745/882 856/752/889
f 856/752/889 857/753/890 855/751/888
f 858/754/891 855/751/888 857/753/890
f 855/751/888 858/754/891 854/750/887
f 854/750/887 858/754/891 470/367/472
f 854/750/887 470/367/472 853/749/886
f 469/366/471 853/749/886 470/367/472
f 469/366/471 838/734/871 853/749/886
f 469/366/471 467/364/469 838/734/871
f 837/733/870 838/734/871 467/364/469
f 837/733/870 467/364/469 465/362/467
f 465/362/467 830/726/863 837/733/870
f 830/726/863 465/362/467 464/361/466
f 859/755/892 848/744/881 847/743/880
f 860/756/893 861/757/894 859/755/892
f 848/744/881 859/755/892 861/757/894
f 861/757/894 862/758/895 848/744/881
f 850/746/883 848/744/881 862/758/895
f 862/758/895 863/759/896 850/746/883
f 856/752/889 850/746/883 863/759/896
f 863/759/896 864/760/897 856/752/889
f 857/753/890 856/752/889 864/760/897
f 864/760/897 865/761/898 857/753/890
f 866/762/899 857/753/890 865/761/898
f 866/762/899 865/761/898 867/763/900
f 867/763/900 868/764/901 866/762/899
f 869/765/902 868/764/901 867/763/900
f 870/766/903 868/764/901 869/765/902
f 871/767/904 470/367/472 858/754/891
f 470/367/472 871/767/904 872/768/905
f 872/768/905 455/352/457 470/367/472
f 873/769/906 453/350/455 455/352/457
f 873/769/906 455/352/457 874/770/907
f 872/768/905 874/770/907 455/352/457
f 872/768/905 868/764/901 874/770/907
f 868/764/901 872/768/905 871/767/904
f 871/767/904 866/762/899 868/764/901
f 871/767/904 858/754/891 866/762/899
f 857/753/890 866/762/899 858/754/891
f 870/766/903 874/770/907 868/764/901
f 870/766/903 869/765/902 875/771/908
f 870/766/903 875/771/908 874/770/907
f 876/772/909 874/770/907 875/771/908
f 874/770/907 876/772/909 873/769/906
f 877/773/910 873/769/906 876/772/909
f 873/769/906 877/773/910 453/350/455
f 878/774/911 453/350/455 877/773/910
f 453/350/455 878/774/911 879/775/912
f 880/776/913 881/777/914 882/778/915
f 882/778/915 883/779/916 880/776/913
f 884/780/917 885/781/918 886/782/919
f 887/783/920 886/782/919 885/781/918
f 887/783/920 885/781/918 888/784/921
f 887/783/920 888/784/921 889/785/922
f 890/786/923 889/785/922 888/784/921
f 889/785/922 890/786/923 882/778/915
f 882/778/915 891/787/924 889/785/922
f 891/787/924 882/778/915 881/777/914
f 891/787/924 881/777/914 892/788/925
f 893/789/926 892/788/925 881/777/914
f 893/789/926 894/790/927 892/788/925
f 894/790/927 893/789/926 875/771/908
f 876/772/909 875/771/908 893/789/926
f 893/789/926 881/777/914 876/772/909
f 877/773/910 876/772/909 881/777/914
f 877/773/910 881/777/914 878/774/911
f 880/776/913 878/774/911 881/777/914
f 878/774/911 880/776/913 895/791/928
f 892/788/925 896/792/929 891/787/924
f 897/793/930 891/787/924 896/792/929
f 897/793/930 889/785/922 891/787/924
f 889/785/922 897/793/930 887/783/920
f 886/782/919 887/783/920 897/793/930
f 898/794/931 888/784/921 885/781/918
f 897/793/930 896/792/929 886/782/919
f 899/795/932 875/771/908 869/765/902
f 899/795/932 900/796/933 875/771/908
f 894/790/927 875/771/908 900/796/933
f 894/790/927 900/796/933 901/797/934
f 901/797/934 892/788/925 894/790/927
f 901/797/934 902/798/935 892/788/925
f 896/792/929 892/788/925 902/798/935
f 896/792/929 902/798/935 903/799/936
f 903/799/936 886/782/919 896/792/929
f 903/799/936 904/800/937 886/782/919
f 884/780/917 886/782/919 904/800/937
f 884/780/917 904/800/937 905/801/938
f 884/780/917 905/801/938 885/781/918
f 906/802/939 885/781/918 905/801/938
f 885/781/918 906/802/939 898/794/931
f 907/803/940 898/794/931 906/802/939
f 907/803/940 906/802/939 908/804/941
f 478/375/480 908/804/941 906/802/939
f 906/802/939 905/801/938 478/375/480
f 476/373/478 478/375/480 905/801/938
f 476/373/478 905/801/938 474/371/476
f 909/805/942 474/371/476 905/801/938
f 909/805/942 481/378/483 474/371/476
f 472/369/474 474/371/476 481/378/483
f 481/378/483 473/370/475 472/369/474
f 905/801/938 910/806/943 909/805/942
f 910/806/943 905/801/938 904/800/937
f 911/807/944 903/799/936 902/798/935
f 903/799/936 911/807/944 904/800/937
f 912/808/945 901/797/934 900/796/933
f 901/797/934 912/808/945 902/798/935
f 913/809/946 867/763/900 865/761/898
f 867/763/900 913/809/946 869/765/902
f 914/810/947 869/765/902 913/809/946
f 869/765/902 914/810/947 899/795/932
f 915/811/948 899/795/932 914/810/947
f 899/795/932 915/811/948 900/796/933
f 916/812/949 900/796/933 915/811/948
f 916/812/949 917/813/950 900/796/933
f 912/808/945 900/796/933 917/813/950
f 912/808/945 917/813/950 918/814/951
f 918/814/951 902/798/935 912/808/945
f 918/814/951 919/815/952 902/798/935
f 911/807/944 902/798/935 919/815/952
f 911/807/944 919/815/952 920/816/953
f 920/816/953 904/800/937 911/807/944
f 920/816/953 921/817/954 904/800/937
f 910/806/943 904/800/937 921/817/954
f 910/806/943 921/817/954 922/818/955
f 922/818/955 909/805/942 910/806/943
f 922/818/955 479/376/481 909/805/942
f 481/378/483 909/805/942 479/376/481
f 923/819/956 924/820/957 925/821/958
f 926/822/959 918/814/951 917/813/950
f 926/822/959 927/823/960 918/814/951
f 919/815/952 918/814/951 927/823/960
f 927/823/960 923/819/956 919/815/952
f 925/821/958 919/815/952 923/819/956
f 925/821/958 920/816/953 919/815/952
f 920/816/953 925/821/958 921/817/954
f 928/824/961 921/817/954 925/821/958
f 928/824/961 925/821/958 924/820/957
f 924/820/957 929/825/962 928/824/961
f 930/826/963 931/827/964 932/828/965
f 933/829/966 932/828/965 931/827/964
f 479/376/481 933/829/966 480/377/482
f 479/376/481 922/818/955 933/829/966
f 932/828/965 933/829/966 922/818/955
f 932/828/965 922/818/955 921/817/954
f 921/817/954 928/824/961 932/828/965
f 930/826/963 932/828/965 928/824/961
f 930/826/963 928/824/961 929/825/962
f 930/826/963 929/825/962 931/827/964
f 934/830/967 931/827/964 929/825/962
f 934/830/967 935/831/968 931/827/964
f 936/832/969 931/827/964 935/831/968
f 931/827/964 936/832/969 933/829/966
f 937/833/970 933/829/966 936/832/969
f 933/829/966 937/833/970 938/834/971
f 938/834/971 480/377/482 933/829/966
f 480/377/482 938/834/971 939/835/972
f 480/377/482 939/835/972 482/379/484
f 940/836/973 482/379/484 939/835/972
f 941/837/974 938/834/971 937/833/970
f 938/834/971 941/837/974 942/838/975
f 942/838/975 939/835/972 938/834/971
f 943/839/976 942/838/975 941/837/974
f 944/840/977 945/841/978 946/842/979
f 945/841/978 944/840/977 947/843/980
f 947/843/980 948/844/981 945/841/978
f 948/844/981 947/843/980 583/480/982
f 583/480/982 949/845/983 948/844/981
f 583/480/982 582/479/984 949/845/983
f 950/846/985 949/845/983 582/479/984
f 950/846/985 951/847/986 949/845/983
f 952/848/987 949/845/983 951/847/986
f 949/845/983 952/848/987 953/849/988
f 954/850/989 953/849/988 952/848/987
f 954/850/989 955/851/990 953/849/988
f 956/852/991 953/849/988 955/851/990
f 955/851/990 957/853/992 956/852/991
f 958/854/993 956/852/991 957/853/992
f 958/854/993 959/855/994 956/852/991
f 959/855/994 958/854/993 960/856/995
f 960/856/995 961/857/996 959/855/994
f 962/858/997 963/859/998 964/860/999
f 965/861/1000 964/860/999 963/859/998
f 965/861/1000 963/859/998 966/862/1001
f 967/863/1002 966/862/1001 963/859/998
f 963/859/998 968/864/1003 967/863/1002
f 969/865/1004 967/863/1002 968/864/1003
f 968/864/1003 970/866/1005 969/865/1004
f 971/867/1006 969/865/1004 970/866/1005
f 970/866/1005 972/868/1007 971/867/1006
f 972/868/1007 970/866/1005 973/869/1008
f 974/870/1009 973/869/1008 970/866/1005
f 973/869/1008 974/870/1009 975/871/1010
f 976/872/1011 975/871/1010 974/870/1009
f 975/871/1010 976/872/1011 977/873/1012
f 978/874/1013 977/873/1012 976/872/1011
f 978/874/1013 979/875/1014 977/873/1012
f 979/875/1014 978/874/1013 980/876/1015
f 979/875/1014 980/876/1015 981/877/1016
f 982/878/1017 968/864/1003 963/859/998
f 963/859/998 962/858/997 982/878/1017
f 983/879/1018 982/878/1017 962/858/997
f 983/879/1018 976/872/1011 982/878/1017
f 976/872/1011 974/870/1009 982/878/1017
f 982/878/1017 974/870/1009 968/864/1003
f 970/866/1005 968/864/1003 974/870/1009
f 984/880/1019 985/881/1020 986/882/1021
f 986/882/1021 987/883/1022 984/880/1019
f 986/882/1021 988/884/1023 987/883/1022
f 989/885/1024 987/883/1022 988/884/1023
f 989/885/1024 988/884/1023 990/886/1025
f 991/887/1026 990/886/1025 988/884/1023
f 991/887/1026 992/888/1027 990/886/1025
f 992/888/1027 991/887/1026 993/889/1028
f 992/888/1027 993/889/1028 994/890/1029
f 980/876/1015 994/890/1029 993/889/1028
f 980/876/1015 995/891/1030 994/890/1029
f 995/891/1030 980/876/1015 978/874/1013
f 995/891/1030 978/874/1013 976/872/1011
f 995/891/1030 976/872/1011 996/892/1031
f 983/879/1018 996/892/1031 976/872/1011
f 996/892/1031 983/879/1018 997/893/1032
f 962/858/997 997/893/1032 983/879/1018
f 962/858/997 964/860/999 997/893/1032
f 996/892/1031 994/890/1029 995/891/1030
f 997/893/1032 998/894/1033 996/892/1031
f 994/890/1029 996/892/1031 998/894/1033
f 998/894/1033 999/895/1034 994/890/1029
f 992/888/1027 994/890/1029 999/895/1034
f 999/895/1034 990/886/1025 992/888/1027
f 1000/896/1035 1001/897/1036 1002/898/1037
f 1001/897/1036 1000/896/1035 1003/899/1038
f 1004/900/1039 1003/899/1038 1000/896/1035
f 1004/900/1039 1005/901/1040 1003/899/1038
f 1006/902/1041 1003/899/1038 1005/901/1040
f 1003/899/1038 1006/902/1041 1007/903/1042
f 1005/901/1040 1008/904/1043 1006/902/1041
f 1009/905/1044 1006/902/1041 1008/904/1043
f 1006/902/1041 1009/905/1044 1010/906/1045
f 1010/906/1045 1007/903/1042 1006/902/1041
f 1010/906/1045 1011/907/1046 1007/903/1042
f 1012/908/1047 1007/903/1042 1011/907/1046
f 1008/904/1043 1013/909/1048 1009/905/1044
f 1001/897/1036 1003/899/1038 997/893/1032
f 998/894/1033 997/893/1032 1003/899/1038
f 1003/899/1038 1007/903/1042 998/894/1033
f 999/895/1034 998/894/1033 1007/903/1042
f 1007/903/1042 1012/908/1047 999/895/1034
f 990/886/1025 999/895/1034 1012/908/1047
f 1012/908/1047 1011/907/1046 990/886/1025
f 989/885/1024 990/886/1025 1011/907/1046
f 1011/907/1046 1010/906/1045 989/885/1024
f 987/883/1022 989/885/1024 1010/906/1045
f 987/883/1022 1010/906/1045 1009/905/1044
f 1009/905/1044 984/880/1019 987/883/1022
f 984/880/1019 1009/905/1044 1013/909/1048
f 984/880/1019 1013/909/1048 985/881/1020
f 1014/910/1049 985/881/1020 1013/909/1048
f 985/881/1020 1014/910/1049 1015/911/1050
f 1016/912/1051 1015/911/1050 1014/910/1049
f 1015/911/1050 1016/912/1051 1017/913/1052
f 1018/914/1053 1017/913/1052 1016/912/1051
f 1017/913/1052 1018/914/1053 1019/915/1054
f 1020/916/1055 1019/915/1054 1018/914/1053
f 1019/915/1054 1020/916/1055 1021/917/1056
f 1022/918/1057 1021/917/1056 1020/916/1055
f 1022/918/1057 1023/919/1058 1021/917/1056
f 1024/920/1059 1021/917/1056 1023/919/1058
f 1023/919/1058 1025/921/1060 1024/920/1059
f 1026/922/1061 1024/920/1059 1025/921/1060
f 1026/922/1061 1027/923/1062 1024/920/1059
f 1028/924/1063 1024/920/1059 1027/923/1062
f 1028/924/1063 1029/925/1064 1024/920/1059
f 1029/925/1064 1028/924/1063 1030/926/1065
f 1030/926/1065 1031/927/1066 1029/925/1064
f 1030/926/1065 1032/928/1067 1031/927/1066
f 1033/929/1068 1031/927/1066 1032/928/1067
f 1033/929/1068 1032/928/1067 1034/930/1069
f 1034/930/1069 972/868/1007 1033/929/1068
f 1019/915/1054 1035/931/1070 1017/913/1052
f 1021/917/1056 1024/920/1059 1029/925/1064
f 1021/917/1056 1029/925/1064 1019/915/1054
f 1035/931/1070 1019/915/1054 1029/925/1064
f 1035/931/1070 1029/925/1064 1031/927/1066
f 1035/931/1070 1031/927/1066 1036/932/1071
f 1036/932/1071 1017/913/1052 1035/931/1070
f 1036/932/1071 1037/933/1072 1017/913/1052
f 1015/911/1050 1017/913/1052 1037/933/1072
f 1037/933/1072 1038/934/1073 1015/911/1050
f 985/881/1020 1015/911/1050 1038/934/1073
f 1038/934/1073 986/882/1021 985/881/1020
f 993/889/1028 981/877/1016 980/876/1015
f 981/877/1016 993/889/1028 991/887/1026
f 991/887/1026 988/884/1023 981/877/1016
f 1039/935/1074 981/877/1016 988/884/1023
f 988/884/1023 986/882/1021 1039/935/1074
f 1038/934/1073 1039/935/1074 986/882/1021
f 1039/935/1074 1038/934/1073 1040/936/1075
f 1037/933/1072 1040/936/1075 1038/934/1073
f 1040/936/1075 1037/933/1072 977/873/1012
f 1036/932/1071 977/873/1012 1037/933/1072
f 977/873/1012 1036/932/1071 975/871/1010
f 975/871/1010 1036/932/1071 1031/927/1066
f 1031/927/1066 1033/929/1068 975/871/1010
f 973/869/1008 975/871/1010 1033/929/1068
f 973/869/1008 1033/929/1068 972/868/1007
f 981/877/1016 1039/935/1074 979/875/1014
f 1040/936/1075 979/875/1014 1039/935/1074
f 1040/936/1075 977/873/1012 979/875/1014
f 1041/937/1076 1042/938/1077 1043/939/1078
f 1043/939/1078 1042/938/1077 1044/940/1079
f 1043/939/1078 1044/940/1079 1045/941/1080
f 1043/939/1078 1045/941/1080 1041/937/1076
f 1046/942/1081 1041/937/1076 1045/941/1080
f 1041/937/1076 1046/942/1081 1047/943/1082
f 1047/943/1082 1042/938/1077 1041/937/1076
f 1048/944/1083 1042/938/1077 1047/943/1082
f 1049/945/1084 1045/941/1080 1044/940/1079
f 1050/946/1085 1051/947/1086 1052/948/1087
f 1050/946/1085 1042/938/1077 1051/947/1086
f 1044/940/1079 1042/938/1077 1050/946/1085
f 1050/946/1085 1052/948/1087 1044/940/1079
f 1049/945/1084 1044/940/1079 1052/948/1087
f 1049/945/1084 1052/948/1087 1053/949/1088
f 1053/949/1088 1054/950/1089 1049/945/1084
f 1045/941/1080 1049/945/1084 1054/950/1089
f 1054/950/1089 1055/951/1090 1045/941/1080
f 1046/942/1081 1045/941/1080 1055/951/1090
f 1055/951/1090 1056/952/1091 1046/942/1081
f 1057/953/1092 1046/942/1081 1056/952/1091
f 1057/953/1092 1047/943/1082 1046/942/1081
f 1057/953/1092 1058/954/1093 1047/943/1082
f 1048/944/1083 1047/943/1082 1058/954/1093
f 1048/944/1083 1058/954/1093 1059/955/1094
f 1059/955/1094 1042/938/1077 1048/944/1083
f 585/482/1095 583/480/982 947/843/980
f 585/482/1095 947/843/980 706/603/1096
f 704/601/1097 706/603/1096 947/843/980
f 704/601/1097 947/843/980 944/840/977
f 944/840/977 705/602/1098 704/601/1097
f 705/602/1098 944/840/977 715/612/1099
f 1042/938/1077 1060/956/1100 1061/957/1101
f 1062/958/1102 1042/938/1077 1061/957/1101
f 1063/959/1103 1042/938/1077 1062/958/1102
f 1051/947/1086 1042/938/1077 1063/959/1103
f 1060/956/1100 1064/960/1104 1061/957/1101
f 1060/956/1100 1065/961/1105 1064/960/1104
f 1060/956/1100 1042/938/1077 1065/961/1105
f 1065/961/1105 1042/938/1077 1066/962/1106
f 1066/962/1106 1042/938/1077 1059/955/1094
f 1066/962/1106 1059/955/1094 1067/963/1107
f 1068/964/1108 1067/963/1107 1059/955/1094
f 1067/963/1107 1068/964/1108 1069/965/1109
f 1070/966/1110 1069/965/1109 1068/964/1108
f 1069/965/1109 1070/966/1110 1071/967/1111
f 785/682/1112 1071/967/1111 1070/966/1110
f 1071/967/1111 785/682/1112 1072/968/1113
f 784/681/1114 1072/968/1113 785/682/1112
f 1072/968/1113 784/681/1114 1073/969/1115
f 716/613/1116 1073/969/1115 784/681/1114
f 1073/969/1115 716/613/1116 715/612/1099
f 715/612/1099 946/842/979 1073/969/1115
f 946/842/979 715/612/1099 944/840/977
f 1074/970/1117 1064/960/1104 1065/961/1105
f 1065/961/1105 1066/962/1106 1074/970/1117
f 1067/963/1107 1074/970/1117 1066/962/1106
f 1074/970/1117 1067/963/1107 1075/971/1118
f 1069/965/1109 1075/971/1118 1067/963/1107
f 1075/971/1118 1069/965/1109 1076/972/1119
f 1071/967/1111 1076/972/1119 1069/965/1109
f 1076/972/1119 1071/967/1111 1077/973/1120
f 1072/968/1113 1077/973/1120 1071/967/1111
f 1077/973/1120 1072/968/1113 1078/974/1121
f 1073/969/1115 1078/974/1121 1072/968/1113
f 1078/974/1121 1073/969/1115 946/842/979
f 946/842/979 1079/975/1122 1078/974/1121
f 1079/975/1122 946/842/979 945/841/978
f 945/841/978 1080/976/1123 1079/975/1122
f 1080/976/1123 945/841/978 948/844/981
f 948/844/981 953/849/988 1080/976/1123
f 953/849/988 948/844/981 949/845/983
f 1075/971/1118 1081/977/1124 1074/970/1117
f 1081/977/1124 1075/971/1118 1082/978/1125
f 1076/972/1119 1082/978/1125 1075/971/1118
f 1082/978/1125 1076/972/1119 1083/979/1126
f 1077/973/1120 1083/979/1126 1076/972/1119
f 1083/979/1126 1077/973/1120 961/857/996
f 1078/974/1121 961/857/996 1077/973/1120
f 961/857/996 1078/974/1121 1079/975/1122
f 1079/975/1122 959/855/994 961/857/996
f 959/855/994 1079/975/1122 1080/976/1123
f 1080/976/1123 956/852/991 959/855/994
f 956/852/991 1080/976/1123 953/849/988
f 1084/980/1127 1064/960/1104 1085/981/1128
f 1084/980/1127 1085/981/1128 1086/982/1129
f 1087/983/1130 1086/982/1129 1085/981/1128
f 1085/981/1128 1088/984/1131 1087/983/1130
f 1085/981/1128 1081/977/1124 1088/984/1131
f 1081/977/1124 1085/981/1128 1064/960/1104
f 1064/960/1104 1074/970/1117 1081/977/1124
f 1082/978/1125 1088/984/1131 1081/977/1124
f 1088/984/1131 1082/978/1125 1089/985/1132
f 1083/979/1126 1089/985/1132 1082/978/1125
f 1083/979/1126 961/857/996 1089/985/1132
f 1090/986/1133 1089/985/1132 961/857/996
f 961/857/996 960/856/995 1090/986/1133
f 957/853/992 1091/987/1134 958/854/993
f 1089/985/1132 1090/986/1133 1088/984/1131
f 1092/988/1135 1093/989/1136 1094/990/1137
f 1093/989/1136 1092/988/1135 1095/991/1138
f 1087/983/1130 1096/992/1139 1086/982/1129
f 1087/983/1130 1097/993/1140 1096/992/1139
f 1097/993/1140 1087/983/1130 1088/984/1131
f 1088/984/1131 1098/994/1141 1097/993/1140
f 1098/994/1141 1088/984/1131 1090/986/1133
f 1098/994/1141 1090/986/1133 1095/991/1138
f 1093/989/1136 1095/991/1138 1090/986/1133
f 1093/989/1136 1090/986/1133 960/856/995
f 960/856/995 1094/990/1137 1093/989/1136
f 1094/990/1137 960/856/995 958/854/993
f 1094/990/1137 958/854/993 1091/987/1134
f 1094/990/1137 1091/987/1134 1092/988/1135
f 1099/995/1142 1092/988/1135 1091/987/1134
f 1092/988/1135 1099/995/1142 1100/996/1143
f 1100/996/1143 1095/991/1138 1092/988/1135
f 1095/991/1138 1100/996/1143 1101/997/1144
f 1095/991/1138 1101/997/1144 1098/994/1141
f 1102/998/1145 1098/994/1141 1101/997/1144
f 1102/998/1145 1097/993/1140 1098/994/1141
f 1102/998/1145 1103/999/1146 1097/993/1140
f 1104/1000/1147 1097/993/1140 1103/999/1146
f 1103/999/1146 1105/1001/1148 1104/1000/1147
f 1106/1002/1149 1104/1000/1147 1105/1001/1148
f 1105/1001/1148 1107/1003/1150 1106/1002/1149
f 1108/1004/1151 1106/1002/1149 1107/1003/1150
f 1108/1004/1151 1107/1003/1150 1109/1005/1152
f 1109/1005/1152 967/863/1002 1108/1004/1151
f 1109/1005/1152 1110/1006/1153 967/863/1002
f 966/862/1001 967/863/1002 1110/1006/1153
f 966/862/1001 1110/1006/1153 1111/1007/1154
f 966/862/1001 1111/1007/1154 965/861/1000
f 1112/1008/1155 965/861/1000 1111/1007/1154
f 964/860/999 965/861/1000 1112/1008/1155
f 1002/898/1037 964/860/999 1112/1008/1155
f 964/860/999 1002/898/1037 1001/897/1036
f 1001/897/1036 997/893/1032 964/860/999
f 1113/1009/1156 1100/996/1143 1099/995/1142
f 1100/996/1143 1113/1009/1156 1114/1010/1157
f 1115/1011/1158 1114/1010/1157 1113/1009/1156
f 1114/1010/1157 1115/1011/1158 1116/1012/1159
f 1117/1013/1160 1116/1012/1159 1115/1011/1158
f 1116/1012/1159 1117/1013/1160 1110/1006/1153
f 1118/1014/1161 1110/1006/1153 1117/1013/1160
f 1118/1014/1161 1111/1007/1154 1110/1006/1153
f 1114/1010/1157 1101/997/1144 1100/996/1143
f 1109/1005/1152 1107/1003/1150 1110/1006/1153
f 1116/1012/1159 1110/1006/1153 1107/1003/1150
f 1116/1012/1159 1107/1003/1150 1114/1010/1157
f 1107/1003/1150 1105/1001/1148 1114/1010/1157
f 1101/997/1144 1114/1010/1157 1105/1001/1148
f 1101/997/1144 1105/1001/1148 1102/998/1145
f 1103/999/1146 1102/998/1145 1105/1001/1148
f 1119/1015/1162 1120/1016/1163 1121/1017/1164
f 1119/1015/1162 1121/1017/1164 1122/1018/1165
f 1122/1018/1165 1123/1019/1166 1119/1015/1162
f 1123/1019/1166 1122/1018/1165 1124/1020/1167
f 1124/1020/1167 1125/1021/1168 1123/1019/1166
f 1126/1022/1169 1123/1019/1166 1125/1021/1168
f 1125/1021/1168 1127/1023/1170 1126/1022/1169
f 1128/1024/1171 1126/1022/1169 1127/1023/1170
f 1128/1024/1171 1127/1023/1170 1129/1025/1172
f 1130/1026/1173 1131/1027/1174 1132/1028/1175
f 1130/1026/1173 1133/1029/1176 1131/1027/1174
f 1134/1030/1177 1131/1027/1174 1133/1029/1176
f 1133/1029/1176 1135/1031/1178 1134/1030/1177
f 1136/1032/1179 1134/1030/1177 1135/1031/1178
f 1135/1031/1178 1137/1033/1180 1136/1032/1179
f 1138/1034/1181 1136/1032/1179 1137/1033/1180
f 1136/1032/1179 1138/1034/1181 1139/1035/1182
f 1120/1016/1163 1139/1035/1182 1138/1034/1181
f 1120/1016/1163 1119/1015/1162 1139/1035/1182
f 1140/1036/1183 1139/1035/1182 1119/1015/1162
f 1140/1036/1183 1119/1015/1162 1123/1019/1166
f 1140/1036/1183 1123/1019/1166 1141/1037/1184
f 1141/1037/1184 1142/1038/1185 1140/1036/1183
f 1139/1035/1182 1140/1036/1183 1142/1038/1185
f 1139/1035/1182 1142/1038/1185 1136/1032/1179
f 1143/1039/1186 1136/1032/1179 1142/1038/1185
f 1143/1039/1186 1134/1030/1177 1136/1032/1179
f 1134/1030/1177 1143/1039/1186 1131/1027/1174
f 1144/1040/1187 1131/1027/1174 1143/1039/1186
f 1126/1022/1169 1141/1037/1184 1123/1019/1166
f 1141/1037/1184 1126/1022/1169 1142/1038/1185
f 1128/1024/1171 1142/1038/1185 1126/1022/1169
f 1142/1038/1185 1128/1024/1171 1143/1039/1186
f 1129/1025/1172 1143/1039/1186 1128/1024/1171
f 1143/1039/1186 1129/1025/1172 1144/1040/1187
f 1144/1040/1187 1129/1025/1172 1145/1041/1188
f 1144/1040/1187 1145/1041/1188 1131/1027/1174
f 1146/1042/1189 1131/1027/1174 1145/1041/1188
f 1146/1042/1189 1132/1028/1175 1131/1027/1174
f 1146/1042/1189 1147/1043/1190 1132/1028/1175
f 1148/1044/1191 1132/1028/1175 1147/1043/1190
f 1147/1043/1190 1149/1045/1192 1148/1044/1191
f 1149/1045/1192 1150/1046/1193 1148/1044/1191
f 1149/1045/1192 1151/1047/1194 1150/1046/1193
f 1151/1047/1194 1149/1045/1192 1152/1048/1195
f 1151/1047/1194 1152/1048/1195 1153/1049/1196
f 1154/1050/1197 1153/1049/1196 1152/1048/1195
f 1155/1051/1198 1145/1041/1188 1156/1052/1199
f 1157/1053/1200 1156/1052/1199 1145/1041/1188
f 1156/1052/1199 1157/1053/1200 1158/1054/1201
f 1159/1055/1202 1158/1054/1201 1157/1053/1200
f 1158/1054/1201 1159/1055/1202 1160/1056/1203
f 1160/1056/1203 1161/1057/1204 1158/1054/1201
f 1162/1058/1205 1158/1054/1201 1161/1057/1204
f 1161/1057/1204 1163/1059/1206 1162/1058/1205
f 1164/1060/1207 1162/1058/1205 1163/1059/1206
f 1163/1059/1206 1165/1061/1208 1164/1060/1207
f 1166/1062/1209 1164/1060/1207 1165/1061/1208
f 1166/1062/1209 1165/1061/1208 1167/1063/1210
f 1167/1063/1210 1168/1064/1211 1166/1062/1209
f 1167/1063/1210 1169/1065/1212 1168/1064/1211
f 1170/1066/1213 1168/1064/1211 1169/1065/1212
f 1169/1065/1212 1171/1067/1214 1170/1066/1213
f 1172/1068/1215 1170/1066/1213 1171/1067/1214
f 1171/1067/1214 1173/1069/1216 1172/1068/1215
f 1158/1054/1201 1162/1058/1205 1156/1052/1199
f 1174/1070/1217 1156/1052/1199 1162/1058/1205
f 1156/1052/1199 1174/1070/1217 1155/1051/1198
f 1155/1051/1198 1174/1070/1217 1175/1071/1218
f 1176/1072/1219 1175/1071/1218 1174/1070/1217
f 1164/1060/1207 1176/1072/1219 1174/1070/1217
f 1162/1058/1205 1164/1060/1207 1174/1070/1217
f 1177/1073/1220 1172/1068/1215 1173/1069/1216
f 1172/1068/1215 1177/1073/1220 1178/1074/1221
f 1172/1068/1215 1178/1074/1221 1170/1066/1213
f 1168/1064/1211 1170/1066/1213 1178/1074/1221
f 1168/1064/1211 1178/1074/1221 1179/1075/1222
f 1179/1075/1222 1166/1062/1209 1168/1064/1211
f 1166/1062/1209 1179/1075/1222 1164/1060/1207
f 1179/1075/1222 1180/1076/1223 1164/1060/1207
f 1176/1072/1219 1164/1060/1207 1180/1076/1223
f 1180/1076/1223 1152/1048/1195 1176/1072/1219
f 1175/1071/1218 1176/1072/1219 1152/1048/1195
f 1175/1071/1218 1152/1048/1195 1149/1045/1192
f 1175/1071/1218 1149/1045/1192 1155/1051/1198
f 1147/1043/1190 1155/1051/1198 1149/1045/1192
f 1147/1043/1190 1146/1042/1189 1155/1051/1198
f 1145/1041/1188 1155/1051/1198 1146/1042/1189
f 1181/1077/1224 1182/1078/1225 1183/1079/1226
f 1182/1078/1225 1181/1077/1224 1184/1080/1227
f 1185/1081/1228 1184/1080/1227 1181/1077/1224
f 1184/1080/1227 1185/1081/1228 1153/1049/1196
f 1186/1082/1229 1153/1049/1196 1185/1081/1228
f 1186/1082/1229 1187/1083/1230 1153/1049/1196
f 1151/1047/1194 1153/1049/1196 1187/1083/1230
f 1187/1083/1230 1150/1046/1193 1151/1047/1194
f 1152/1048/1195 1180/1076/1223 1154/1050/1197
f 1178/1074/1221 1154/1050/1197 1180/1076/1223
f 1180/1076/1223 1179/1075/1222 1178/1074/1221
f 1154/1050/1197 1178/1074/1221 1177/1073/1220
f 1153/1049/1196 1188/1084/1231 1184/1080/1227
f 1184/1080/1227 1189/1085/1232 1182/1078/1225
f 1189/1085/1232 1184/1080/1227 1188/1084/1231
f 1189/1085/1232 1188/1084/1231 1190/1086/1233
f 1191/1087/1234 1190/1086/1233 1188/1084/1231
f 1153/1049/1196 1154/1050/1197 1188/1084/1231
f 1177/1073/1220 1188/1084/1231 1154/1050/1197
f 1188/1084/1231 1177/1073/1220 1191/1087/1234
f 1173/1069/1216 1191/1087/1234 1177/1073/1220
f 1191/1087/1234 1173/1069/1216 1190/1086/1233
f 1192/1088/1235 1190/1086/1233 1173/1069/1216
f 1190/1086/1233 1192/1088/1235 1189/1085/1232
f 1193/1089/1236 1189/1085/1232 1192/1088/1235
f 1193/1089/1236 1182/1078/1225 1189/1085/1232
f 1182/1078/1225 1193/1089/1236 1194/1090/1237
f 1194/1090/1237 1183/1079/1226 1182/1078/1225
f 1194/1090/1237 1195/1091/1238 1183/1079/1226
f 1196/1092/1239 1183/1079/1226 1195/1091/1238
f 1195/1091/1238 1197/1093/1240 1196/1092/1239
f 1198/1094/1241 1196/1092/1239 1197/1093/1240
f 1197/1093/1240 1199/1095/1242 1198/1094/1241
f 1200/1096/1243 1198/1094/1241 1199/1095/1242
f 1199/1095/1242 1201/1097/1244 1200/1096/1243
f 1202/1098/1245 1203/1099/1246 1204/1100/1247
f 1203/1099/1246 1202/1098/1245 1199/1095/1242
f 1203/1099/1246 1199/1095/1242 1205/1101/1248
f 1197/1093/1240 1205/1101/1248 1199/1095/1242
f 1205/1101/1248 1197/1093/1240 1206/1102/1249
f 1195/1091/1238 1206/1102/1249 1197/1093/1240
f 1206/1102/1249 1195/1091/1238 1207/1103/1250
f 1194/1090/1237 1207/1103/1250 1195/1091/1238
f 1207/1103/1250 1194/1090/1237 1193/1089/1236
f 1207/1103/1250 1193/1089/1236 1208/1104/1251
f 1192/1088/1235 1208/1104/1251 1193/1089/1236
f 1192/1088/1235 1173/1069/1216 1208/1104/1251
f 1171/1067/1214 1208/1104/1251 1173/1069/1216
f 1171/1067/1214 1169/1065/1212 1208/1104/1251
f 1209/1105/1252 1208/1104/1251 1169/1065/1212
f 1169/1065/1212 1167/1063/1210 1209/1105/1252
f 1210/1106/1253 1209/1105/1252 1167/1063/1210
f 1210/1106/1253 1167/1063/1210 1165/1061/1208
f 1208/1104/1251 1209/1105/1252 1207/1103/1250
f 1206/1102/1249 1207/1103/1250 1209/1105/1252
f 1209/1105/1252 1210/1106/1253 1206/1102/1249
f 1205/1101/1248 1206/1102/1249 1210/1106/1253
f 1210/1106/1253 1165/1061/1208 1205/1101/1248
f 1203/1099/1246 1205/1101/1248 1165/1061/1208
f 1203/1099/1246 1165/1061/1208 1163/1059/1206
f 1163/1059/1206 1204/1100/1247 1203/1099/1246
f 1204/1100/1247 1163/1059/1206 1211/1107/1254
f 1161/1057/1204 1211/1107/1254 1163/1059/1206
f 1161/1057/1204 1160/1056/1203 1211/1107/1254
f 1201/1097/1244 1199/1095/1242 1202/1098/1245
f 1212/1108/1255 1213/1109/1256 1214/1110/1257
f 1212/1108/1255 1201/1097/1244 1213/1109/1256
f 1202/1098/1245 1213/1109/1256 1201/1097/1244
f 1202/1098/1245 1204/1100/1247 1213/1109/1256
f 1215/1111/1258 1200/1096/1243 1201/1097/1244
f 1201/1097/1244 1212/1108/1255 1215/1111/1258
f 1216/1112/1259 1215/1111/1258 1212/1108/1255
f 1216/1112/1259 1212/1108/1255 1217/1113/1260
f 1214/1110/1257 1217/1113/1260 1212/1108/1255
f 1217/1113/1260 1214/1110/1257 1218/1114/1261
f 1219/1115/1262 1218/1114/1261 1214/1110/1257
f 1219/1115/1262 1214/1110/1257 1220/1116/1263
f 1221/1117/1264 1220/1116/1263 1214/1110/1257
f 1221/1117/1264 1214/1110/1257 1213/1109/1256
f 1213/1109/1256 1222/1118/1265 1221/1117/1264
f 1222/1118/1265 1213/1109/1256 1204/1100/1247
f 1222/1118/1265 1204/1100/1247 1223/1119/1266
f 1211/1107/1254 1223/1119/1266 1204/1100/1247
f 1211/1107/1254 1224/1120/1267 1223/1119/1266
f 1224/1120/1267 1211/1107/1254 1160/1056/1203
f 1160/1056/1203 1225/1121/1268 1224/1120/1267
f 1225/1121/1268 1160/1056/1203 1159/1055/1202
f 1226/1122/1269 1227/1123/1270 1223/1119/1266
f 1226/1122/1269 1223/1119/1266 1228/1124/1271
f 1229/1125/1272 1228/1124/1271 1223/1119/1266
f 1229/1125/1272 1223/1119/1266 1224/1120/1267
f 1229/1125/1272 1224/1120/1267 1230/1126/1273
f 1230/1126/1273 1231/1127/1274 1229/1125/1272
f 1228/1124/1271 1229/1125/1272 1231/1127/1274
f 1228/1124/1271 1231/1127/1274 1232/1128/1275
f 1228/1124/1271 1232/1128/1275 1226/1122/1269
f 1233/1129/1276 1226/1122/1269 1232/1128/1275
f 1233/1129/1276 1234/1130/1277 1226/1122/1269
f 1227/1123/1270 1226/1122/1269 1234/1130/1277
f 1234/1130/1277 1220/1116/1263 1227/1123/1270
f 1221/1117/1264 1227/1123/1270 1220/1116/1263
f 1227/1123/1270 1221/1117/1264 1222/1118/1265
f 1222/1118/1265 1223/1119/1266 1227/1123/1270
f 1235/1131/1278 1236/1132/1279 1237/1133/1280
f 1238/1134/1281 1237/1133/1280 1236/1132/1279
f 1236/1132/1279 1239/1135/1282 1238/1134/1281
f 1240/1136/1283 1237/1133/1280 1241/1137/1284
f 1238/1134/1281 1241/1137/1284 1237/1133/1280
f 1241/1137/1284 1238/1134/1281 1230/1126/1273
f 1231/1127/1274 1230/1126/1273 1238/1134/1281
f 1231/1127/1274 1238/1134/1281 1239/1135/1282
f 1239/1135/1282 1232/1128/1275 1231/1127/1274
f 1242/1138/1285 1243/1139/1286 1244/1140/1287
f 1242/1138/1285 1244/1140/1287 1245/1141/1288
f 1246/1142/1289 1224/1120/1267 1225/1121/1268
f 1246/1142/1289 1230/1126/1273 1224/1120/1267
f 1246/1142/1289 1247/1143/1290 1230/1126/1273
f 1241/1137/1284 1230/1126/1273 1247/1143/1290
f 1247/1143/1290 1248/1144/1291 1241/1137/1284
f 1240/1136/1283 1241/1137/1284 1248/1144/1291
f 1240/1136/1283 1248/1144/1291 1249/1145/1292
f 1240/1136/1283 1249/1145/1292 1237/1133/1280
f 1250/1146/1293 1237/1133/1280 1249/1145/1292
f 1237/1133/1280 1250/1146/1293 1235/1131/1278
f 1251/1147/1294 1235/1131/1278 1250/1146/1293
f 1250/1146/1293 1252/1148/1295 1251/1147/1294
f 1253/1149/1296 1251/1147/1294 1252/1148/1295
f 1253/1149/1296 1252/1148/1295 1243/1139/1286
f 1254/1150/1297 1243/1139/1286 1252/1148/1295
f 1254/1150/1297 1244/1140/1287 1243/1139/1286
f 1254/1150/1297 1255/1151/1298 1244/1140/1287
f 1256/1152/1299 1244/1140/1287 1255/1151/1298
f 1255/1151/1298 1257/1153/1300 1256/1152/1299
f 1258/1154/1301 1256/1152/1299 1257/1153/1300
f 1258/1154/1301 1257/1153/1300 1259/1155/1302
f 1259/1155/1302 1260/1156/1303 1258/1154/1301
f 1259/1155/1302 1261/1157/1304 1260/1156/1303
f 1262/1158/1305 1260/1156/1303 1261/1157/1304
f 1262/1158/1305 1261/1157/1304 1263/1159/1306
f 1262/1158/1305 1263/1159/1306 1264/1160/1307
f 1265/1161/1308 1264/1160/1307 1263/1159/1306
f 1265/1161/1308 1266/1162/1309 1264/1160/1307
f 1266/1162/1309 1265/1161/1308 1267/1163/1310
f 1267/1163/1310 1268/1164/1311 1266/1162/1309
f 1268/1164/1311 1267/1163/1310 498/395/1312
f 498/395/1312 497/394/1313 1268/1164/1311
f 1269/1165/1314 1268/1164/1311 497/394/1313
f 1268/1164/1311 1269/1165/1314 1270/1166/1315
f 1271/1167/1316 1270/1166/1315 1269/1165/1314
f 1270/1166/1315 1271/1167/1316 1272/1168/1317
f 1273/1169/1318 1274/1170/1319 1275/1171/1320
f 1276/1172/1321 1275/1171/1320 1274/1170/1319
f 1275/1171/1320 1276/1172/1321 1277/1173/1322
f 1278/1174/1323 1277/1173/1322 1276/1172/1321
f 1277/1173/1322 1278/1174/1323 1279/1175/1324
f 1280/1176/1325 1281/1177/1326 1273/1169/1318
f 1274/1170/1319 1273/1169/1318 1281/1177/1326
f 1274/1170/1319 1281/1177/1326 1282/1178/1327
f 1274/1170/1319 1282/1178/1327 1276/1172/1321
f 1283/1179/1328 1276/1172/1321 1282/1178/1327
f 1276/1172/1321 1283/1179/1328 1278/1174/1323
f 1284/1180/1329 1278/1174/1323 1283/1179/1328
f 1278/1174/1323 1284/1180/1329 1285/1181/1330
f 1285/1181/1330 1279/1175/1324 1278/1174/1323
f 1279/1175/1324 1285/1181/1330 1286/1182/1331
f 1287/1183/1332 1272/1168/1317 1271/1167/1316
f 1272/1168/1317 1287/1183/1332 1288/1184/1333
f 1289/1185/1334 1288/1184/1333 1287/1183/1332
f 1289/1185/1334 1286/1182/1331 1288/1184/1333
f 1290/1186/1335 1288/1184/1333 1286/1182/1331
f 1290/1186/1335 1286/1182/1331 1285/1181/1330
f 1285/1181/1330 1291/1187/1336 1290/1186/1335
f 1291/1187/1336 1285/1181/1330 1284/1180/1329
f 1291/1187/1336 1284/1180/1329 1292/1188/1337
f 1283/1179/1328 1292/1188/1337 1284/1180/1329
f 1292/1188/1337 1283/1179/1328 1293/1189/1338
f 1282/1178/1327 1293/1189/1338 1283/1179/1328
f 1282/1178/1327 1294/1190/1339 1293/1189/1338
f 1294/1190/1339 1282/1178/1327 1281/1177/1326
f 1294/1190/1339 1281/1177/1326 1295/1191/1340
f 1296/1192/1341 1295/1191/1340 1281/1177/1326
f 1281/1177/1326 1280/1176/1325 1296/1192/1341
f 1297/1193/1342 1296/1192/1341 1280/1176/1325
f 1298/1194/1343 1293/1189/1338 1294/1190/1339
f 1294/1190/1339 1295/1191/1340 1298/1194/1343
f 1299/1195/1344 1298/1194/1343 1295/1191/1340
f 1299/1195/1344 1300/1196/1345 1298/1194/1343
f 1292/1188/1337 1301/1197/1346 1291/1187/1336
f 1292/1188/1337 1293/1189/1338 1301/1197/1346
f 1302/1198/1347 1301/1197/1346 1293/1189/1338
f 1293/1189/1338 1298/1194/1343 1302/1198/1347
f 1303/1199/1348 1302/1198/1347 1298/1194/1343
f 1303/1199/1348 1298/1194/1343 1300/1196/1345
f 1303/1199/1348 1300/1196/1345 1304/1200/1349
f 1305/1201/1350 1304/1200/1349 1300/1196/1345
f 1305/1201/1350 1306/1202/1351 1304/1200/1349
f 1307/1203/1352 1304/1200/1349 1306/1202/1351
f 1306/1202/1351 1308/1204/1353 1307/1203/1352
f 1309/1205/1354 1307/1203/1352 1308/1204/1353
f 1308/1204/1353 1245/1141/1288 1309/1205/1354
f 1310/1206/1355 1309/1205/1354 1245/1141/1288
f 1310/1206/1355 1245/1141/1288 1244/1140/1287
f 1310/1206/1355 1244/1140/1287 1311/1207/1356
f 1256/1152/1299 1311/1207/1356 1244/1140/1287
f 1256/1152/1299 1258/1154/1301 1311/1207/1356
f 1270/1166/1315 1266/1162/1309 1268/1164/1311
f 1266/1162/1309 1270/1166/1315 1312/1208/1357
f 1272/1168/1317 1312/1208/1357 1270/1166/1315
f 1312/1208/1357 1272/1168/1317 1313/1209/1358
f 1288/1184/1333 1313/1209/1358 1272/1168/1317
f 1313/1209/1358 1288/1184/1333 1314/1210/1359
f 1290/1186/1335 1314/1210/1359 1288/1184/1333
f 1314/1210/1359 1290/1186/1335 1291/1187/1336
f 1314/1210/1359 1291/1187/1336 1301/1197/1346
f 1315/1211/1360 1316/1212/1361 1317/1213/1362
f 1318/1214/1363 1317/1213/1362 1316/1212/1361
f 1318/1214/1363 1316/1212/1361 1319/1215/1364
f 1320/1216/1365 1319/1215/1364 1316/1212/1361
f 1320/1216/1365 1321/1217/1366 1319/1215/1364
f 1313/1209/1358 1319/1215/1364 1321/1217/1366
f 1313/1209/1358 1321/1217/1366 1312/1208/1357
f 1313/1209/1358 1314/1210/1359 1319/1215/1364
f 1301/1197/1346 1319/1215/1364 1314/1210/1359
f 1319/1215/1364 1301/1197/1346 1318/1214/1363
f 1302/1198/1347 1318/1214/1363 1301/1197/1346
f 1302/1198/1347 1317/1213/1362 1318/1214/1363
f 1302/1198/1347 1303/1199/1348 1317/1213/1362
f 1304/1200/1349 1317/1213/1362 1303/1199/1348
f 1304/1200/1349 1307/1203/1352 1317/1213/1362
f 1315/1211/1360 1317/1213/1362 1307/1203/1352
f 1315/1211/1360 1307/1203/1352 1322/1218/1367
f 1315/1211/1360 1322/1218/1367 1316/1212/1361
f 1323/1219/1368 1316/1212/1361 1322/1218/1367
f 1316/1212/1361 1323/1219/1368 1320/1216/1365
f 1324/1220/1369 1320/1216/1365 1323/1219/1368
f 1320/1216/1365 1324/1220/1369 1321/1217/1366
f 1264/1160/1307 1321/1217/1366 1324/1220/1369
f 1312/1208/1357 1321/1217/1366 1264/1160/1307
f 1312/1208/1357 1264/1160/1307 1266/1162/1309
f 1310/1206/1355 1311/1207/1356 1309/1205/1354
f 1309/1205/1354 1322/1218/1367 1307/1203/1352
f 1322/1218/1367 1309/1205/1354 1311/1207/1356
f 1311/1207/1356 1325/1221/1370 1322/1218/1367
f 1325/1221/1370 1311/1207/1356 1258/1154/1301
f 1325/1221/1370 1258/1154/1301 1260/1156/1303
f 1325/1221/1370 1260/1156/1303 1323/1219/1368
f 1324/1220/1369 1323/1219/1368 1260/1156/1303
f 1260/1156/1303 1262/1158/1305 1324/1220/1369
f 1264/1160/1307 1324/1220/1369 1262/1158/1305
f 1323/1219/1368 1322/1218/1367 1325/1221/1370
f 1326/1222/1371 1327/1223/1372 1328/1224/1373
f 1329/1225/1374 1328/1224/1373 1327/1223/1372
f 1327/1223/1372 1330/1226/1375 1329/1225/1374
f 1331/1227/1376 1329/1225/1374 1330/1226/1375
f 1330/1226/1375 1332/1228/1377 1331/1227/1376
f 1333/1229/1378 1331/1227/1376 1332/1228/1377
f 1332/1228/1377 1334/1230/1379 1333/1229/1378
f 1335/1231/1380 1333/1229/1378 1334/1230/1379
f 1335/1231/1380 1334/1230/1379 1336/1232/1381
f 1337/1233/1382 1336/1232/1381 1334/1230/1379
f 1337/1233/1382 1338/1234/1383 1336/1232/1381
f 1339/1235/1384 1336/1232/1381 1338/1234/1383
f 1338/1234/1383 1340/1236/1385 1339/1235/1384
f 740/637/1386 1339/1235/1384 1340/1236/1385
f 1340/1236/1385 739/636/1387 740/637/1386
f 1339/1235/1384 740/637/1386 1341/1237/1388
f 1341/1237/1388 1342/1238/1389 1339/1235/1384
f 1336/1232/1381 1339/1235/1384 1342/1238/1389
f 1342/1238/1389 1343/1239/1390 1336/1232/1381
f 1335/1231/1380 1336/1232/1381 1343/1239/1390
f 1343/1239/1390 1344/1240/1391 1335/1231/1380
f 1333/1229/1378 1335/1231/1380 1344/1240/1391
f 1344/1240/1391 1345/1241/1392 1333/1229/1378
f 1331/1227/1376 1333/1229/1378 1345/1241/1392
f 1345/1241/1392 1346/1242/1393 1331/1227/1376
f 1329/1225/1374 1331/1227/1376 1346/1242/1393
f 1346/1242/1393 1347/1243/1394 1329/1225/1374
f 1328/1224/1373 1329/1225/1374 1347/1243/1394
f 1328/1224/1373 1347/1243/1394 1348/1244/1395
f 1328/1224/1373 1348/1244/1395 1326/1222/1371
f 1349/1245/1396 1326/1222/1371 1348/1244/1395
f 1348/1244/1395 1350/1246/1397 1349/1245/1396
f 1351/1247/1398 1349/1245/1396 1350/1246/1397
f 1352/1248/1399 1353/1249/1400 1346/1242/1393
f 1347/1243/1394 1346/1242/1393 1353/1249/1400
f 1347/1243/1394 1353/1249/1400 1354/1250/1401
f 1354/1250/1401 1348/1244/1395 1347/1243/1394
f 1354/1250/1401 1355/1251/1402 1348/1244/1395
f 1350/1246/1397 1348/1244/1395 1355/1251/1402
f 1356/1252/1403 1354/1250/1401 1353/1249/1400
f 1354/1250/1401 1356/1252/1403 1355/1251/1402
f 1357/1253/1404 1355/1251/1402 1356/1252/1403
f 1357/1253/1404 1356/1252/1403 1358/1254/1405
f 1359/1255/1406 1360/1256/1407 1361/1257/1408
f 1359/1255/1406 1361/1257/1408 1362/1258/1409
f 1359/1255/1406 1362/1258/1409 1363/1259/1410
f 1364/1260/1411 1363/1259/1410 1362/1258/1409
f 1363/1259/1410 1364/1260/1411 1365/1261/1412
f 1366/1262/1413 1365/1261/1412 1364/1260/1411
f 1365/1261/1412 1366/1262/1413 1367/1263/1414
f 1368/1264/1415 1367/1263/1414 1366/1262/1413
f 1368/1264/1415 1358/1254/1405 1367/1263/1414
f 1369/1265/1416 1367/1263/1414 1358/1254/1405
f 1369/1265/1416 1358/1254/1405 1356/1252/1403
f 1369/1265/1416 1356/1252/1403 1370/1266/1417
f 1353/1249/1400 1370/1266/1417 1356/1252/1403
f 1370/1266/1417 1353/1249/1400 1371/1267/1418
f 1352/1248/1399 1371/1267/1418 1353/1249/1400
f 1352/1248/1399 1344/1240/1391 1371/1267/1418
f 1344/1240/1391 1352/1248/1399 1345/1241/1392
f 1346/1242/1393 1345/1241/1392 1352/1248/1399
f 1367/1263/1414 1372/1268/1419 1365/1261/1412
f 1367/1263/1414 1369/1265/1416 1372/1268/1419
f 1370/1266/1417 1372/1268/1419 1369/1265/1416
f 1372/1268/1419 1370/1266/1417 1373/1269/1420
f 1370/1266/1417 1371/1267/1418 1373/1269/1420
f 1374/1270/1421 1373/1269/1420 1371/1267/1418
f 1373/1269/1420 1374/1270/1421 1375/1271/1422
f 1373/1269/1420 1375/1271/1422 1372/1268/1419
f 1376/1272/1423 1372/1268/1419 1375/1271/1422
f 1376/1272/1423 1365/1261/1412 1372/1268/1419
f 1376/1272/1423 1377/1273/1424 1365/1261/1412
f 1363/1259/1410 1365/1261/1412 1377/1273/1424
f 1378/1274/1425 1379/1275/1426 1380/1276/1427
f 1376/1272/1423 1375/1271/1422 1377/1273/1424
f 1379/1275/1426 1377/1273/1424 1375/1271/1422
f 1375/1271/1422 1380/1276/1427 1379/1275/1426
f 1380/1276/1427 1375/1271/1422 1374/1270/1421
f 1380/1276/1427 1374/1270/1421 1381/1277/1428
f 1380/1276/1427 1381/1277/1428 1378/1274/1425
f 1382/1278/1429 1378/1274/1425 1381/1277/1428
f 1382/1278/1429 1383/1279/1430 1378/1274/1425
f 1384/1280/1431 1378/1274/1425 1383/1279/1430
f 1378/1274/1425 1384/1280/1431 1379/1275/1426
f 1385/1281/1432 1379/1275/1426 1384/1280/1431
f 1379/1275/1426 1385/1281/1432 1377/1273/1424
f 1377/1273/1424 1360/1256/1407 1363/1259/1410
f 1360/1256/1407 1377/1273/1424 1385/1281/1432
f 1385/1281/1432 1386/1282/1433 1360/1256/1407
f 1385/1281/1432 1384/1280/1431 1386/1282/1433
f 1387/1283/1434 1386/1282/1433 1384/1280/1431
f 1387/1283/1434 1384/1280/1431 1388/1284/1435
f 1383/1279/1430 1388/1284/1435 1384/1280/1431
f 1383/1279/1430 1389/1285/1436 1388/1284/1435
f 1383/1279/1430 1382/1278/1429 1389/1285/1436
f 1390/1286/1437 1389/1285/1436 1382/1278/1429
f 1390/1286/1437 1382/1278/1429 1391/1287/1438
f 1341/1237/1388 1391/1287/1438 1382/1278/1429
f 1381/1277/1428 1341/1237/1388 1382/1278/1429
f 1342/1238/1389 1341/1237/1388 1381/1277/1428
f 1342/1238/1389 1381/1277/1428 1374/1270/1421
f 1342/1238/1389 1374/1270/1421 1343/1239/1390
f 1371/1267/1418 1343/1239/1390 1374/1270/1421
f 1343/1239/1390 1371/1267/1418 1344/1240/1391
f 1392/1288/1439 1393/1289/1440 1394/1290/1441
f 1395/1291/1442 1394/1290/1441 1393/1289/1440
f 1394/1290/1441 1395/1291/1442 1396/1292/1443
f 1397/1293/1444 1396/1292/1443 1395/1291/1442
f 1396/1292/1443 1397/1293/1444 1398/1294/1445
f 1398/1294/1445 1397/1293/1444 1399/1295/1446
f 1399/1295/1446 723/620/1447 1398/1294/1445
f 723/620/1447 1399/1295/1446 1400/1296/1448
f 1400/1296/1448 720/617/1449 723/620/1447
f 720/617/1449 1400/1296/1448 718/615/1450
f 1389/1285/1436 718/615/1450 1400/1296/1448
f 718/615/1450 1389/1285/1436 729/626/1451
f 1390/1286/1437 729/626/1451 1389/1285/1436
f 729/626/1451 1390/1286/1437 730/627/1452
f 1391/1287/1438 730/627/1452 1390/1286/1437
f 730/627/1452 1391/1287/1438 737/634/1453
f 740/637/1386 737/634/1453 1391/1287/1438
f 1391/1287/1438 1341/1237/1388 740/637/1386
f 1400/1296/1448 1388/1284/1435 1389/1285/1436
f 1388/1284/1435 1400/1296/1448 1399/1295/1446
f 1388/1284/1435 1399/1295/1446 1387/1283/1434
f 1359/1255/1406 1363/1259/1410 1360/1256/1407
f 1401/1297/1454 1362/1258/1409 1361/1257/1408
f 1401/1297/1454 1361/1257/1408 1402/1298/1455
f 1403/1299/1456 1404/1300/1457 1405/1301/1458
f 1403/1299/1456 1402/1298/1455 1404/1300/1457
f 1406/1302/1459 1404/1300/1457 1402/1298/1455
f 1406/1302/1459 1402/1298/1455 1361/1257/1408
f 1406/1302/1459 1361/1257/1408 1407/1303/1460
f 1408/1304/1461 1407/1303/1460 1361/1257/1408
f 1407/1303/1460 1408/1304/1461 1409/1305/1462
f 1409/1305/1462 1395/1291/1442 1407/1303/1460
f 1409/1305/1462 1410/1306/1463 1395/1291/1442
f 1397/1293/1444 1395/1291/1442 1410/1306/1463
f 1397/1293/1444 1410/1306/1463 1399/1295/1446
f 1410/1306/1463 1387/1283/1434 1399/1295/1446
f 1410/1306/1463 1409/1305/1462 1387/1283/1434
f 1386/1282/1433 1387/1283/1434 1409/1305/1462
f 1386/1282/1433 1409/1305/1462 1408/1304/1461
f 1408/1304/1461 1360/1256/1407 1386/1282/1433
f 1408/1304/1461 1361/1257/1408 1360/1256/1407
f 1393/1289/1440 1407/1303/1460 1395/1291/1442
f 1393/1289/1440 1404/1300/1457 1407/1303/1460
f 1406/1302/1459 1407/1303/1460 1404/1300/1457
f 1411/1307/1464 1412/1308/1465 1413/1309/1466
f 1411/1307/1464 1413/1309/1466 1414/1310/1467
f 1415/1311/1468 1414/1310/1467 1413/1309/1466
f 1414/1310/1467 1415/1311/1468 1027/923/1062
f 1028/924/1063 1027/923/1062 1415/1311/1468
f 1415/1311/1468 1030/926/1065 1028/924/1063
f 1030/926/1065 1415/1311/1468 1032/928/1067
f 1413/1309/1466 1032/928/1067 1415/1311/1468
f 1413/1309/1466 1416/1312/1469 1032/928/1067
f 1416/1312/1469 1413/1309/1466 1412/1308/1465
f 1416/1312/1469 1412/1308/1465 1417/1313/1470
f 1418/1314/1471 1417/1313/1470 1412/1308/1465
f 1417/1313/1470 1418/1314/1471 1419/1315/1472
f 1420/1316/1473 1419/1315/1472 1418/1314/1471
f 1419/1315/1472 1420/1316/1473 1421/1317/1474
f 1422/1318/1475 1421/1317/1474 1420/1316/1473
f 1421/1317/1474 1422/1318/1475 1423/1319/1476
f 1405/1301/1458 1423/1319/1476 1422/1318/1475
f 1423/1319/1476 1405/1301/1458 1404/1300/1457
f 1423/1319/1476 1404/1300/1457 1392/1288/1439
f 1393/1289/1440 1392/1288/1439 1404/1300/1457
f 1423/1319/1476 1392/1288/1439 1421/1317/1474
f 770/667/1477 1398/1294/1445 723/620/1447
f 1424/1320/1478 1425/1321/1479 1034/930/1069
f 1424/1320/1478 1034/930/1069 1032/928/1067
f 1424/1320/1478 1032/928/1067 1416/1312/1469
f 1416/1312/1469 1417/1313/1470 1424/1320/1478
f 1425/1321/1479 1424/1320/1478 1417/1313/1470
f 1417/1313/1470 1419/1315/1472 1425/1321/1479
f 1426/1322/1480 1425/1321/1479 1419/1315/1472
f 1419/1315/1472 1421/1317/1474 1426/1322/1480
f 1427/1323/1481 1426/1322/1480 1421/1317/1474
f 1427/1323/1481 1421/1317/1474 1392/1288/1439
f 1427/1323/1481 1392/1288/1439 1428/1324/1482
f 1394/1290/1441 1428/1324/1482 1392/1288/1439
f 1428/1324/1482 1394/1290/1441 1429/1325/1483
f 1396/1292/1443 1429/1325/1483 1394/1290/1441
f 1429/1325/1483 1396/1292/1443 1430/1326/1484
f 1398/1294/1445 1430/1326/1484 1396/1292/1443
f 1430/1326/1484 1398/1294/1445 781/678/1485
f 770/667/1477 781/678/1485 1398/1294/1445
f 1427/1323/1481 1428/1324/1482 1426/1322/1480
f 1426/1322/1480 1431/1327/1486 1425/1321/1479
f 1431/1327/1486 1426/1322/1480 1428/1324/1482
f 1431/1327/1486 1428/1324/1482 1432/1328/1487
f 1429/1325/1483 1432/1328/1487 1428/1324/1482
f 1432/1328/1487 1429/1325/1483 1430/1326/1484
f 1432/1328/1487 1430/1326/1484 1433/1329/1488
f 1432/1328/1487 1433/1329/1488 1431/1327/1486
f 781/678/1485 771/668/1489 1430/1326/1484
f 773/670/1490 1430/1326/1484 771/668/1489
f 773/670/1490 1433/1329/1488 1430/1326/1484
f 1433/1329/1488 773/670/1490 775/672/1491
f 1433/1329/1488 775/672/1491 1434/1330/1492
f 1434/1330/1492 1431/1327/1486 1433/1329/1488
f 1431/1327/1486 1434/1330/1492 1435/1331/1493
f 1435/1331/1493 1425/1321/1479 1431/1327/1486
f 1435/1331/1493 1034/930/1069 1425/1321/1479
f 1435/1331/1493 1436/1332/1494 1034/930/1069
f 1436/1332/1494 1435/1331/1493 1434/1330/1492
f 1434/1330/1492 1437/1333/1495 1436/1332/1494
f 1437/1333/1495 1434/1330/1492 775/672/1491
f 1104/1000/1147 1096/992/1139 1097/993/1140
f 1106/1002/1149 1108/1004/1151 1438/1334/1496
f 1106/1002/1149 1438/1334/1496 1104/1000/1147
f 1096/992/1139 1104/1000/1147 1438/1334/1496
f 1096/992/1139 1438/1334/1496 1439/1335/1497
f 1439/1335/1497 1086/982/1129 1096/992/1139
f 972/868/1007 1034/930/1069 1436/1332/1494
f 1436/1332/1494 971/867/1006 972/868/1007
f 971/867/1006 1436/1332/1494 1437/1333/1495
f 971/867/1006 1437/1333/1495 969/865/1004
f 1440/1336/1498 969/865/1004 1437/1333/1495
f 969/865/1004 1440/1336/1498 967/863/1002
f 1441/1337/1499 967/863/1002 1440/1336/1498
f 1441/1337/1499 1108/1004/1151 967/863/1002
f 1108/1004/1151 1441/1337/1499 1442/1338/1500
f 1442/1338/1500 1438/1334/1496 1108/1004/1151
f 1438/1334/1496 1442/1338/1500 1443/1339/1501
f 1443/1339/1501 1439/1335/1497 1438/1334/1496
f 1439/1335/1497 1443/1339/1501 1063/959/1103
f 1439/1335/1497 1063/959/1103 1086/982/1129
f 1062/958/1102 1086/982/1129 1063/959/1103
f 1086/982/1129 1062/958/1102 1084/980/1127
f 1061/957/1101 1084/980/1127 1062/958/1102
f 1084/980/1127 1061/957/1101 1064/960/1104
f 776/673/1502 1444/1340/1503 772/669/1504
f 774/671/1505 772/669/1504 1444/1340/1503
f 774/671/1505 1444/1340/1503 775/672/1491
f 1445/1341/1506 775/672/1491 1444/1340/1503
f 775/672/1491 1445/1341/1506 1437/1333/1495
f 1440/1336/1498 1437/1333/1495 1445/1341/1506
f 1051/947/1086 1063/959/1103 1443/1339/1501
f 1443/1339/1501 1052/948/1087 1051/947/1086
f 1052/948/1087 1443/1339/1501 1442/1338/1500
f 1442/1338/1500 1053/949/1088 1052/948/1087
f 1053/949/1088 1442/1338/1500 1441/1337/1499
f 1441/1337/1499 1440/1336/1498 1053/949/1088
f 1054/950/1089 1053/949/1088 1440/1336/1498
f 1440/1336/1498 1445/1341/1506 1054/950/1089
f 1055/951/1090 1054/950/1089 1445/1341/1506
f 1445/1341/1506 1444/1340/1503 1055/951/1090
f 1056/952/1091 1055/951/1090 1444/1340/1503
f 1444/1340/1503 776/673/1502 1056/952/1091
f 1446/1342/1507 1056/952/1091 776/673/1502
f 776/673/1502 785/682/1112 1446/1342/1507
f 1070/966/1110 1446/1342/1507 785/682/1112
f 1446/1342/1507 1070/966/1110 1058/954/1093
f 1068/964/1108 1058/954/1093 1070/966/1110
f 1068/964/1108 1059/955/1094 1058/954/1093
f 1056/952/1091 1446/1342/1507 1057/953/1092
f 1058/954/1093 1057/953/1092 1446/1342/1507
f 1447/1343/1508 1448/1344/1509 1449/1345/1510
f 1447/1343/1508 1449/1345/1510 1450/1346/1511
f 1450/1346/1511 1449/1345/1510 1451/1347/1512
f 1451/1347/1512 1452/1348/1513 1450/1346/1511
f 1452/1348/1513 1451/1347/1512 1453/1349/1514
f 1453/1349/1514 1454/1350/1515 1452/1348/1513
f 1454/1350/1515 1453/1349/1514 1455/1351/1516
f 1455/1351/1516 1456/1352/1517 1454/1350/1515
f 1455/1351/1516 509/406/1518 1456/1352/1517
f 1457/1353/1519 1456/1352/1517 509/406/1518
f 509/406/1518 510/407/1520 1457/1353/1519
f 1458/1354/1521 1457/1353/1519 510/407/1520
f 510/407/1520 514/411/1522 1458/1354/1521
f 493/390/1523 1458/1354/1521 514/411/1522
f 1458/1354/1521 493/390/1523 495/392/1524
f 495/392/1524 1459/1355/1525 1458/1354/1521
f 1459/1355/1525 495/392/1524 496/393/1526
f 1459/1355/1525 496/393/1526 1460/1356/1527
f 1456/1352/1517 1457/1353/1519 1460/1356/1527
f 1459/1355/1525 1460/1356/1527 1457/1353/1519
f 1457/1353/1519 1458/1354/1521 1459/1355/1525
f 1250/1146/1293 1249/1145/1292 1252/1148/1295
f 1461/1357/1528 1252/1148/1295 1249/1145/1292
f 1461/1357/1528 1255/1151/1298 1252/1148/1295
f 1254/1150/1297 1252/1148/1295 1255/1151/1298
f 1462/1358/1529 1447/1343/1508 1450/1346/1511
f 1447/1343/1508 1462/1358/1529 1463/1359/1530
f 498/395/1312 1460/1356/1527 496/393/1526
f 1460/1356/1527 498/395/1312 1267/1163/1310
f 1460/1356/1527 1267/1163/1310 1456/1352/1517
f 1464/1360/1531 1456/1352/1517 1267/1163/1310
f 1464/1360/1531 1454/1350/1515 1456/1352/1517
f 1454/1350/1515 1464/1360/1531 1263/1159/1306
f 1263/1159/1306 1452/1348/1513 1454/1350/1515
f 1452/1348/1513 1263/1159/1306 1261/1157/1304
f 1261/1157/1304 1450/1346/1511 1452/1348/1513
f 1261/1157/1304 1259/1155/1302 1450/1346/1511
f 1462/1358/1529 1450/1346/1511 1259/1155/1302
f 1462/1358/1529 1259/1155/1302 1257/1153/1300
f 1257/1153/1300 1463/1359/1530 1462/1358/1529
f 1257/1153/1300 1255/1151/1298 1463/1359/1530
f 1461/1357/1528 1463/1359/1530 1255/1151/1298
f 1463/1359/1530 1461/1357/1528 1465/1361/1532
f 1249/1145/1292 1465/1361/1532 1461/1357/1528
f 1465/1361/1532 1249/1145/1292 1248/1144/1291
f 1265/1161/1308 1263/1159/1306 1464/1360/1531
f 1464/1360/1531 1267/1163/1310 1265/1161/1308
f 1466/1362/1533 1467/1363/1534 1468/1364/1535
f 1466/1362/1533 1468/1364/1535 1469/1365/1536
f 1466/1362/1533 1469/1365/1536 1470/1366/1537
f 1469/1365/1536 1471/1367/1538 1470/1366/1537
f 1472/1368/1539 1470/1366/1537 1471/1367/1538
f 1471/1367/1538 1473/1369/1540 1472/1368/1539
f 1474/1370/1541 1472/1368/1539 1473/1369/1540
f 1473/1369/1540 1475/1371/1542 1474/1370/1541
f 1476/1372/1543 1474/1370/1541 1475/1371/1542
f 1475/1371/1542 1477/1373/1544 1476/1372/1543
f 30/30/1545 1476/1372/1543 1477/1373/1544
f 1477/1373/1544 1478/1374/1546 30/30/1545
f 26/26/1547 30/30/1545 1478/1374/1546
f 1478/1374/1546 1479/1375/1548 26/26/1547
f 27/27/1549 26/26/1547 1479/1375/1548
f 1479/1375/1548 49/49/1550 27/27/1549
f 49/49/1550 1479/1375/1548 1480/1376/1551
f 1480/1376/1551 50/50/1552 49/49/1550
f 1481/1377/1553 1482/1378/1554 1483/1379/1555
f 1484/1380/1556 1483/1379/1555 1482/1378/1554
f 1484/1380/1556 1482/1378/1554 1485/1381/1557
f 1486/1382/1558 1485/1381/1557 1482/1378/1554
f 1485/1381/1557 1486/1382/1558 1487/1383/1559
f 1488/1384/1560 1487/1383/1559 1486/1382/1558
f 1487/1383/1559 1488/1384/1560 1489/1385/1561
f 1490/1386/1562 1489/1385/1561 1488/1384/1560
f 1490/1386/1562 1491/1387/1563 1489/1385/1561
f 1492/1388/1564 1489/1385/1561 1491/1387/1563
f 1491/1387/1563 1493/1389/1565 1492/1388/1564
f 1494/1390/1566 1492/1388/1564 1493/1389/1565
f 1494/1390/1566 216/174/1567 1492/1388/1564
f 218/176/1568 1492/1388/1564 216/174/1567
f 218/176/1568 1495/1391/1569 1492/1388/1564
f 1489/1385/1561 1492/1388/1564 1495/1391/1569
f 1495/1391/1569 1496/1392/1570 1489/1385/1561
f 1487/1383/1559 1489/1385/1561 1496/1392/1570
f 1496/1392/1570 1497/1393/1571 1487/1383/1559
f 1485/1381/1557 1487/1383/1559 1497/1393/1571
f 1497/1393/1571 1498/1394/1572 1485/1381/1557
f 1484/1380/1556 1485/1381/1557 1498/1394/1572
f 1498/1394/1572 1499/1395/1573 1484/1380/1556
f 1483/1379/1555 1484/1380/1556 1499/1395/1573
f 50/50/1552 1480/1376/1551 1500/1396/1574
f 50/50/1552 1500/1396/1574 51/51/1575
f 219/177/1576 51/51/1575 1500/1396/1574
f 219/177/1576 1500/1396/1574 218/176/1568
f 1495/1391/1569 218/176/1568 1500/1396/1574
f 1500/1396/1574 1501/1397/1577 1495/1391/1569
f 1496/1392/1570 1495/1391/1569 1501/1397/1577
f 1501/1397/1577 1502/1398/1578 1496/1392/1570
f 1497/1393/1571 1496/1392/1570 1502/1398/1578
f 1502/1398/1578 1503/1399/1579 1497/1393/1571
f 1498/1394/1572 1497/1393/1571 1503/1399/1579
f 1503/1399/1579 1121/1017/1164 1498/1394/1572
f 1499/1395/1573 1498/1394/1572 1121/1017/1164
f 1499/1395/1573 1121/1017/1164 1120/1016/1163
f 1499/1395/1573 1120/1016/1163 1483/1379/1555
f 1138/1034/1181 1483/1379/1555 1120/1016/1163
f 1483/1379/1555 1138/1034/1181 1481/1377/1553
f 1137/1033/1180 1481/1377/1553 1138/1034/1181
f 1504/1400/1580 1505/1401/1581 1503/1399/1579
f 1121/1017/1164 1503/1399/1579 1505/1401/1581
f 1502/1398/1578 1501/1397/1577 1506/1402/1582
f 1506/1402/1582 1507/1403/1583 1502/1398/1578
f 1503/1399/1579 1502/1398/1578 1507/1403/1583
f 1507/1403/1583 1508/1404/1584 1503/1399/1579
f 1504/1400/1580 1503/1399/1579 1508/1404/1584
f 1508/1404/1584 1509/1405/1585 1504/1400/1580
f 1510/1406/1586 1504/1400/1580 1509/1405/1585
f 1504/1400/1580 1510/1406/1586 1505/1401/1581
f 1122/1018/1165 1505/1401/1581 1510/1406/1586
f 1505/1401/1581 1122/1018/1165 1121/1017/1164
f 1501/1397/1577 1500/1396/1574 1480/1376/1551
f 1480/1376/1551 1506/1402/1582 1501/1397/1577
f 1506/1402/1582 1480/1376/1551 1479/1375/1548
f 1479/1375/1548 1478/1374/1546 1506/1402/1582
f 1507/1403/1583 1506/1402/1582 1478/1374/1546
f 1478/1374/1546 1477/1373/1544 1507/1403/1583
f 1508/1404/1584 1507/1403/1583 1477/1373/1544
f 1477/1373/1544 1475/1371/1542 1508/1404/1584
f 1509/1405/1585 1508/1404/1584 1475/1371/1542
f 1475/1371/1542 1473/1369/1540 1509/1405/1585
f 1511/1407/1587 1509/1405/1585 1473/1369/1540
f 1509/1405/1585 1511/1407/1587 1510/1406/1586
f 1512/1408/1588 1510/1406/1586 1511/1407/1587
f 1510/1406/1586 1512/1408/1588 1122/1018/1165
f 1513/1409/1589 1122/1018/1165 1512/1408/1588
f 1513/1409/1589 1124/1020/1167 1122/1018/1165
f 1124/1020/1167 1513/1409/1589 1514/1410/1590
f 1124/1020/1167 1514/1410/1590 1125/1021/1168
f 1515/1411/1591 1125/1021/1168 1514/1410/1590
f 1125/1021/1168 1515/1411/1591 1127/1023/1170
f 1473/1369/1540 1471/1367/1538 1511/1407/1587
f 1516/1412/1592 1511/1407/1587 1471/1367/1538
f 1511/1407/1587 1516/1412/1592 1512/1408/1588
f 1517/1413/1593 1512/1408/1588 1516/1412/1592
f 1512/1408/1588 1517/1413/1593 1513/1409/1589
f 1518/1414/1594 1513/1409/1589 1517/1413/1593
f 1518/1414/1594 1514/1410/1590 1513/1409/1589
f 1471/1367/1538 1469/1365/1536 1516/1412/1592
f 1468/1364/1535 1516/1412/1592 1469/1365/1536
f 1516/1412/1592 1468/1364/1535 1517/1413/1593
f 1159/1055/1202 1519/1415/1595 1225/1121/1268
f 1159/1055/1202 1157/1053/1200 1519/1415/1595
f 1520/1416/1596 1519/1415/1595 1157/1053/1200
f 1157/1053/1200 1145/1041/1188 1520/1416/1596
f 1521/1417/1597 1520/1416/1596 1145/1041/1188
f 1521/1417/1597 1145/1041/1188 1129/1025/1172
f 1129/1025/1172 1522/1418/1598 1521/1417/1597
f 1522/1418/1598 1129/1025/1172 1127/1023/1170
f 1127/1023/1170 1523/1419/1599 1522/1418/1598
f 1523/1419/1599 1127/1023/1170 1515/1411/1591
f 1515/1411/1591 1524/1420/1600 1523/1419/1599
f 1515/1411/1591 1514/1410/1590 1524/1420/1600
f 1525/1421/1601 1524/1420/1600 1514/1410/1590
f 1514/1410/1590 1518/1414/1594 1525/1421/1601
f 1526/1422/1602 1525/1421/1601 1518/1414/1594
f 1518/1414/1594 1517/1413/1593 1526/1422/1602
f 1467/1363/1534 1526/1422/1602 1517/1413/1593
f 1467/1363/1534 1517/1413/1593 1468/1364/1535
f 1527/1423/1603 1528/1424/1604 1529/1425/1605
f 1466/1362/1533 1527/1423/1603 1529/1425/1605
f 1466/1362/1533 1530/1426/1606 1527/1423/1603
f 1527/1423/1603 1530/1426/1606 1528/1424/1604
f 1531/1427/1607 1528/1424/1604 1530/1426/1606
f 1531/1427/1607 1532/1428/1608 1528/1424/1604
f 1467/1363/1534 1466/1362/1533 1526/1422/1602
f 1466/1362/1533 1525/1421/1601 1526/1422/1602
f 1466/1362/1533 1524/1420/1600 1525/1421/1601
f 1466/1362/1533 1529/1425/1605 1524/1420/1600
f 1529/1425/1605 1523/1419/1599 1524/1420/1600
f 1523/1419/1599 1529/1425/1605 1528/1424/1604
f 1528/1424/1604 1522/1418/1598 1523/1419/1599
f 1522/1418/1598 1528/1424/1604 1532/1428/1608
f 1532/1428/1608 1521/1417/1597 1522/1418/1598
f 1521/1417/1597 1532/1428/1608 1520/1416/1596
f 1533/1429/1609 1520/1416/1596 1532/1428/1608
f 1532/1428/1608 1531/1427/1607 1533/1429/1609
f 1534/1430/1610 1533/1429/1609 1531/1427/1607
f 1531/1427/1607 1530/1426/1606 1534/1430/1610
f 1535/1431/1611 1534/1430/1610 1530/1426/1606
f 1466/1362/1533 1535/1431/1611 1530/1426/1606
f 1466/1362/1533 1536/1432/1612 1535/1431/1611
f 1535/1431/1611 1536/1432/1612 1534/1430/1610
f 1520/1416/1596 1537/1433/1613 1519/1415/1595
f 1520/1416/1596 1533/1429/1609 1537/1433/1613
f 1538/1434/1614 1537/1433/1613 1533/1429/1609
f 1533/1429/1609 1534/1430/1610 1538/1434/1614
f 1539/1435/1615 1538/1434/1614 1534/1430/1610
f 1539/1435/1615 1534/1430/1610 1536/1432/1612
f 1536/1432/1612 1540/1436/1616 1539/1435/1615
f 1466/1362/1533 1540/1436/1616 1536/1432/1612
f 1466/1362/1533 1541/1437/1617 1540/1436/1616
f 1466/1362/1533 1470/1366/1537 1541/1437/1617
f 1541/1437/1617 1470/1366/1537 1542/1438/1618
f 1541/1437/1617 1542/1438/1618 1540/1436/1616
f 1543/1439/1619 1540/1436/1616 1542/1438/1618
f 1543/1439/1619 1539/1435/1615 1540/1436/1616
f 1543/1439/1619 1544/1440/1620 1539/1435/1615
f 1538/1434/1614 1539/1435/1615 1544/1440/1620
f 1544/1440/1620 1545/1441/1621 1538/1434/1614
f 1537/1433/1613 1538/1434/1614 1545/1441/1621
f 1537/1433/1613 1545/1441/1621 1546/1442/1622
f 1546/1442/1622 1519/1415/1595 1537/1433/1613
f 1519/1415/1595 1546/1442/1622 1547/1443/1623
f 1547/1443/1623 1225/1121/1268 1519/1415/1595
f 1225/1121/1268 1547/1443/1623 1246/1142/1289
f 1476/1372/1543 30/30/1545 31/31/1624
f 31/31/1624 1548/1444/1625 1476/1372/1543
f 1474/1370/1541 1476/1372/1543 1548/1444/1625
f 1247/1143/1290 1246/1142/1289 1547/1443/1623
f 1549/1445/1626 1546/1442/1622 1545/1441/1621
f 1472/1368/1539 1542/1438/1618 1470/1366/1537
f 1472/1368/1539 1474/1370/1541 1542/1438/1618
f 1548/1444/1625 1542/1438/1618 1474/1370/1541
f 1542/1438/1618 1548/1444/1625 1543/1439/1619
f 1544/1440/1620 1543/1439/1619 1548/1444/1625
f 1548/1444/1625 31/31/1624 1544/1440/1620
f 1545/1441/1621 1544/1440/1620 31/31/1624
f 31/31/1624 32/32/1627 1545/1441/1621
f 1549/1445/1626 1545/1441/1621 32/32/1627
f 1549/1445/1626 32/32/1627 1550/1446/1628
f 1549/1445/1626 1550/1446/1628 1546/1442/1622
f 1551/1447/1629 1546/1442/1622 1550/1446/1628
f 1551/1447/1629 1547/1443/1623 1546/1442/1622
f 1547/1443/1623 1551/1447/1629 1247/1143/1290
f 1552/1448/1630 1247/1143/1290 1551/1447/1629
f 1247/1143/1290 1552/1448/1630 1248/1144/1291
f 1553/1449/1631 1248/1144/1291 1552/1448/1630
f 1248/1144/1291 1553/1449/1631 1465/1361/1532
f 1448/1344/1509 1465/1361/1532 1553/1449/1631
f 1465/1361/1532 1448/1344/1509 1463/1359/1530
f 1447/1343/1508 1463/1359/1530 1448/1344/1509
f 1554/1450/1632 1555/1451/1633 1556/1452/1634
f 1555/1451/1633 1554/1450/1632 1449/1345/1510
f 1449/1345/1510 1448/1344/1509 1555/1451/1633
f 1553/1449/1631 1555/1451/1633 1448/1344/1509
f 1553/1449/1631 1552/1448/1630 1555/1451/1633
f 1552/1448/1630 1551/1447/1629 1555/1451/1633
f 518/415/1635 1557/1453/1636 58/58/1637
f 1550/1446/1628 1555/1451/1633 1551/1447/1629
f 1550/1446/1628 1556/1452/1634 1555/1451/1633
f 1556/1452/1634 1550/1446/1628 32/32/1627
f 32/32/1627 33/33/1638 1556/1452/1634
f 57/57/1639 1556/1452/1634 33/33/1638
f 1556/1452/1634 57/57/1639 1554/1450/1632
f 58/58/1637 1554/1450/1632 57/57/1639
f 1554/1450/1632 58/58/1637 1557/1453/1636
f 1557/1453/1636 1449/1345/1510 1554/1450/1632
f 1557/1453/1636 1451/1347/1512 1449/1345/1510
f 1557/1453/1636 518/415/1635 1451/1347/1512
f 1558/1454/1640 1451/1347/1512 518/415/1635
f 518/415/1635 506/403/1641 1558/1454/1640
f 507/404/1642 1558/1454/1640 506/403/1641
f 507/404/1642 508/405/1643 1558/1454/1640
f 1453/1349/1514 1558/1454/1640 508/405/1643
f 508/405/1643 1455/1351/1516 1453/1349/1514
f 1455/1351/1516 508/405/1643 509/406/1518
f 1558/1454/1640 1453/1349/1514 1451/1347/1512
f 1559/1455/1644 1560/1456/1645 1561/1457/1646
f 1560/1456/1645 1562/1458/1647 1561/1457/1646
f 1562/1458/1647 1563/1456/1648 1561/1457/1646
f 1563/1456/1648 1564/1455/1649 1561/1457/1646
f 1564/1455/1649 1565/1459/1650 1561/1457/1646
f 1564/1455/1649 1566/1460/1651 1565/1459/1650
f 1567/1461/1652 1565/1459/1650 1566/1460/1651
f 1568/1462/1653 1569/1463/1654 1570/1464/1655
f 1571/1465/1656 1570/1464/1655 1569/1463/1654
f 1569/1463/1654 1572/1466/1657 1571/1465/1656
f 1573/1467/1658 1571/1465/1656 1572/1466/1657
f 1573/1467/1658 1574/1461/1659 1571/1465/1656
f 1575/1468/1660 1576/1469/1661 1577/1470/1662
f 1575/1468/1660 1572/1466/1657 1576/1469/1661
f 1569/1463/1654 1576/1469/1661 1572/1466/1657
f 1576/1469/1661 1569/1463/1654 1578/1471/1663
f 1568/1462/1653 1578/1471/1663 1569/1463/1654
f 1568/1462/1653 1579/1463/1664 1578/1471/1663
f 1568/1462/1653 1570/1464/1655 1579/1463/1664
f 1580/1465/1665 1579/1463/1664 1570/1464/1655
f 1570/1464/1655 1581/1472/1666 1580/1465/1665
f 1570/1464/1655 1571/1465/1656 1581/1472/1666
f 1582/1473/1667 1581/1472/1666 1571/1465/1656
f 1582/1473/1667 1571/1465/1656 1574/1461/1659
f 1582/1473/1667 1574/1461/1659 1583/1459/1668
f 1582/1473/1667 1583/1459/1668 1581/1472/1666
f 1584/1473/1669 1580/1465/1665 1581/1472/1666
f 1574/1461/1659 1585/1460/1670 1583/1459/1668
f 1559/1455/1644 1583/1459/1668 1585/1460/1670
f 1583/1459/1668 1559/1455/1644 1561/1457/1646
f 1561/1457/1646 1581/1472/1666 1583/1459/1668
f 1561/1457/1646 1565/1459/1650 1581/1472/1666
f 1584/1473/1669 1581/1472/1666 1565/1459/1650
f 1567/1461/1652 1584/1473/1669 1565/1459/1650
f 1584/1473/1669 1567/1461/1652 1580/1465/1665
f 1586/1467/1671 1580/1465/1665 1567/1461/1652
f 1586/1467/1671 1587/1466/1672 1580/1465/1665
f 1579/1463/1664 1580/1465/1665 1587/1466/1672
f 1579/1463/1664 1587/1466/1672 1588/1469/1673
f 1588/1469/1673 1578/1471/1663 1579/1463/1664
f 1578/1471/1663 1588/1469/1673 1589/1474/1674
f 1578/1471/1663 1589/1474/1674 1576/1469/1661
f 1590/1475/1675 1576/1469/1661 1589/1474/1674
f 1590/1475/1675 1577/1470/1662 1576/1469/1661
f 1577/1470/1662 1590/1475/1675 1591/1476/1676
f 1592/1477/1677 1593/1478/1678 1594/1479/1679
f 1592/1477/1677 1594/1479/1679 1595/1480/1680
f 1595/1480/1680 1596/1481/1681 1592/1477/1677
f 1597/1482/1682 1592/1477/1677 1596/1481/1681
f 1596/1481/1681 1598/1483/1683 1597/1482/1682
f 1599/1484/1684 1597/1482/1682 1598/1483/1683
f 1598/1483/1683 1600/1485/1685 1599/1484/1684
f 1601/1486/1686 1599/1484/1684 1600/1485/1685
f 1600/1485/1685 1602/1487/1687 1601/1486/1686
f 1603/1475/1688 1589/1474/1674 1588/1469/1673
f 1589/1474/1674 1603/1475/1688 1604/1488/1689
f 1589/1474/1674 1604/1488/1689 1590/1475/1675
f 1605/1468/1690 1588/1469/1673 1587/1466/1672
f 1605/1468/1690 1606/1470/1691 1588/1469/1673
f 1603/1475/1688 1588/1469/1673 1606/1470/1691
f 1603/1475/1688 1606/1470/1691 1607/1476/1692
f 1607/1476/1692 1593/1478/1678 1603/1475/1688
f 1592/1477/1677 1603/1475/1688 1593/1478/1678
f 1592/1477/1677 1604/1488/1689 1603/1475/1688
f 1592/1477/1677 1597/1482/1682 1604/1488/1689
f 1608/1489/1693 1604/1488/1689 1597/1482/1682
f 1597/1482/1682 1599/1484/1684 1608/1489/1693
f 1609/1490/1694 1608/1489/1693 1599/1484/1684
f 1599/1484/1684 1601/1486/1686 1609/1490/1694
f 1610/1491/1695 1609/1490/1694 1601/1486/1686
f 1611/1478/1696 1612/1477/1697 1613/1479/1698
f 1613/1479/1698 1612/1477/1697 1614/1480/1699
f 1614/1480/1699 1612/1477/1697 1615/1481/1700
f 1616/1482/1701 1615/1481/1700 1612/1477/1697
f 1615/1481/1700 1616/1482/1701 1617/1483/1702
f 1618/1484/1703 1617/1483/1702 1616/1482/1701
f 1617/1483/1702 1618/1484/1703 1619/1485/1704
f 1620/1486/1705 1619/1485/1704 1618/1484/1703
f 1619/1485/1704 1620/1486/1705 1621/1487/1706
f 1622/1492/1707 1623/1493/1708 1624/1494/1709
f 1622/1492/1707 1625/1495/1710 1623/1493/1708
f 1626/1496/1711 1623/1493/1708 1625/1495/1710
f 1626/1496/1711 1625/1495/1710 1602/1487/1687
f 1627/1497/1712 1602/1487/1687 1625/1495/1710
f 1627/1497/1712 1601/1486/1686 1602/1487/1687
f 1627/1497/1712 1628/1498/1713 1601/1486/1686
f 1610/1491/1695 1601/1486/1686 1628/1498/1713
f 1610/1491/1695 1628/1498/1713 1620/1486/1705
f 1610/1491/1695 1620/1486/1705 1609/1490/1694
f 1618/1484/1703 1609/1490/1694 1620/1486/1705
f 1609/1490/1694 1618/1484/1703 1608/1489/1693
f 1616/1482/1701 1608/1489/1693 1618/1484/1703
f 1608/1489/1693 1616/1482/1701 1604/1488/1689
f 1612/1477/1697 1604/1488/1689 1616/1482/1701
f 1612/1477/1697 1590/1475/1675 1604/1488/1689
f 1612/1477/1697 1611/1478/1696 1590/1475/1675
f 1591/1476/1676 1590/1475/1675 1611/1478/1696
f 1629/1499/1714 1624/1494/1709 1623/1493/1708
f 1627/1497/1712 1625/1495/1710 1628/1498/1713
f 1630/1500/1715 1628/1498/1713 1625/1495/1710
f 1625/1495/1710 1622/1492/1707 1630/1500/1715
f 1631/1501/1716 1630/1500/1715 1622/1492/1707
f 1631/1501/1716 1632/1492/1717 1630/1500/1715
f 1633/1495/1718 1630/1500/1715 1632/1492/1717
f 1630/1500/1715 1633/1495/1718 1628/1498/1713
f 1634/1497/1719 1628/1498/1713 1633/1495/1718
f 1634/1497/1719 1620/1486/1705 1628/1498/1713
f 1634/1497/1719 1621/1487/1706 1620/1486/1705
f 1634/1497/1719 1633/1495/1718 1621/1487/1706
f 1635/1496/1720 1621/1487/1706 1633/1495/1718
f 1635/1496/1720 1633/1495/1718 1636/1493/1721
f 1632/1492/1717 1636/1493/1721 1633/1495/1718
f 1632/1492/1717 1637/1494/1722 1636/1493/1721
f 1632/1492/1717 1631/1501/1716 1637/1494/1722
f 1638/1502/1723 1637/1494/1722 1631/1501/1716
f 1638/1502/1723 1631/1501/1716 1624/1494/1709
f 1622/1492/1707 1624/1494/1709 1631/1501/1716
f 1639/1499/1724 1636/1493/1721 1637/1494/1722
usemtl mat1
f 1640/1503/1725 1641/1504/1726 1642/1505/1727
f 1642/1505/1727 1643/1506/1728 1640/1503/1725
f 1644/1507/1729 1640/1503/1725 1643/1506/1728
f 1643/1506/1728 1645/1508/1730 1644/1507/1729
f 1646/1509/1731 1644/1507/1729 1645/1508/1730
f 1647/1510/1732 1648/1511/1733 1649/1512/1734
f 1648/1511/1733 1647/1510/1732 1650/1513/1735
f 1651/1514/1736 1650/1513/1735 1647/1510/1732
f 1647/1510/1732 1649/1512/1734 1651/1514/1736
f 1652/1515/1737 1651/1514/1736 1649/1512/1734
f 1649/1512/1734 1653/1516/1738 1652/1515/1737
f 1653/1516/1738 1649/1512/1734 1648/1511/1733
f 1648/1511/1733 1654/1517/1739 1653/1516/1738
f 1655/1509/1740 1656/1508/1741 1657/1507/1742
f 1658/1506/1743 1657/1507/1742 1656/1508/1741
f 1657/1507/1742 1658/1506/1743 1659/1503/1744
f 1660/1518/1745 1661/1519/1746 1662/1520/1747
f 1663/1521/1748 1664/1522/1749 1662/1520/1747
f 1660/1518/1745 1662/1520/1747 1664/1522/1749
f 1664/1522/1749 1665/1523/1750 1660/1518/1745
f 1666/1524/1751 1660/1518/1745 1665/1523/1750
f 1660/1518/1745 1666/1524/1751 1661/1519/1746
f 1667/1525/1752 1661/1519/1746 1666/1524/1751
f 1661/1519/1746 1667/1525/1752 1668/1526/1753
f 1666/1524/1751 1665/1523/1750 1667/1525/1752
f 1669/1527/1754 1670/1528/1755 1671/1529/1756
f 1670/1528/1755 1669/1527/1754 1672/1530/1757
f 1673/1531/1758 1672/1530/1757 1669/1527/1754
f 1673/1531/1758 1669/1527/1754 1674/1532/1759
f 1671/1529/1756 1674/1532/1759 1669/1527/1754
f 1674/1532/1759 1671/1529/1756 1675/1533/1760
f 1676/1534/1761 1675/1533/1760 1671/1529/1756
f 1677/1535/1762 1678/1536/1763 1679/1537/1764
f 1680/1538/1765 1679/1537/1764 1678/1536/1763
f 1680/1538/1765 1678/1536/1763 1681/1539/1766
f 1680/1538/1765 1681/1539/1766 1682/1540/1767
f 1681/1539/1766 1683/1541/1768 1682/1540/1767
f 1682/1540/1767 1683/1541/1768 1684/1542/1769
f 1685/1543/1770 1684/1542/1769 1683/1541/1768
f 1684/1542/1769 1685/1543/1770 1686/1544/1771
f 1679/1537/1764 1680/1538/1765 1682/1540/1767
f 1687/1545/1772 1688/1546/1773 1689/1547/1774
f 1690/1548/1775 1691/1549/1776 1692/1550/1777
f 1691/1549/1776 1690/1548/1775 1693/1551/1778
f 1689/1547/1774 1693/1551/1778 1690/1548/1775
f 1693/1551/1778 1689/1547/1774 1688/1546/1773
f 1688/1546/1773 1694/1552/1779 1693/1551/1778
f 1694/1552/1779 1688/1546/1773 1695/1553/1780
f 1695/1553/1780 1696/1554/1781 1694/1552/1779
f 1692/1550/1777 1694/1552/1779 1696/1554/1781
f 1694/1552/1779 1692/1550/1777 1691/1549/1776
f 1691/1549/1776 1693/1551/1778 1694/1552/1779
f 1697/1555/1782 1698/1556/1783 1699/1557/1784
f 1700/1558/1785 1699/1557/1784 1698/1556/1783
f 1699/1557/1784 1700/1558/1785 1701/1559/1786
f 1702/1560/1787 1701/1559/1786 1700/1558/1785
f 1703/1561/1788 1704/1562/1789 1705/1563/1790
f 1706/1564/1791 1707/1565/1792 1708/1566/1793
f 1705/1563/1790 1708/1566/1793 1707/1565/1792
f 1705/1563/1790 1707/1565/1792 1703/1561/1788
f 1709/1567/1794 1703/1561/1788 1707/1565/1792
f 1709/1567/1794 1710/1568/1795 1703/1561/1788
f 1703/1561/1788 1710/1568/1795 1704/1562/1789
f 1711/1569/1796 1704/1562/1789 1710/1568/1795
f 1704/1562/1789 1711/1569/1796 1712/1570/1797
f 1712/1570/1797 1711/1569/1796 1713/1571/1798
f 1714/1572/1799 1713/1571/1798 1711/1569/1796
f 1715/1573/1800 1713/1571/1798 1714/1572/1799
f 1715/1573/1800 1716/1574/1801 1713/1571/1798
f 1715/1573/1800 1717/1575/1802 1716/1574/1801
f 1716/1574/1801 1717/1575/1802 1718/1576/1803
f 1719/1577/1804 1718/1576/1803 1717/1575/1802
f 1720/1578/1805 1719/1577/1804 1717/1575/1802
f 1720/1578/1805 1721/1579/1806 1719/1577/1804
f 1722/1580/1807 1719/1577/1804 1721/1579/1806
f 1718/1576/1803 1723/1581/1808 1716/1574/1801
f 1724/1582/1809 1725/1583/1810 1726/1584/1811
f 1723/1581/1808 1726/1584/1811 1725/1583/1810
f 1723/1581/1808 1725/1583/1810 1727/1585/1812
f 1727/1585/1812 1716/1574/1801 1723/1581/1808
f 1713/1571/1798 1716/1574/1801 1727/1585/1812
f 1728/1586/1813 1729/1587/1814 1730/1588/1815
f 1731/1589/1816 1732/1590/1817 1728/1586/1813
f 1729/1587/1814 1728/1586/1813 1732/1590/1817
f 1732/1590/1817 1733/1591/1818 1729/1587/1814
f 1734/1592/1819 1729/1587/1814 1733/1591/1818
f 1734/1592/1819 1733/1591/1818 1735/1593/1820
f 1736/1594/1821 1735/1593/1820 1733/1591/1818
f 1736/1594/1821 1737/1595/1822 1735/1593/1820
f 1738/1596/1823 1735/1593/1820 1737/1595/1822
f 1737/1595/1822 1739/1597/1824 1738/1596/1823
f 1740/1598/1825 1738/1596/1823 1739/1597/1824
f 1738/1596/1823 1740/1598/1825 1741/1599/1826
f 1741/1599/1826 1742/1600/1827 1738/1596/1823
f 1735/1593/1820 1738/1596/1823 1742/1600/1827
f 1735/1593/1820 1742/1600/1827 1734/1592/1819
f 1743/1601/1828 1734/1592/1819 1742/1600/1827
f 1744/1602/1829 1745/1603/1830 1746/1604/1831
f 1746/1604/1831 1747/1605/1832 1748/1606/1833
f 1747/1605/1832 1746/1604/1831 1745/1603/1830
f 1745/1603/1830 1749/1607/1834 1747/1605/1832
f 1749/1607/1834 1745/1603/1830 1750/1608/1835
f 1750/1608/1835 1745/1603/1830 1751/1609/1836
f 1752/1610/1837 1751/1609/1836 1745/1603/1830
f 1745/1603/1830 1744/1602/1829 1752/1610/1837
f 1753/1611/1838 1752/1610/1837 1744/1602/1829
f 1754/1612/1839 1747/1605/1832 1749/1607/1834
f 1755/1613/1840 1756/1614/1841 1757/1615/1842
f 1758/1616/1843 1757/1615/1842 1756/1614/1841
f 1758/1616/1843 1759/1617/1844 1757/1615/1842
f 1759/1617/1844 1758/1616/1843 1760/1618/1845
f 1756/1614/1841 1760/1618/1845 1758/1616/1843
f 1760/1618/1845 1756/1614/1841 1761/1619/1846
f 1755/1613/1840 1761/1619/1846 1756/1614/1841
f 1761/1619/1846 1755/1613/1840 1762/1620/1847
f 1757/1615/1842 1762/1620/1847 1755/1613/1840
f 1762/1620/1847 1757/1615/1842 1759/1617/1844
f 1763/1621/1848 1764/1622/1849 1765/1623/1850
f 1764/1622/1849 1766/1624/1851 1765/1623/1850
f 1766/1624/1851 1764/1622/1849 1767/1625/1852
f 1768/1626/1853 1767/1625/1852 1764/1622/1849
f 1764/1622/1849 1763/1621/1848 1768/1626/1853
f 1769/1627/1854 1768/1626/1853 1763/1621/1848
f 1763/1621/1848 1770/1628/1855 1769/1627/1854
f 1763/1621/1848 1765/1623/1850 1770/1628/1855
f 1771/1629/1856 1770/1628/1855 1765/1623/1850
f 1765/1623/1850 1766/1624/1851 1771/1629/1856
f 1772/1630/1857 1771/1629/1856 1766/1624/1851
f 1766/1624/1851 1767/1625/1852 1772/1630/1857
f 1767/1625/1852 1773/1631/1858 1772/1630/1857
f 1773/1631/1858 1767/1625/1852 1774/1632/1859
f 1768/1626/1853 1774/1632/1859 1767/1625/1852
f 1774/1632/1859 1768/1626/1853 1775/1633/1860
f 1769/1627/1854 1775/1633/1860 1768/1626/1853
f 1775/1633/1860 1769/1627/1854 1776/1634/1861
f 1770/1628/1855 1776/1634/1861 1769/1627/1854
f 1776/1634/1861 1770/1628/1855 1777/1635/1862
f 1771/1629/1856 1777/1635/1862 1770/1628/1855
f 1777/1635/1862 1771/1629/1856 1778/1636/1863
f 1772/1630/1857 1778/1636/1863 1771/1629/1856
f 1778/1636/1863 1772/1630/1857 1773/1631/1858
f 1779/1637/1864 1780/1638/1865 1781/1639/1866
f 1782/1640/1867 1781/1639/1866 1780/1638/1865
f 1782/1640/1867 1783/1641/1868 1781/1639/1866
f 1783/1641/1868 1782/1640/1867 1784/1642/1869
f 1780/1638/1865 1784/1642/1869 1782/1640/1867
f 1784/1642/1869 1780/1638/1865 1785/1643/1870
f 1779/1637/1864 1785/1643/1870 1780/1638/1865
f 1785/1643/1870 1779/1637/1864 1786/1644/1871
f 1781/1639/1866 1786/1644/1871 1779/1637/1864
f 1786/1644/1871 1781/1639/1866 1783/1641/1868
f 1787/1645/1872 1788/1646/1873 1789/1647/1874
f 1789/1647/1874 1790/1648/1875 1787/1645/1872
f 1790/1648/1875 1791/1649/1876 1787/1645/1872
f 1791/1649/1876 1792/1650/1877 1787/1645/1872
f 1791/1649/1876 1793/1651/1878 1792/1650/1877
f 1794/1652/1879 1792/1650/1877 1793/1651/1878
f 1793/1651/1878 1795/1653/1880 1794/1652/1879
f 1796/1654/1881 1794/1652/1879 1795/1653/1880
f 1795/1653/1880 1797/1655/1882 1796/1654/1881
f 1788/1646/1873 1796/1654/1881 1797/1655/1882
f 1797/1655/1882 1789/1647/1874 1788/1646/1873
f 1797/1655/1882 1795/1653/1880 1789/1647/1874
f 1790/1648/1875 1789/1647/1874 1795/1653/1880
f 1795/1653/1880 1793/1651/1878 1790/1648/1875
f 1791/1649/1876 1790/1648/1875 1793/1651/1878
f 1798/1510/1883 1799/1512/1884 1800/1511/1885
f 1801/1516/1886 1800/1511/1885 1799/1512/1884
f 1800/1511/1885 1801/1516/1886 1802/1517/1887
f 1803/1656/1888 1802/1517/1887 1801/1516/1886
f 1803/1656/1888 1804/1657/1889 1802/1517/1887
f 1804/1657/1889 1803/1656/1888 1805/1658/1890
f 1801/1516/1886 1805/1658/1890 1803/1656/1888
f 1805/1658/1890 1801/1516/1886 1806/1515/1891
f 1799/1512/1884 1806/1515/1891 1801/1516/1886
f 1806/1515/1891 1799/1512/1884 1807/1514/1892
f 1798/1510/1883 1807/1514/1892 1799/1512/1884
f 1807/1514/1892 1798/1510/1883 1808/1513/1893
f 1800/1511/1885 1808/1513/1893 1798/1510/1883
f 1808/1513/1893 1800/1511/1885 1809/1659/1894
f 1802/1517/1887 1809/1659/1894 1800/1511/1885
f 1809/1659/1894 1802/1517/1887 1804/1657/1889
f 1810/1660/1895 1811/1661/1896 1812/1662/1897
f 1813/1663/1898 1812/1662/1897 1811/1661/1896
f 1811/1661/1896 1814/1664/1899 1813/1663/1898
f 1814/1664/1899 1811/1661/1896 1815/1665/1900
f 1811/1661/1896 1810/1660/1895 1815/1665/1900
f 1810/1660/1895 1816/1666/1901 1815/1665/1900
f 1810/1660/1895 1812/1662/1897 1816/1666/1901
f 1817/1667/1902 1816/1666/1901 1812/1662/1897
f 1812/1662/1897 1813/1663/1898 1817/1667/1902
f 1818/1668/1903 1817/1667/1902 1813/1663/1898
f 1813/1663/1898 1819/1669/1904 1818/1668/1903
f 1819/1669/1904 1813/1663/1898 1814/1664/1899
f 1819/1669/1904 1814/1664/1899 1820/1670/1905
f 1815/1665/1900 1820/1670/1905 1814/1664/1899
f 1820/1670/1905 1818/1668/1903 1819/1669/1904
f 1821/1671/1906 1822/1672/1907 1823/1673/1908
f 1822/1672/1907 1821/1671/1906 1824/1674/1909
f 1825/1675/1910 1824/1674/1909 1821/1671/1906
f 1824/1674/1909 1825/1675/1910 1826/1676/1911
f 1827/1677/1912 1826/1676/1911 1825/1675/1910
f 1826/1676/1911 1827/1677/1912 1828/1678/1913
f 1829/1679/1914 1828/1678/1913 1827/1677/1912
f 1828/1678/1913 1829/1679/1914 1830/1680/1915
f 1831/1681/1916 1830/1680/1915 1829/1679/1914
f 1830/1680/1915 1831/1681/1916 1832/1682/1917
f 1833/1683/1918 1834/1684/1919 1835/1685/1920
f 1834/1684/1919 1833/1683/1918 1836/1686/1921
f 1823/1673/1908 1836/1686/1921 1833/1683/1918
f 1836/1686/1921 1823/1673/1908 1822/1672/1907
f 1822/1672/1907 1837/1687/1922 1836/1686/1921
f 1837/1687/1922 1822/1672/1907 1838/1688/1923
f 1824/1674/1909 1838/1688/1923 1822/1672/1907
f 1838/1688/1923 1824/1674/1909 1839/1689/1924
f 1826/1676/1911 1839/1689/1924 1824/1674/1909
f 1839/1689/1924 1826/1676/1911 1840/1690/1925
f 1828/1678/1913 1840/1690/1925 1826/1676/1911
f 1840/1690/1925 1828/1678/1913 1656/1508/1926
f 1830/1680/1915 1656/1508/1926 1828/1678/1913
f 1656/1508/1926 1830/1680/1915 1658/1506/1927
f 1832/1682/1917 1658/1506/1927 1830/1680/1915
f 1658/1506/1927 1832/1682/1917 1841/1505/1928
f 1842/1691/1929 1841/1505/1928 1832/1682/1917
f 1841/1505/1928 1842/1691/1929 1843/1692/1930
f 1656/1508/1926 1655/1509/1931 1840/1690/1925
f 1844/1693/1932 1840/1690/1925 1655/1509/1931
f 1840/1690/1925 1844/1693/1932 1839/1689/1924
f 1845/1694/1933 1839/1689/1924 1844/1693/1932
f 1839/1689/1924 1845/1694/1933 1838/1688/1923
f 1846/1695/1934 1838/1688/1923 1845/1694/1933
f 1838/1688/1923 1846/1695/1934 1837/1687/1922
f 1847/1696/1935 1837/1687/1922 1846/1695/1934
f 1837/1687/1922 1847/1696/1935 1848/1697/1936
f 1849/1698/1937 1848/1697/1936 1847/1696/1935
f 1848/1697/1936 1849/1698/1937 1850/1699/1938
f 1851/1700/1939 1850/1699/1938 1849/1698/1937
f 1850/1699/1938 1851/1700/1939 1852/1701/1940
f 1853/1702/1941 1852/1701/1940 1851/1700/1939
f 1852/1701/1940 1853/1702/1941 1854/1703/1942
f 1855/1704/1943 1854/1703/1942 1853/1702/1941
f 1854/1703/1942 1855/1704/1943 1856/1705/1944
f 1857/1706/1945 1856/1705/1944 1855/1704/1943
f 1856/1705/1944 1857/1706/1945 1858/1707/1946
f 1859/1708/1947 1858/1707/1946 1857/1706/1945
f 1858/1707/1946 1859/1708/1947 1860/1709/1948
f 1861/1710/1949 1860/1709/1948 1859/1708/1947
f 1860/1709/1948 1861/1710/1949 1862/1711/1950
f 1863/1712/1951 1862/1711/1950 1861/1710/1949
f 1862/1711/1950 1863/1712/1951 1843/1692/1930
f 1864/1504/1952 1843/1692/1930 1863/1712/1951
f 1843/1692/1930 1864/1504/1952 1841/1505/1928
f 1659/1503/1953 1841/1505/1928 1864/1504/1952
f 1841/1505/1928 1659/1503/1953 1658/1506/1927
f 1865/1713/1954 1832/1682/1917 1831/1681/1916
f 1832/1682/1917 1865/1713/1954 1842/1691/1929
f 1866/1714/1955 1842/1691/1929 1865/1713/1954
f 1842/1691/1929 1866/1714/1955 1867/1715/1956
f 1868/1716/1957 1867/1715/1956 1866/1714/1955
f 1867/1715/1956 1868/1716/1957 1869/1717/1958
f 1870/1718/1959 1869/1717/1958 1868/1716/1957
f 1869/1717/1958 1870/1718/1959 1871/1719/1960
f 1872/1720/1961 1871/1719/1960 1870/1718/1959
f 1871/1719/1960 1872/1720/1961 1873/1721/1962
f 1874/1722/1963 1873/1721/1962 1872/1720/1961
f 1873/1721/1962 1874/1722/1963 1875/1723/1964
f 1876/1724/1965 1875/1723/1964 1874/1722/1963
f 1875/1723/1964 1876/1724/1965 1877/1725/1966
f 1878/1726/1967 1877/1725/1966 1876/1724/1965
f 1877/1725/1966 1878/1726/1967 1879/1727/1968
f 1835/1685/1920 1879/1727/1968 1878/1726/1967
f 1879/1727/1968 1835/1685/1920 1834/1684/1919
f 1867/1715/1956 1843/1692/1930 1842/1691/1929
f 1843/1692/1930 1867/1715/1956 1862/1711/1950
f 1869/1717/1958 1862/1711/1950 1867/1715/1956
f 1862/1711/1950 1869/1717/1958 1860/1709/1948
f 1871/1719/1960 1860/1709/1948 1869/1717/1958
f 1860/1709/1948 1871/1719/1960 1858/1707/1946
f 1873/1721/1962 1858/1707/1946 1871/1719/1960
f 1858/1707/1946 1873/1721/1962 1856/1705/1944
f 1875/1723/1964 1856/1705/1944 1873/1721/1962
f 1856/1705/1944 1875/1723/1964 1854/1703/1942
f 1877/1725/1966 1854/1703/1942 1875/1723/1964
f 1854/1703/1942 1877/1725/1966 1852/1701/1940
f 1879/1727/1968 1852/1701/1940 1877/1725/1966
f 1852/1701/1940 1879/1727/1968 1850/1699/1938
f 1834/1684/1919 1850/1699/1938 1879/1727/1968
f 1850/1699/1938 1834/1684/1919 1848/1697/1936
f 1836/1686/1921 1848/1697/1936 1834/1684/1919
f 1848/1697/1936 1836/1686/1921 1837/1687/1922
f 1645/1508/1969 1880/1690/1970 1646/1509/1971
f 1881/1693/1972 1646/1509/1971 1880/1690/1970
f 1880/1690/1970 1882/1689/1973 1881/1693/1972
f 1883/1694/1974 1881/1693/1972 1882/1689/1973
f 1882/1689/1973 1884/1688/1975 1883/1694/1974
f 1885/1695/1976 1883/1694/1974 1884/1688/1975
f 1884/1688/1975 1886/1687/1977 1885/1695/1976
f 1887/1696/1978 1885/1695/1976 1886/1687/1977
f 1886/1687/1977 1888/1697/1979 1887/1696/1978
f 1889/1698/1980 1887/1696/1978 1888/1697/1979
f 1890/1702/1981 1891/1700/1982 1892/1701/1983
f 1893/1699/1984 1892/1701/1983 1891/1700/1982
f 1891/1700/1982 1889/1698/1980 1893/1699/1984
f 1888/1697/1979 1893/1699/1984 1889/1698/1980
f 1893/1699/1984 1888/1697/1979 1894/1684/1985
f 1895/1686/1986 1894/1684/1985 1888/1697/1979
f 1888/1697/1979 1886/1687/1977 1895/1686/1986
f 1896/1672/1987 1895/1686/1986 1886/1687/1977
f 1886/1687/1977 1884/1688/1975 1896/1672/1987
f 1897/1674/1988 1896/1672/1987 1884/1688/1975
f 1884/1688/1975 1882/1689/1973 1897/1674/1988
f 1898/1676/1989 1897/1674/1988 1882/1689/1973
f 1882/1689/1973 1880/1690/1970 1898/1676/1989
f 1899/1678/1990 1898/1676/1989 1880/1690/1970
f 1880/1690/1970 1645/1508/1969 1899/1678/1990
f 1900/1680/1991 1899/1678/1990 1645/1508/1969
f 1645/1508/1969 1643/1506/1992 1900/1680/1991
f 1901/1682/1993 1900/1680/1991 1643/1506/1992
f 1902/1675/1994 1903/1671/1995 1897/1674/1988
f 1897/1674/1988 1898/1676/1989 1902/1675/1994
f 1904/1677/1996 1902/1675/1994 1898/1676/1989
f 1898/1676/1989 1899/1678/1990 1904/1677/1996
f 1905/1679/1997 1904/1677/1996 1899/1678/1990
f 1899/1678/1990 1900/1680/1991 1905/1679/1997
f 1906/1681/1998 1905/1679/1997 1900/1680/1991
f 1900/1680/1991 1901/1682/1993 1906/1681/1998
f 1907/1713/1999 1906/1681/1998 1901/1682/1993
f 1901/1682/1993 1908/1691/2000 1907/1713/1999
f 1909/1714/2001 1907/1713/1999 1908/1691/2000
f 1908/1691/2000 1910/1715/2002 1909/1714/2001
f 1911/1716/2003 1909/1714/2001 1910/1715/2002
f 1910/1715/2002 1912/1717/2004 1911/1716/2003
f 1913/1718/2005 1911/1716/2003 1912/1717/2004
f 1912/1717/2004 1914/1719/2006 1913/1718/2005
f 1915/1720/2007 1913/1718/2005 1914/1719/2006
f 1914/1719/2006 1916/1721/2008 1915/1720/2007
f 1917/1692/2009 1642/1505/2010 1641/1504/2011
f 1641/1504/2011 1918/1712/2012 1917/1692/2009
f 1919/1711/2013 1917/1692/2009 1918/1712/2012
f 1918/1712/2012 1920/1710/2014 1919/1711/2013
f 1921/1709/2015 1919/1711/2013 1920/1710/2014
f 1920/1710/2014 1922/1708/2016 1921/1709/2015
f 1923/1707/2017 1921/1709/2015 1922/1708/2016
f 1922/1708/2016 1924/1706/2018 1923/1707/2017
f 1925/1705/2019 1923/1707/2017 1924/1706/2018
f 1924/1706/2018 1926/1704/2020 1925/1705/2019
f 1927/1703/2021 1925/1705/2019 1926/1704/2020
f 1926/1704/2020 1890/1702/1981 1927/1703/2021
f 1892/1701/1983 1927/1703/2021 1890/1702/1981
f 1643/1506/1992 1642/1505/2010 1901/1682/1993
f 1908/1691/2000 1901/1682/1993 1642/1505/2010
f 1642/1505/2010 1917/1692/2009 1908/1691/2000
f 1910/1715/2002 1908/1691/2000 1917/1692/2009
f 1917/1692/2009 1919/1711/2013 1910/1715/2002
f 1912/1717/2004 1910/1715/2002 1919/1711/2013
f 1919/1711/2013 1921/1709/2015 1912/1717/2004
f 1914/1719/2006 1912/1717/2004 1921/1709/2015
f 1921/1709/2015 1923/1707/2017 1914/1719/2006
f 1916/1721/2008 1914/1719/2006 1923/1707/2017
f 1923/1707/2017 1925/1705/2019 1916/1721/2008
f 1928/1723/2022 1916/1721/2008 1925/1705/2019
f 1925/1705/2019 1927/1703/2021 1928/1723/2022
f 1929/1725/2023 1928/1723/2022 1927/1703/2021
f 1927/1703/2021 1892/1701/1983 1929/1725/2023
f 1930/1727/2024 1929/1725/2023 1892/1701/1983
f 1892/1701/1983 1893/1699/1984 1930/1727/2024
f 1894/1684/1985 1930/1727/2024 1893/1699/1984
f 1931/1722/2025 1915/1720/2007 1916/1721/2008
f 1916/1721/2008 1928/1723/2022 1931/1722/2025
f 1932/1724/2026 1931/1722/2025 1928/1723/2022
f 1928/1723/2022 1929/1725/2023 1932/1724/2026
f 1933/1726/2027 1932/1724/2026 1929/1725/2023
f 1929/1725/2023 1930/1727/2024 1933/1726/2027
f 1934/1685/2028 1933/1726/2027 1930/1727/2024
f 1930/1727/2024 1894/1684/1985 1934/1685/2028
f 1935/1683/2029 1934/1685/2028 1894/1684/1985
f 1894/1684/1985 1895/1686/1986 1935/1683/2029
f 1936/1673/2030 1935/1683/2029 1895/1686/1986
f 1895/1686/1986 1896/1672/1987 1936/1673/2030
f 1903/1671/1995 1936/1673/2030 1896/1672/1987
f 1896/1672/1987 1897/1674/1988 1903/1671/1995
f 1672/1530/2031 1673/1531/2032 1937/1728/2033
f 1673/1531/2032 1674/1532/2034 1937/1728/2033
f 1674/1532/2034 1675/1533/2035 1937/1728/2033
f 1937/1728/2033 1675/1533/2035 1938/1729/2036
f 1676/1534/2037 1938/1729/2036 1675/1533/2035
f 1938/1729/2036 1676/1534/2037 1939/1730/2038
f 1671/1529/2039 1939/1730/2038 1676/1534/2037
f 1939/1730/2038 1671/1529/2039 1670/1528/2040
f 1940/1731/2041 1941/1732/2042 1942/1733/2043
f 1943/1734/2044 1942/1733/2043 1941/1732/2042
f 1942/1733/2043 1943/1734/2044 1944/1735/2045
f 1945/1736/2046 1944/1735/2045 1943/1734/2044
f 1944/1735/2045 1945/1736/2046 1946/1737/2047
f 1947/1738/2048 1946/1737/2047 1945/1736/2046
f 1946/1737/2047 1947/1738/2048 1948/1739/2049
f 1949/1740/2050 1948/1739/2049 1947/1738/2048
f 1948/1739/2049 1949/1740/2050 1950/1741/2051
f 1951/1742/2052 1950/1741/2051 1949/1740/2050
f 1950/1741/2051 1951/1742/2052 1940/1731/2041
f 1941/1732/2042 1940/1731/2041 1951/1742/2052
f 1951/1742/2052 1952/1743/2053 1941/1732/2042
f 1953/1744/2054 1941/1732/2042 1952/1743/2053
f 1952/1743/2053 1954/1745/2055 1953/1744/2054
f 1955/1746/2056 1953/1744/2054 1954/1745/2055
f 1954/1745/2055 1956/1747/2057 1955/1746/2056
f 1957/1748/2058 1955/1746/2056 1956/1747/2057
f 1956/1747/2057 1958/1749/2059 1957/1748/2058
f 1959/1750/2060 1957/1748/2058 1958/1749/2059
f 1958/1749/2059 1960/1751/2061 1959/1750/2060
f 1961/1752/2062 1959/1750/2060 1960/1751/2061
f 1959/1750/2060 1961/1752/2062 1962/1753/2063
f 1951/1742/2052 1949/1740/2050 1952/1743/2053
f 1954/1745/2055 1952/1743/2053 1949/1740/2050
f 1949/1740/2050 1947/1738/2048 1954/1745/2055
f 1956/1747/2057 1954/1745/2055 1947/1738/2048
f 1947/1738/2048 1945/1736/2046 1956/1747/2057
f 1958/1749/2059 1956/1747/2057 1945/1736/2046
f 1945/1736/2046 1943/1734/2044 1958/1749/2059
f 1960/1751/2061 1958/1749/2059 1943/1734/2044
f 1943/1734/2044 1941/1732/2042 1960/1751/2061
f 1953/1744/2054 1960/1751/2061 1941/1732/2042
f 1953/1744/2054 1961/1752/2062 1960/1751/2061
f 1953/1744/2054 1962/1753/2063 1961/1752/2062
f 1955/1746/2056 1962/1753/2063 1953/1744/2054
f 1957/1748/2058 1962/1753/2063 1955/1746/2056
f 1959/1750/2060 1962/1753/2063 1957/1748/2058
f 1963/1754/2064 1964/1755/2065 1965/1756/2066
f 1964/1755/2065 1966/1757/2067 1965/1756/2066
f 1966/1757/2067 1967/1758/2068 1965/1756/2066
f 1967/1758/2068 1968/1759/2069 1965/1756/2066
f 1968/1759/2069 1969/1760/2070 1965/1756/2066
f 1969/1760/2070 1970/1761/2071 1965/1756/2066
f 1970/1761/2071 1971/1762/2072 1965/1756/2066
f 1971/1762/2072 1972/1763/2073 1965/1756/2066
f 1972/1763/2073 1973/1764/2074 1965/1756/2066
f 1973/1764/2074 1974/1765/2075 1965/1756/2066
f 1974/1765/2075 1975/1766/2076 1965/1756/2066
f 1975/1766/2076 1976/1767/2077 1965/1756/2066
f 1976/1767/2077 1977/1768/2078 1965/1756/2066
f 1977/1768/2078 1978/1769/2079 1965/1756/2066
f 1978/1769/2079 1979/1770/2080 1965/1756/2066
f 1979/1770/2080 1963/1754/2064 1965/1756/2066
f 1980/1763/2081 1981/1762/2082 1982/1756/2083
f 1981/1762/2082 1983/1761/2084 1982/1756/2083
f 1983/1761/2084 1984/1760/2085 1982/1756/2083
f 1984/1760/2085 1985/1759/2086 1982/1756/2083
f 1985/1759/2086 1986/1758/2087 1982/1756/2083
f 1986/1758/2087 1987/1757/2088 1982/1756/2083
f 1987/1757/2088 1988/1755/2089 1982/1756/2083
f 1988/1755/2089 1989/1754/2090 1982/1756/2083
f 1989/1754/2090 1990/1770/2091 1982/1756/2083
f 1990/1770/2091 1991/1769/2092 1982/1756/2083
f 1991/1769/2092 1992/1768/2093 1982/1756/2083
f 1992/1768/2093 1993/1767/2094 1982/1756/2083
f 1993/1767/2094 1994/1766/2095 1982/1756/2083
f 1994/1766/2095 1995/1765/2096 1982/1756/2083
f 1995/1765/2096 1996/1764/2097 1982/1756/2083
f 1996/1764/2097 1980/1763/2081 1982/1756/2083
f 1997/1771/2098 1998/1772/2099 1999/1773/2100
f 2000/1774/2101 2001/1775/2102 1998/1772/2099
f 1998/1772/2099 1997/1771/2098 2000/1774/2101
f 2002/1776/2103 2000/1774/2101 1997/1771/2098
f 1997/1771/2098 1999/1773/2100 2002/1776/2103
f 2003/1777/2104 2002/1776/2103 1999/1773/2100
f 1999/1773/2100 2004/1778/2105 2003/1777/2104
f 2004/1778/2105 1999/1773/2100 1998/1772/2099
f 2004/1778/2105 1998/1772/2099 2001/1775/2102
f 2001/1775/2102 2003/1777/2104 2004/1778/2105
f 2005/1779/2106 2006/1780/2107 2007/1781/2108
f 2008/1782/2109 2007/1781/2108 2006/1780/2107
f 2006/1780/2107 2009/1783/2110 2008/1782/2109
f 2009/1783/2110 2006/1780/2107 2010/1784/2111
f 2005/1779/2106 2010/1784/2111 2006/1780/2107
f 2010/1784/2111 2005/1779/2106 2011/1785/2112
f 2007/1781/2108 2011/1785/2112 2005/1779/2106
f 2011/1785/2112 2007/1781/2108 2012/1786/2113
f 2008/1782/2109 2012/1786/2113 2007/1781/2108
f 2012/1786/2113 2008/1782/2109 2009/1783/2110
f 2013/1787/2114 2014/1788/2115 2015/1789/2116
f 2014/1788/2115 2016/1790/2117 2015/1789/2116
f 2017/1791/2118 2015/1789/2116 2016/1790/2117
f 2015/1789/2116 2017/1791/2118 2018/1792/2119
f 2018/1792/2119 2017/1791/2118 2019/1793/2120
f 2018/1792/2119 2019/1793/2120 2020/1794/2121
f 2020/1794/2121 2019/1793/2120 2021/1795/2122
f 2022/1796/2123 2023/1797/2124 2021/1795/2122
f 2020/1794/2121 2021/1795/2122 2023/1797/2124
f 2023/1797/2124 2024/1798/2125 2020/1794/2121
f 2018/1792/2119 2020/1794/2121 2024/1798/2125
f 2024/1798/2125 2025/1799/2126 2018/1792/2119
f 2015/1789/2116 2018/1792/2119 2025/1799/2126
f 2025/1799/2126 2026/1800/2127 2015/1789/2116
f 2013/1787/2114 2015/1789/2116 2026/1800/2127
f 2026/1800/2127 2022/1796/2123 2013/1787/2114
f 2021/1795/2122 2013/1787/2114 2022/1796/2123
f 2021/1795/2122 2027/1801/2128 2013/1787/2114
f 2027/1801/2128 2021/1795/2122 2019/1793/2120
f 2019/1793/2120 2028/1802/2129 2027/1801/2128
f 2028/1802/2129 2019/1793/2120 2017/1791/2118
f 2017/1791/2118 2029/1803/2130 2028/1802/2129
f 2029/1803/2130 2017/1791/2118 2016/1790/2117
f 2029/1803/2130 2016/1790/2117 2030/1804/2131
f 2016/1790/2117 2014/1788/2115 2030/1804/2131
f 2027/1801/2128 2030/1804/2131 2014/1788/2115
f 2014/1788/2115 2013/1787/2114 2027/1801/2128
f 2029/1803/2130 2030/1804/2131 2028/1802/2129
f 2030/1804/2131 2027/1801/2128 2028/1802/2129
f 2031/1640/2132 2032/1638/2133 2033/1639/2134
f 2034/1637/2135 2033/1639/2134 2032/1638/2133
f 2033/1639/2134 2034/1637/2135 2035/1644/2136
f 2035/1644/2136 2036/1641/2137 2033/1639/2134
f 2031/1640/2132 2033/1639/2134 2036/1641/2137
f 2036/1641/2137 2037/1642/2138 2031/1640/2132
f 2032/1638/2133 2031/1640/2132 2037/1642/2138
f 2037/1642/2138 2038/1643/2139 2032/1638/2133
f 2034/1637/2135 2032/1638/2133 2038/1643/2139
f 2038/1643/2139 2035/1644/2136 2034/1637/2135
f 2039/1797/2140 2040/1794/2141 2041/1798/2142
f 2040/1794/2141 2039/1797/2140 2042/1795/2143
f 2043/1796/2144 2042/1795/2143 2039/1797/2140
f 2042/1795/2143 2043/1796/2144 2044/1787/2145
f 2041/1798/2142 2045/1792/2146 2046/1799/2147
f 2045/1792/2146 2041/1798/2142 2040/1794/2141
f 2047/1793/2148 2045/1792/2146 2040/1794/2141
f 2040/1794/2141 2042/1795/2143 2047/1793/2148
f 2048/1801/2149 2047/1793/2148 2042/1795/2143
f 2042/1795/2143 2044/1787/2145 2048/1801/2149
f 2049/1788/2150 2048/1801/2149 2044/1787/2145
f 2049/1788/2150 2044/1787/2145 2050/1789/2151
f 2044/1787/2145 2051/1800/2152 2050/1789/2151
f 2051/1800/2152 2044/1787/2145 2043/1796/2144
f 2052/1790/2153 2053/1803/2154 2054/1804/2155
f 2054/1804/2155 2053/1803/2154 2055/1802/2156
f 2053/1803/2154 2056/1791/2157 2055/1802/2156
f 2056/1791/2157 2053/1803/2154 2052/1790/2153
f 2056/1791/2157 2052/1790/2153 2050/1789/2151
f 2049/1788/2150 2050/1789/2151 2052/1790/2153
f 2052/1790/2153 2054/1804/2155 2049/1788/2150
f 2048/1801/2149 2049/1788/2150 2054/1804/2155
f 2054/1804/2155 2055/1802/2156 2048/1801/2149
f 2047/1793/2148 2048/1801/2149 2055/1802/2156
f 2055/1802/2156 2056/1791/2157 2047/1793/2148
f 2045/1792/2146 2047/1793/2148 2056/1791/2157
f 2056/1791/2157 2050/1789/2151 2045/1792/2146
f 2050/1789/2151 2046/1799/2147 2045/1792/2146
f 2046/1799/2147 2050/1789/2151 2051/1800/2152
f 2057/1628/2158 2058/1621/2159 2059/1627/2160
f 2059/1627/2160 2058/1621/2159 2060/1626/2161
f 2061/1624/2162 2062/1625/2163 2063/1622/2164
f 2060/1626/2161 2063/1622/2164 2062/1625/2163
f 2063/1622/2164 2060/1626/2161 2058/1621/2159
f 2063/1622/2164 2058/1621/2159 2064/1623/2165
f 2058/1621/2159 2057/1628/2158 2064/1623/2165
f 2065/1629/2166 2064/1623/2165 2057/1628/2158
f 2065/1629/2166 2057/1628/2158 2066/1635/2167
f 2066/1635/2167 2067/1636/2168 2065/1629/2166
f 2068/1630/2169 2065/1629/2166 2067/1636/2168
f 2067/1636/2168 2069/1631/2170 2068/1630/2169
f 2062/1625/2163 2068/1630/2169 2069/1631/2170
f 2069/1631/2170 2070/1632/2171 2062/1625/2163
f 2060/1626/2161 2062/1625/2163 2070/1632/2171
f 2070/1632/2171 2071/1633/2172 2060/1626/2161
f 2059/1627/2160 2060/1626/2161 2071/1633/2172
f 2071/1633/2172 2072/1634/2173 2059/1627/2160
f 2057/1628/2158 2059/1627/2160 2072/1634/2173
f 2072/1634/2173 2066/1635/2167 2057/1628/2158
f 2061/1624/2162 2063/1622/2164 2064/1623/2165
f 2064/1623/2165 2065/1629/2166 2061/1624/2162
f 2068/1630/2169 2061/1624/2162 2065/1629/2166
f 2062/1625/2163 2061/1624/2162 2068/1630/2169
f 2073/1805/2174 2074/1806/2175 2075/1807/2176
f 2076/1808/2177 2077/1809/2178 2078/1810/2179
f 2078/1810/2179 2079/1811/2180 2076/1808/2177
f 2080/1812/2181 2076/1808/2177 2079/1811/2180
f 2076/1808/2177 2080/1812/2181 2077/1809/2178
f 2075/1807/2176 2077/1809/2178 2080/1812/2181
f 2077/1809/2178 2075/1807/2176 2074/1806/2175
f 2074/1806/2175 2078/1810/2179 2077/1809/2178
f 2074/1806/2175 2073/1805/2174 2078/1810/2179
f 2079/1811/2180 2078/1810/2179 2073/1805/2174
f 2073/1805/2174 2081/1805/2182 2079/1811/2180
f 2082/1811/2183 2079/1811/2180 2081/1805/2182
f 2082/1811/2183 2081/1805/2182 2083/1810/2184
f 2083/1810/2184 2084/1808/2185 2082/1811/2183
f 2085/1812/2186 2082/1811/2183 2084/1808/2185
f 2084/1808/2185 2086/1809/2187 2085/1812/2186
f 2084/1808/2185 2083/1810/2184 2086/1809/2187
f 2087/1806/2188 2086/1809/2187 2083/1810/2184
f 2087/1806/2188 2083/1810/2184 2081/1805/2182
f 2081/1805/2182 2088/1807/2189 2087/1806/2188
f 2088/1807/2189 2085/1812/2186 2086/1809/2187
f 2086/1809/2187 2087/1806/2188 2088/1807/2189
f 2089/1778/2190 2090/1772/2191 2091/1773/2192
f 2092/1771/2193 2091/1773/2192 2090/1772/2191
f 2092/1771/2193 2093/1776/2194 2091/1773/2192
f 2093/1776/2194 2092/1771/2193 2094/1774/2195
f 2090/1772/2191 2094/1774/2195 2092/1771/2193
f 2094/1774/2195 2090/1772/2191 2095/1775/2196
f 2089/1778/2190 2095/1775/2196 2090/1772/2191
f 2095/1775/2196 2089/1778/2190 2096/1777/2197
f 2091/1773/2192 2096/1777/2197 2089/1778/2190
f 2096/1777/2197 2091/1773/2192 2093/1776/2194
f 2097/1813/2198 2098/1814/2199 2099/1815/2200
f 2100/1816/2201 2099/1815/2200 2098/1814/2199
f 2098/1814/2199 2101/1817/2202 2100/1816/2201
f 2102/1818/2203 2100/1816/2201 2101/1817/2202
f 1725/1583/2204 2103/1819/2205 1727/1585/2206
f 2104/1820/2207 1727/1585/2206 2103/1819/2205
f 2103/1819/2205 2097/1813/2198 2104/1820/2207
f 2099/1815/2200 2104/1820/2207 2097/1813/2198
f 1712/1570/2208 2104/1820/2207 2099/1815/2200
f 2099/1815/2200 2100/1816/2201 1712/1570/2208
f 1712/1570/2208 2100/1816/2201 1704/1562/2209
f 1704/1562/2209 2100/1816/2201 2102/1818/2203
f 2102/1818/2203 1705/1563/2210 1704/1562/2209
f 1705/1563/2210 2102/1818/2203 1708/1566/2211
f 2105/1821/2212 1708/1566/2211 2102/1818/2203
f 2101/1817/2202 2105/1821/2212 2102/1818/2203
f 2101/1817/2202 2106/1822/2213 2105/1821/2212
f 2107/1823/2214 2105/1821/2212 2106/1822/2213
f 1713/1571/2215 2104/1820/2207 1712/1570/2208
f 1713/1571/2215 1727/1585/2206 2104/1820/2207
f 2108/1824/2216 2109/1825/2217 2110/1826/2218
f 2110/1826/2218 2109/1825/2217 2111/1827/2219
f 2111/1827/2219 2112/1828/2220 2110/1826/2218
f 2112/1828/2220 2111/1827/2219 2113/1829/2221
f 2114/1830/2222 2113/1829/2221 2111/1827/2219
f 2111/1827/2219 2109/1825/2217 2115/1831/2223
f 2111/1827/2219 2115/1831/2223 2114/1830/2222
f 2116/1832/2224 2114/1830/2222 2115/1831/2223
f 2113/1829/2221 2114/1830/2222 2117/1833/2225
f 2118/1834/2226 2117/1833/2225 2114/1830/2222
f 2118/1834/2226 2114/1830/2222 2119/1835/2227
f 2116/1832/2224 2119/1835/2227 2114/1830/2222
f 2119/1835/2227 2116/1832/2224 2120/1836/2228
f 2121/1837/2229 2120/1836/2228 2116/1832/2224
f 2116/1832/2224 2115/1831/2223 2121/1837/2229
f 2122/1838/2230 2121/1837/2229 2115/1831/2223
f 2123/1839/2231 2122/1838/2230 2115/1831/2223
f 2115/1831/2223 2109/1825/2217 2123/1839/2231
f 2124/1840/2232 2123/1839/2231 2109/1825/2217
f 2109/1825/2217 2108/1824/2216 2124/1840/2232
f 2125/1841/2233 2124/1840/2232 2108/1824/2216
f 2108/1824/2216 2126/1842/2234 2125/1841/2233
f 2110/1826/2218 2126/1842/2234 2108/1824/2216
f 2127/1843/2235 2126/1842/2234 2110/1826/2218
f 2110/1826/2218 2112/1828/2220 2127/1843/2235
f 2128/1844/2236 2127/1843/2235 2112/1828/2220
f 2123/1839/2231 2129/1845/2237 2122/1838/2230
f 2130/1846/2238 2122/1838/2230 2129/1845/2237
f 2131/1538/2239 2132/1537/2240 2133/1540/2241
f 2134/1543/2242 2135/1847/2243 2136/1541/2244
f 2137/1539/2245 2136/1541/2244 2135/1847/2243
f 2135/1847/2243 2138/1536/2246 2137/1539/2245
f 2138/1536/2246 2135/1847/2243 2139/1535/2247
f 2140/1544/2248 2139/1535/2247 2135/1847/2243
f 2135/1847/2243 2134/1543/2242 2140/1544/2248
f 2141/1542/2249 2140/1544/2248 2134/1543/2242
f 2134/1543/2242 2136/1541/2244 2141/1542/2249
f 2133/1540/2241 2141/1542/2249 2136/1541/2244
f 2136/1541/2244 2137/1539/2245 2133/1540/2241
f 2137/1539/2245 2131/1538/2239 2133/1540/2241
f 2131/1538/2239 2137/1539/2245 2138/1536/2246
f 2131/1538/2239 2138/1536/2246 2132/1537/2240
f 2139/1535/2247 2132/1537/2240 2138/1536/2246
f 2142/1531/2250 2143/1530/2251 2144/1728/2252
f 2145/1534/2253 2146/1529/2254 2147/1533/2255
f 2148/1532/2256 2147/1533/2255 2146/1529/2254
f 2146/1529/2254 2149/1527/2257 2148/1532/2256
f 2149/1527/2257 2146/1529/2254 2150/1528/2258
f 2151/1730/2259 2150/1528/2258 2146/1529/2254
f 2146/1529/2254 2145/1534/2253 2151/1730/2259
f 2152/1729/2260 2151/1730/2259 2145/1534/2253
f 2145/1534/2253 2147/1533/2255 2152/1729/2260
f 2144/1728/2252 2152/1729/2260 2147/1533/2255
f 2147/1533/2255 2148/1532/2256 2144/1728/2252
f 2148/1532/2256 2142/1531/2250 2144/1728/2252
f 2142/1531/2250 2148/1532/2256 2149/1527/2257
f 2142/1531/2250 2149/1527/2257 2143/1530/2251
f 2150/1528/2258 2143/1530/2251 2149/1527/2257
f 2153/1669/2261 2154/1664/2262 2155/1663/2263
f 2156/1661/2264 2155/1663/2263 2154/1664/2262
f 2155/1663/2263 2156/1661/2264 2157/1662/2265
f 2158/1660/2266 2157/1662/2265 2156/1661/2264
f 2158/1660/2266 2156/1661/2264 2159/1665/2267
f 2160/1666/2268 2158/1660/2266 2159/1665/2267
f 2158/1660/2266 2160/1666/2268 2157/1662/2265
f 2161/1667/2269 2157/1662/2265 2160/1666/2268
f 2157/1662/2265 2161/1667/2269 2155/1663/2263
f 2162/1668/2270 2155/1663/2263 2161/1667/2269
f 2155/1663/2263 2162/1668/2270 2153/1669/2261
f 2163/1670/2271 2153/1669/2261 2162/1668/2270
f 2153/1669/2261 2163/1670/2271 2154/1664/2262
f 2159/1665/2267 2154/1664/2262 2163/1670/2271
f 2156/1661/2264 2154/1664/2262 2159/1665/2267
f 2164/1613/2272 2165/1615/2273 2166/1614/2274
f 2167/1616/2275 2166/1614/2274 2165/1615/2273
f 2166/1614/2274 2167/1616/2275 2168/1618/2276
f 2168/1618/2276 2169/1619/2277 2166/1614/2274
f 2164/1613/2272 2166/1614/2274 2169/1619/2277
f 2169/1619/2277 2170/1620/2278 2164/1613/2272
f 2165/1615/2273 2164/1613/2272 2170/1620/2278
f 2170/1620/2278 2171/1617/2279 2165/1615/2273
f 2167/1616/2275 2165/1615/2273 2171/1617/2279
f 2171/1617/2279 2168/1618/2276 2167/1616/2275
f 2172/1848/2280 2173/1849/2281 2174/1850/2282
f 2175/1851/2283 2174/1850/2282 2173/1849/2281
f 2175/1851/2283 2176/1852/2284 2174/1850/2282
f 2176/1852/2284 2175/1851/2283 2177/1853/2285
f 2173/1849/2281 2177/1853/2285 2175/1851/2283
f 2177/1853/2285 2173/1849/2281 2178/1854/2286
f 2172/1848/2280 2178/1854/2286 2173/1849/2281
f 2178/1854/2286 2172/1848/2280 2179/1855/2287
f 2174/1850/2282 2179/1855/2287 2172/1848/2280
f 2179/1855/2287 2174/1850/2282 2176/1852/2284
f 2180/1655/2288 2181/1647/2289 2182/1653/2290
f 2183/1648/2291 2182/1653/2290 2181/1647/2289
f 2182/1653/2290 2183/1648/2291 2184/1651/2292
f 2184/1651/2292 2185/1652/2293 2182/1653/2290
f 2186/1654/2294 2182/1653/2290 2185/1652/2293
f 2182/1653/2290 2186/1654/2294 2180/1655/2288
f 2187/1646/2295 2180/1655/2288 2186/1654/2294
f 2180/1655/2288 2187/1646/2295 2181/1647/2289
f 2188/1645/2296 2181/1647/2289 2187/1646/2295
f 2183/1648/2291 2181/1647/2289 2188/1645/2296
f 2189/1649/2297 2183/1648/2291 2188/1645/2296
f 2189/1649/2297 2184/1651/2292 2183/1648/2291
f 2189/1649/2297 2190/1650/2298 2184/1651/2292
f 2185/1652/2293 2184/1651/2292 2190/1650/2298
f 2190/1650/2298 2189/1649/2297 2188/1645/2296
f 2191/1549/2299 2192/1552/2300 2193/1551/2301
f 2194/1546/2302 2193/1551/2301 2192/1552/2300
f 2192/1552/2300 2195/1553/2303 2194/1546/2302
f 2196/1856/2304 2194/1546/2302 2195/1553/2303
f 2194/1546/2302 2196/1856/2304 2197/1545/2305
f 2198/1857/2306 2197/1545/2305 2196/1856/2304
f 2196/1856/2304 2195/1553/2303 2198/1857/2306
f 2199/1554/2307 2198/1857/2306 2195/1553/2303
f 2195/1553/2303 2192/1552/2300 2199/1554/2307
f 2200/1550/2308 2199/1554/2307 2192/1552/2300
f 2192/1552/2300 2191/1549/2299 2200/1550/2308
f 2201/1548/2309 2200/1550/2308 2191/1549/2299
f 2191/1549/2299 2193/1551/2301 2201/1548/2309
f 2202/1547/2310 2201/1548/2309 2193/1551/2301
f 2193/1551/2301 2194/1546/2302 2202/1547/2310
f 2197/1545/2305 2202/1547/2310 2194/1546/2302
f 2203/1858/2311 2204/1858/2312 2205/1859/2313
f 2205/1859/2313 2206/1860/2314 2203/1858/2311
f 2207/1861/2315 2203/1858/2311 2206/1860/2314
f 2207/1861/2315 2206/1860/2314 2208/1862/2316
f 2209/1863/2317 2208/1862/2316 2206/1860/2314
f 2208/1862/2316 2209/1863/2317 2210/1864/2318
f 2211/1865/2319 2210/1864/2318 2209/1863/2317
f 2209/1863/2317 2212/1866/2320 2211/1865/2319
f 2213/1867/2321 2211/1865/2319 2212/1866/2320
f 2212/1866/2320 2214/1868/2322 2213/1867/2321
f 2214/1868/2322 2212/1866/2320 2215/1869/2323
f 2216/1870/2324 2215/1869/2323 2212/1866/2320
f 2215/1869/2323 2216/1870/2324 2217/1871/2325
f 2218/1872/2326 2217/1871/2325 2216/1870/2324
f 2217/1871/2325 2218/1872/2326 2219/1873/2327
f 2220/1874/2328 2219/1873/2327 2218/1872/2326
f 2221/1875/2329 2219/1873/2327 2220/1874/2328
f 2219/1873/2327 2221/1875/2329 2214/1868/2322
f 2222/1876/2330 2216/1870/2324 2223/1877/2331
f 2216/1870/2324 2222/1876/2330 2218/1872/2326
f 2224/1878/2332 2218/1872/2326 2222/1876/2330
f 2218/1872/2326 2224/1878/2332 2225/1879/2333
f 2226/1880/2334 2225/1879/2333 2224/1878/2332
f 2225/1879/2333 2226/1880/2334 2227/1881/2335
f 2223/1877/2331 2227/1881/2335 2226/1880/2334
f 2227/1881/2335 2223/1877/2331 2216/1870/2324
f 2216/1870/2324 2209/1863/2317 2227/1881/2335
f 2216/1870/2324 2212/1866/2320 2209/1863/2317
f 2206/1860/2314 2227/1881/2335 2209/1863/2317
f 2228/1882/2336 2229/1883/2337 2230/1884/2338
f 2231/1885/2339 2230/1884/2338 2229/1883/2337
f 2230/1884/2338 2231/1885/2339 2232/1886/2340
f 2225/1879/2333 2232/1886/2340 2231/1885/2339
f 2232/1886/2340 2225/1879/2333 2233/1887/2341
f 2227/1881/2335 2233/1887/2341 2225/1879/2333
f 2233/1887/2341 2227/1881/2335 2228/1882/2336
f 2229/1883/2337 2228/1882/2336 2227/1881/2335
f 2229/1883/2337 2227/1881/2335 2206/1860/2314
f 2229/1883/2337 2206/1860/2314 2234/1888/2342
f 2205/1859/2313 2234/1888/2342 2206/1860/2314
f 2205/1859/2313 2235/1859/2343 2234/1888/2342
f 2236/1889/2344 2237/1889/2345 2238/1888/2346
f 2238/1888/2346 2234/1888/2342 2235/1859/2343
f 2234/1888/2342 2238/1888/2346 2237/1889/2345
f 2234/1888/2342 2237/1889/2345 2229/1883/2337
f 2239/1890/2347 2229/1883/2337 2237/1889/2345
f 2229/1883/2337 2239/1890/2347 2231/1885/2339
f 2240/1891/2348 2231/1885/2339 2239/1890/2347
f 2231/1885/2339 2240/1891/2348 2241/1892/2349
f 2241/1892/2349 2242/1892/2350 2231/1885/2339
f 2243/1885/2351 2231/1885/2339 2242/1892/2350
f 2244/1891/2352 2243/1885/2351 2242/1892/2350
f 2244/1891/2352 2245/1890/2353 2243/1885/2351
f 2246/1883/2354 2243/1885/2351 2245/1890/2353
f 2245/1890/2353 2236/1889/2344 2246/1883/2354
f 2238/1888/2346 2246/1883/2354 2236/1889/2344
f 2246/1883/2354 2238/1888/2346 2247/1860/2355
f 2235/1859/2343 2247/1860/2355 2238/1888/2346
f 2235/1859/2343 2204/1858/2312 2247/1860/2355
f 2235/1859/2343 2205/1859/2313 2204/1858/2312
f 2248/1877/2356 2249/1880/2357 2250/1881/2358
f 2250/1881/2358 2251/1870/2359 2248/1877/2356
f 2252/1876/2360 2248/1877/2356 2251/1870/2359
f 2251/1870/2359 2253/1872/2361 2252/1876/2360
f 2254/1878/2362 2252/1876/2360 2253/1872/2361
f 2253/1872/2361 2255/1879/2363 2254/1878/2362
f 2249/1880/2357 2254/1878/2362 2255/1879/2363
f 2255/1879/2363 2250/1881/2358 2249/1880/2357
f 2250/1881/2358 2255/1879/2363 2256/1887/2364
f 2256/1887/2364 2257/1882/2365 2250/1881/2358
f 2246/1883/2354 2250/1881/2358 2257/1882/2365
f 2257/1882/2365 2258/1884/2366 2246/1883/2354
f 2243/1885/2351 2246/1883/2354 2258/1884/2366
f 2258/1884/2366 2259/1886/2367 2243/1885/2351
f 2255/1879/2363 2243/1885/2351 2259/1886/2367
f 2259/1886/2367 2256/1887/2364 2255/1879/2363
f 2260/1893/2368 2261/1894/2369 2262/1895/2370
f 2263/1896/2371 2262/1895/2370 2261/1894/2369
f 2261/1894/2369 2264/1897/2372 2263/1896/2371
f 2265/1898/2373 2263/1896/2371 2264/1897/2372
f 2264/1897/2372 2266/1899/2374 2265/1898/2373
f 2267/1900/2375 2265/1898/2373 2266/1899/2374
f 2265/1898/2373 2267/1900/2375 2268/1901/2376
f 2269/1902/2377 2268/1901/2376 2267/1900/2375
f 2268/1901/2376 2269/1902/2377 2270/1903/2378
f 2270/1903/2378 2271/1865/2379 2268/1901/2376
f 2272/1867/2380 2271/1865/2379 2270/1903/2378
f 2272/1867/2380 2273/1866/2381 2271/1865/2379
f 2274/1863/2382 2271/1865/2379 2273/1866/2381
f 2273/1866/2381 2251/1870/2359 2274/1863/2382
f 2251/1870/2359 2250/1881/2358 2274/1863/2382
f 2247/1860/2355 2274/1863/2382 2250/1881/2358
f 2250/1881/2358 2246/1883/2354 2247/1860/2355
f 2275/1904/2383 2270/1903/2378 2269/1902/2377
f 2253/1872/2361 2251/1870/2359 2276/1871/2384
f 2277/1869/2385 2276/1871/2384 2251/1870/2359
f 2251/1870/2359 2273/1866/2381 2277/1869/2385
f 2278/1868/2386 2277/1869/2385 2273/1866/2381
f 2278/1868/2386 2273/1866/2381 2272/1867/2380
f 2272/1867/2380 2279/1875/2387 2278/1868/2386
f 2272/1867/2380 2270/1903/2378 2279/1875/2387
f 2280/1905/2388 2279/1875/2387 2270/1903/2378
f 2270/1903/2378 2275/1904/2383 2280/1905/2388
f 2281/1906/2389 2280/1905/2388 2275/1904/2383
f 2276/1871/2384 2282/1873/2390 2253/1872/2361
f 2283/1874/2391 2253/1872/2361 2282/1873/2390
f 2282/1873/2390 2279/1875/2387 2283/1874/2391
f 2282/1873/2390 2278/1868/2386 2279/1875/2387
f 2284/1907/2392 2285/1908/2393 2286/1909/2394
f 2287/1910/2395 2288/1911/2396 2289/1912/2397
f 2290/1911/2398 2291/1913/2399 2292/1914/2400
f 2290/1911/2398 2292/1914/2400 2293/1910/2401
f 2293/1910/2401 2294/1912/2402 2290/1911/2398
f 2291/1913/2399 2290/1911/2398 2294/1912/2402
f 2294/1912/2402 2284/1907/2392 2291/1913/2399
f 2286/1909/2394 2291/1913/2399 2284/1907/2392
f 2286/1909/2394 2292/1914/2400 2291/1913/2399
f 2292/1914/2400 2286/1909/2394 2285/1908/2393
f 2285/1908/2393 2293/1910/2401 2292/1914/2400
f 2285/1908/2393 2295/1908/2403 2293/1910/2401
f 2287/1910/2395 2293/1910/2401 2295/1908/2403
f 2295/1908/2403 2296/1914/2404 2287/1910/2395
f 2288/1911/2396 2287/1910/2395 2296/1914/2404
f 2288/1911/2396 2296/1914/2404 2297/1913/2405
f 2297/1913/2405 2289/1912/2397 2288/1911/2396
f 2289/1912/2397 2297/1913/2405 2298/1907/2406
f 2299/1909/2407 2298/1907/2406 2297/1913/2405
f 2298/1907/2406 2299/1909/2407 2295/1908/2403
f 2296/1914/2404 2295/1908/2403 2299/1909/2407
f 2299/1909/2407 2297/1913/2405 2296/1914/2404
f 2300/1609/2408 2301/1608/2409 2302/1915/2410
f 2303/1916/2411 2302/1915/2410 2301/1608/2409
f 2301/1608/2409 2304/1607/2412 2303/1916/2411
f 2305/1603/2413 2304/1607/2412 2301/1608/2409
f 2301/1608/2409 2300/1609/2408 2305/1603/2413
f 2306/1610/2414 2305/1603/2413 2300/1609/2408
f 2300/1609/2408 2302/1915/2410 2306/1610/2414
f 2307/1917/2415 2306/1610/2414 2302/1915/2410
f 2302/1915/2410 2303/1916/2411 2307/1917/2415
f 2308/1918/2416 2307/1917/2415 2303/1916/2411
f 2303/1916/2411 2309/1919/2417 2308/1918/2416
f 2309/1919/2417 2303/1916/2411 2304/1607/2412
f 2304/1607/2412 2310/1612/2418 2309/1919/2417
f 2310/1612/2418 2304/1607/2412 2311/1605/2419
f 2305/1603/2413 2311/1605/2419 2304/1607/2412
f 2311/1605/2419 2305/1603/2413 2312/1604/2420
f 2313/1602/2421 2312/1604/2420 2305/1603/2413
f 2305/1603/2413 2306/1610/2414 2313/1602/2421
f 2314/1611/2422 2313/1602/2421 2306/1610/2414
f 2306/1610/2414 2307/1917/2415 2314/1611/2422
f 2315/1920/2423 2314/1611/2422 2307/1917/2415
f 2307/1917/2415 2308/1918/2416 2315/1920/2423
f 2316/1921/2424 2315/1920/2423 2308/1918/2416
f 2308/1918/2416 2317/1922/2425 2316/1921/2424
f 2308/1918/2416 2318/1923/2426 2317/1922/2425
f 2318/1923/2426 2308/1918/2416 2309/1919/2417
f 2309/1919/2417 2319/1924/2427 2318/1923/2426
f 2319/1924/2427 2309/1919/2417 2310/1612/2418
f 2319/1924/2427 2310/1612/2418 2320/1925/2428
f 2311/1605/2419 2320/1925/2428 2310/1612/2418
f 2320/1925/2428 2311/1605/2419 2321/1606/2429
f 2312/1604/2420 2321/1606/2429 2311/1605/2419
f 2321/1606/2429 2322/1926/2430 2320/1925/2428
f 2318/1923/2426 2320/1925/2428 2322/1926/2430
f 2320/1925/2428 2318/1923/2426 2319/1924/2427
f 2322/1926/2430 2317/1922/2425 2318/1923/2426
f 1685/1543/2431 1683/1541/2432 2323/1847/2433
f 2323/1847/2433 1686/1544/2434 1685/1543/2431
f 1686/1544/2434 2323/1847/2433 1677/1535/2435
f 1678/1536/2436 1677/1535/2435 2323/1847/2433
f 2323/1847/2433 1681/1539/2437 1678/1536/2436
f 1681/1539/2437 2323/1847/2433 1683/1541/2432
f 2324/1927/2438 2325/1928/2439 2326/1929/2440
f 2327/1930/2441 2326/1929/2440 2325/1928/2439
f 2327/1930/2441 2325/1928/2439 2328/1931/2442
f 2328/1931/2442 2329/1932/2443 2327/1930/2441
f 2330/1933/2444 2327/1930/2441 2329/1932/2443
f 2331/1934/2445 2332/1935/2446 2333/1936/2447
f 2334/1937/2448 2333/1936/2447 2332/1935/2446
f 2334/1937/2448 2335/1938/2449 2333/1936/2447
f 2336/1939/2450 2333/1936/2447 2335/1938/2449
f 2329/1932/2443 2337/1940/2451 2330/1933/2444
f 2338/1895/2452 2330/1933/2444 2337/1940/2451
f 2338/1895/2452 2337/1940/2451 2339/1896/2453
f 2340/1941/2454 2339/1896/2453 2337/1940/2451
f 2337/1940/2451 2329/1932/2443 2340/1941/2454
f 2340/1941/2454 2329/1932/2443 2341/1942/2455
f 2341/1942/2455 2329/1932/2443 2328/1931/2442
f 2341/1942/2455 2328/1931/2442 2342/1943/2456
f 2342/1943/2456 2328/1931/2442 2325/1928/2439
f 2342/1943/2456 2325/1928/2439 2343/1944/2457
f 2344/1945/2458 2343/1944/2457 2325/1928/2439
f 2344/1945/2458 2334/1937/2448 2343/1944/2457
f 2332/1935/2446 2343/1944/2457 2334/1937/2448
f 2345/1946/2459 2343/1944/2457 2332/1935/2446
f 2345/1946/2459 2332/1935/2446 2331/1934/2445
f 2345/1946/2459 2331/1934/2445 2346/1947/2460
f 2346/1947/2460 2331/1934/2445 2347/1948/2461
f 2333/1936/2447 2347/1948/2461 2331/1934/2445
f 2348/1906/2462 2349/1904/2463 2350/1905/2464
f 2351/1903/2465 2350/1905/2464 2349/1904/2463
f 2349/1904/2463 2352/1902/2466 2351/1903/2465
f 2353/1901/2467 2351/1903/2465 2352/1902/2466
f 2352/1902/2466 2354/1900/2468 2353/1901/2467
f 2355/1898/2469 2353/1901/2467 2354/1900/2468
f 2354/1900/2468 2356/1899/2470 2355/1898/2469
f 2357/1897/2471 2355/1898/2469 2356/1899/2470
f 2355/1898/2469 2357/1897/2471 2339/1896/2453
f 2358/1894/2472 2339/1896/2453 2357/1897/2471
f 2339/1896/2453 2358/1894/2472 2338/1895/2452
f 2359/1893/2473 2338/1895/2452 2358/1894/2472
f 2339/1896/2453 2340/1941/2454 2355/1898/2469
f 2355/1898/2469 2340/1941/2454 2353/1901/2467
f 2345/1946/2459 2341/1942/2455 2343/1944/2457
f 2341/1942/2455 2342/1943/2456 2343/1944/2457
f 2360/1949/2474 2361/1950/2475 2362/1951/2476
f 2361/1950/2475 2360/1949/2474 2211/1865/2319
f 2210/1864/2318 2211/1865/2319 2360/1949/2474
f 2350/1905/2464 2351/1903/2465 2221/1875/2329
f 2347/1948/2461 2363/1952/2477 2346/1947/2460
f 2213/1867/2321 2214/1868/2322 2221/1875/2329
f 2213/1867/2321 2221/1875/2329 2351/1903/2465
f 2211/1865/2319 2213/1867/2321 2351/1903/2465
f 2351/1903/2465 2353/1901/2467 2211/1865/2319
f 2361/1950/2475 2211/1865/2319 2353/1901/2467
f 2361/1950/2475 2353/1901/2467 2340/1941/2454
f 2340/1941/2454 2362/1951/2476 2361/1950/2475
f 2362/1951/2476 2340/1941/2454 2364/1953/2478
f 2341/1942/2455 2364/1953/2478 2340/1941/2454
f 2364/1953/2478 2341/1942/2455 2128/1844/2236
f 2345/1946/2459 2128/1844/2236 2341/1942/2455
f 2345/1946/2459 2127/1843/2235 2128/1844/2236
f 2345/1946/2459 2346/1947/2460 2127/1843/2235
f 2127/1843/2235 2346/1947/2460 2365/1954/2479
f 2365/1954/2479 2346/1947/2460 2363/1952/2477
f 2363/1952/2477 2366/1955/2480 2365/1954/2479
f 2363/1952/2477 2367/1956/2481 2366/1955/2480
f 2368/1957/2482 2366/1955/2480 2367/1956/2481
f 2369/1958/2483 2125/1841/2233 2126/1842/2234
f 2126/1842/2234 2370/1959/2484 2369/1958/2483
f 2127/1843/2235 2370/1959/2484 2126/1842/2234
f 2365/1954/2479 2370/1959/2484 2127/1843/2235
f 2370/1959/2484 2365/1954/2479 2366/1955/2480
f 2366/1955/2480 2369/1958/2483 2370/1959/2484
f 2371/1752/2485 2372/1750/2486 2373/1753/2487
f 2373/1753/2487 2372/1750/2486 2374/1748/2488
f 2373/1753/2487 2374/1748/2488 2375/1746/2489
f 2373/1753/2487 2375/1746/2489 2376/1744/2490
f 2373/1753/2487 2376/1744/2490 2371/1752/2485
f 2371/1752/2485 2376/1744/2490 2377/1751/2491
f 2371/1752/2485 2377/1751/2491 2372/1750/2486
f 2378/1749/2492 2372/1750/2486 2377/1751/2491
f 2372/1750/2486 2378/1749/2492 2374/1748/2488
f 2379/1747/2493 2374/1748/2488 2378/1749/2492
f 2374/1748/2488 2379/1747/2493 2375/1746/2489
f 2380/1745/2494 2375/1746/2489 2379/1747/2493
f 2375/1746/2489 2380/1745/2494 2376/1744/2490
f 2381/1743/2495 2376/1744/2490 2380/1745/2494
f 2376/1744/2490 2381/1743/2495 2382/1732/2496
f 2383/1742/2497 2382/1732/2496 2381/1743/2495
f 2382/1732/2496 2383/1742/2497 2384/1731/2498
f 2385/1741/2499 2384/1731/2498 2383/1742/2497
f 2383/1742/2497 2386/1740/2500 2385/1741/2499
f 2387/1739/2501 2385/1741/2499 2386/1740/2500
f 2386/1740/2500 2388/1738/2502 2387/1739/2501
f 2389/1737/2503 2387/1739/2501 2388/1738/2502
f 2388/1738/2502 2390/1736/2504 2389/1737/2503
f 2391/1735/2505 2389/1737/2503 2390/1736/2504
f 2390/1736/2504 2392/1734/2506 2391/1735/2505
f 2393/1733/2507 2391/1735/2505 2392/1734/2506
f 2383/1742/2497 2381/1743/2495 2386/1740/2500
f 2380/1745/2494 2386/1740/2500 2381/1743/2495
f 2386/1740/2500 2380/1745/2494 2388/1738/2502
f 2379/1747/2493 2388/1738/2502 2380/1745/2494
f 2388/1738/2502 2379/1747/2493 2390/1736/2504
f 2378/1749/2492 2390/1736/2504 2379/1747/2493
f 2390/1736/2504 2378/1749/2492 2392/1734/2506
f 2377/1751/2491 2392/1734/2506 2378/1749/2492
f 2392/1734/2506 2377/1751/2491 2382/1732/2496
f 2376/1744/2490 2382/1732/2496 2377/1751/2491
f 2384/1731/2498 2393/1733/2507 2382/1732/2496
f 2392/1734/2506 2382/1732/2496 2393/1733/2507
f 2394/1960/2508 2395/1961/2509 2396/1962/2510
f 2395/1961/2509 2394/1960/2508 2397/1963/2511
f 2398/1964/2512 2397/1963/2511 2394/1960/2508
f 2394/1960/2508 2399/1965/2513 2398/1964/2512
f 2399/1965/2513 2394/1960/2508 2400/1966/2514
f 2396/1962/2510 2400/1966/2514 2394/1960/2508
f 2400/1966/2514 2396/1962/2510 2401/1967/2515
f 2402/1968/2516 2401/1967/2515 2396/1962/2510
f 2402/1968/2516 2396/1962/2510 2395/1961/2509
f 2402/1968/2516 2395/1961/2509 2403/1969/2517
f 2395/1961/2509 2397/1963/2511 2403/1969/2517
f 2403/1969/2517 2397/1963/2511 2404/1970/2518
f 2398/1964/2512 2404/1970/2518 2397/1963/2511
f 2404/1970/2518 2398/1964/2512 2399/1965/2513
f 2401/1967/2515 2402/1968/2516 2403/1969/2517
f 2405/1848/2519 2406/1850/2520 2407/1849/2521
f 2408/1851/2522 2407/1849/2521 2406/1850/2520
f 2408/1851/2522 2406/1850/2520 2409/1852/2523
f 2409/1852/2523 2410/1853/2524 2408/1851/2522
f 2407/1849/2521 2408/1851/2522 2410/1853/2524
f 2410/1853/2524 2411/1854/2525 2407/1849/2521
f 2405/1848/2519 2407/1849/2521 2411/1854/2525
f 2411/1854/2525 2412/1855/2526 2405/1848/2519
f 2406/1850/2520 2405/1848/2519 2412/1855/2526
f 2412/1855/2526 2409/1852/2523 2406/1850/2520
f 2413/1971/2527 2414/1972/2528 2415/1973/2529
f 2416/1974/2530 2415/1973/2529 2414/1972/2528
f 2415/1973/2529 2416/1974/2530 2417/1975/2531
f 2418/1976/2532 2417/1975/2531 2416/1974/2530
f 2418/1976/2532 2416/1974/2530 2419/1977/2533
f 2416/1974/2530 2414/1972/2528 2419/1977/2533
f 2419/1977/2533 2414/1972/2528 2420/1978/2534
f 2413/1971/2527 2420/1978/2534 2414/1972/2528
f 2420/1978/2534 2413/1971/2527 2421/1979/2535
f 2415/1973/2529 2421/1979/2535 2413/1971/2527
f 2421/1979/2535 2415/1973/2529 2422/1980/2536
f 2417/1975/2531 2422/1980/2536 2415/1973/2529
f 2422/1980/2536 2417/1975/2531 2423/1981/2537
f 2418/1976/2532 2423/1981/2537 2417/1975/2531
f 2423/1981/2537 2418/1976/2532 2419/1977/2533
f 2424/1782/2538 2425/1780/2539 2426/1781/2540
f 2427/1779/2541 2426/1781/2540 2425/1780/2539
f 2427/1779/2541 2425/1780/2539 2428/1784/2542
f 2428/1784/2542 2429/1785/2543 2427/1779/2541
f 2426/1781/2540 2427/1779/2541 2429/1785/2543
f 2429/1785/2543 2430/1786/2544 2426/1781/2540
f 2424/1782/2538 2426/1781/2540 2430/1786/2544
f 2430/1786/2544 2431/1783/2545 2424/1782/2538
f 2425/1780/2539 2424/1782/2538 2431/1783/2545
f 2431/1783/2545 2428/1784/2542 2425/1780/2539
f 2432/1522/2546 2433/1518/2547 2434/1523/2548
f 2433/1518/2547 2432/1522/2546 1662/1520/2549
f 1663/1521/2550 1662/1520/2549 2432/1522/2546
f 2435/1593/2551 2436/1600/2552 2437/1596/2553
f 2438/1599/2554 2437/1596/2553 2436/1600/2552
f 2436/1600/2552 2439/1982/2555 2438/1599/2554
f 2440/1983/2556 2438/1599/2554 2439/1982/2555
f 2440/1983/2556 2441/1984/2557 2438/1599/2554
f 2441/1984/2557 2440/1983/2556 2442/1985/2558
f 2441/1984/2557 2442/1985/2558 2443/1983/2559
f 2444/1986/2560 2443/1983/2559 2442/1985/2558
f 2442/1985/2558 2445/1987/2561 2444/1986/2560
f 1668/1526/2562 2444/1986/2560 2445/1987/2561
f 2445/1987/2561 2446/1988/2563 1668/1526/2562
f 1661/1519/2564 1668/1526/2562 2446/1988/2563
f 2446/1988/2563 1662/1520/2549 1661/1519/2564
f 2446/1988/2563 2447/1519/2565 1662/1520/2549
f 2433/1518/2547 1662/1520/2549 2447/1519/2565
f 2433/1518/2547 2447/1519/2565 2448/1524/2566
f 2448/1524/2566 2434/1523/2548 2433/1518/2547
f 2448/1524/2566 2449/1525/2567 2434/1523/2548
f 2450/1986/2568 2442/1985/2558 2440/1983/2556
f 2442/1985/2558 2450/1986/2568 2445/1987/2561
f 2451/1526/2569 2445/1987/2561 2450/1986/2568
f 2445/1987/2561 2451/1526/2569 2446/1988/2563
f 2447/1519/2565 2446/1988/2563 2451/1526/2569
f 2439/1982/2555 2452/1989/2570 2440/1983/2556
f 2450/1986/2568 2440/1983/2556 2452/1989/2570
f 2452/1989/2570 2453/1990/2571 2450/1986/2568
f 2451/1526/2569 2450/1986/2568 2453/1990/2571
f 2453/1990/2571 2449/1525/2567 2451/1526/2569
f 2447/1519/2565 2451/1526/2569 2449/1525/2567
f 2449/1525/2567 2448/1524/2566 2447/1519/2565
f 2437/1596/2553 2438/1599/2554 1740/1598/2572
f 1740/1598/2572 1739/1597/2573 2437/1596/2553
f 2454/1595/2574 2437/1596/2553 1739/1597/2573
f 2437/1596/2553 2454/1595/2574 2435/1593/2551
f 2455/1594/2575 2435/1593/2551 2454/1595/2574
f 2455/1594/2575 2456/1591/2576 2435/1593/2551
f 2457/1592/2577 2435/1593/2551 2456/1591/2576
f 2435/1593/2551 2457/1592/2577 2436/1600/2552
f 2458/1601/2578 2436/1600/2552 2457/1592/2577
f 2436/1600/2552 2458/1601/2578 2439/1982/2555
f 2459/1991/2579 2439/1982/2555 2458/1601/2578
f 2439/1982/2555 2459/1991/2579 2452/1989/2570
f 2460/1992/2580 2452/1989/2570 2459/1991/2579
f 2452/1989/2570 2460/1992/2580 2453/1990/2571
f 2461/1993/2581 2453/1990/2571 2460/1992/2580
f 2453/1990/2571 2461/1993/2581 2449/1525/2567
f 2462/1994/2582 2449/1525/2567 2461/1993/2581
f 2462/1994/2582 2434/1523/2548 2449/1525/2567
f 2463/1590/2583 2464/1587/2584 2456/1591/2576
f 2457/1592/2577 2456/1591/2576 2464/1587/2584
f 2464/1587/2584 2465/1995/2585 2457/1592/2577
f 2458/1601/2578 2457/1592/2577 2465/1995/2585
f 2465/1995/2585 2466/1996/2586 2458/1601/2578
f 2459/1991/2579 2458/1601/2578 2466/1996/2586
f 2466/1996/2586 2467/1997/2587 2459/1991/2579
f 2460/1992/2580 2459/1991/2579 2467/1997/2587
f 2467/1997/2587 2468/1998/2588 2460/1992/2580
f 2469/1999/2589 2460/1992/2580 2468/1998/2588
f 2468/1998/2588 2470/2000/2590 2469/1999/2589
f 2471/2001/2591 2469/1999/2589 2470/2000/2590
f 2470/2000/2590 2472/1560/2592 2471/2001/2591
f 2473/1559/2593 2471/2001/2591 2472/1560/2592
f 2472/1560/2592 2474/1558/2594 2473/1559/2593
f 2475/1557/2595 2473/1559/2593 2474/1558/2594
f 2474/1558/2594 1698/1556/2596 2475/1557/2595
f 1697/1555/2597 2475/1557/2595 1698/1556/2596
f 2472/1560/2592 2470/2000/2590 2474/1558/2594
f 2476/2002/2598 2474/1558/2594 2470/2000/2590
f 2470/2000/2590 2468/1998/2588 2476/2002/2598
f 2477/2003/2599 2476/2002/2598 2468/1998/2588
f 2468/1998/2588 2467/1997/2587 2477/2003/2599
f 2478/2004/2600 2477/2003/2599 2467/1997/2587
f 2467/1997/2587 2466/1996/2586 2478/2004/2600
f 2479/2005/2601 2478/2004/2600 2466/1996/2586
f 2466/1996/2586 2465/1995/2585 2479/2005/2601
f 2480/1588/2602 2479/2005/2601 2465/1995/2585
f 2465/1995/2585 2464/1587/2584 2480/1588/2602
f 2481/1586/2603 2480/1588/2602 2464/1587/2584
f 2480/1588/2602 2481/1586/2603 2482/2006/2604
f 2483/2007/2605 2482/2006/2604 2481/1586/2603
f 2482/2006/2604 2484/2008/2606 2480/1588/2602
f 2479/2005/2601 2480/1588/2602 2484/2008/2606
f 2484/2008/2606 2485/2009/2607 2479/2005/2601
f 2478/2004/2600 2479/2005/2601 2485/2009/2607
f 2485/2009/2607 2486/2010/2608 2478/2004/2600
f 2477/2003/2599 2478/2004/2600 2486/2010/2608
f 2477/2003/2599 2486/2010/2608 2476/2002/2598
f 2487/2011/2609 2476/2002/2598 2486/2010/2608
f 2476/2002/2598 2487/2011/2609 2474/1558/2594
f 1698/1556/2596 2474/1558/2594 2487/2011/2609
f 1698/1556/2596 2487/2011/2609 1700/1558/2610
f 2488/2002/2611 1700/1558/2610 2487/2011/2609
f 2488/2002/2611 2489/2000/2612 1700/1558/2610
f 1702/1560/2613 1700/1558/2610 2489/2000/2612
f 2487/2011/2609 2486/2010/2608 2488/2002/2611
f 1701/1559/2614 1702/1560/2613 2490/2001/2615
f 2489/2000/2612 2490/2001/2615 1702/1560/2613
f 2490/2001/2615 2489/2000/2612 2491/1999/2616
f 2492/1998/2617 2491/1999/2616 2489/2000/2612
f 2489/2000/2612 2488/2002/2611 2492/1998/2617
f 2493/2003/2618 2492/1998/2617 2488/2002/2611
f 2493/2003/2618 2488/2002/2611 2486/2010/2608
f 2493/2003/2618 2486/2010/2608 2494/2004/2619
f 2485/2009/2607 2494/2004/2619 2486/2010/2608
f 2494/2004/2619 2485/2009/2607 2495/2005/2620
f 2484/2008/2606 2495/2005/2620 2485/2009/2607
f 2495/2005/2620 2484/2008/2606 1730/1588/2621
f 2482/2006/2604 1730/1588/2621 2484/2008/2606
f 1730/1588/2621 2482/2006/2604 1728/1586/2622
f 2483/2007/2605 1728/1586/2622 2482/2006/2604
f 1728/1586/2622 2483/2007/2605 1731/1589/2623
f 2496/2012/2624 1731/1589/2623 2483/2007/2605
f 2496/2012/2624 2483/2007/2605 2497/1589/2625
f 2481/1586/2603 2497/1589/2625 2483/2007/2605
f 2497/1589/2625 2481/1586/2603 2463/1590/2583
f 2464/1587/2584 2463/1590/2583 2481/1586/2603
f 1668/1526/2562 2498/1990/2626 2444/1986/2560
f 2498/1990/2626 1668/1526/2562 1667/1525/2627
f 2498/1990/2626 1667/1525/2627 2499/1993/2628
f 2500/1994/2629 2499/1993/2628 1667/1525/2627
f 2500/1994/2629 1667/1525/2627 1665/1523/2630
f 2499/1993/2628 2501/1992/2631 2498/1990/2626
f 2502/1989/2632 2498/1990/2626 2501/1992/2631
f 2502/1989/2632 2444/1986/2560 2498/1990/2626
f 2444/1986/2560 2502/1989/2632 2443/1983/2559
f 2491/1999/2616 2492/1998/2617 2501/1992/2631
f 1729/1587/2633 1734/1592/2634 2503/1995/2635
f 2503/1995/2635 1730/1588/2621 1729/1587/2633
f 1730/1588/2621 2503/1995/2635 2495/2005/2620
f 2504/1996/2636 2495/2005/2620 2503/1995/2635
f 2495/2005/2620 2504/1996/2636 2494/2004/2619
f 2505/1997/2637 2494/2004/2619 2504/1996/2636
f 2494/2004/2619 2505/1997/2637 2493/2003/2618
f 2492/1998/2617 2493/2003/2618 2505/1997/2637
f 2505/1997/2637 2501/1992/2631 2492/1998/2617
f 2501/1992/2631 2505/1997/2637 2506/1991/2638
f 2501/1992/2631 2506/1991/2638 2502/1989/2632
f 2507/1982/2639 2502/1989/2632 2506/1991/2638
f 2507/1982/2639 2443/1983/2559 2502/1989/2632
f 2443/1983/2559 2507/1982/2639 1741/1599/2640
f 2443/1983/2559 1741/1599/2640 2441/1984/2557
f 2508/2013/2641 2441/1984/2557 1741/1599/2640
f 2508/2013/2641 2438/1599/2554 2441/1984/2557
f 2508/2013/2641 1740/1598/2572 2438/1599/2554
f 2504/1996/2636 2506/1991/2638 2505/1997/2637
f 2506/1991/2638 2504/1996/2636 1743/1601/2642
f 2503/1995/2635 1743/1601/2642 2504/1996/2636
f 1743/1601/2642 2503/1995/2635 1734/1592/2634
f 2506/1991/2638 1743/1601/2642 2507/1982/2639
f 1742/1600/2643 2507/1982/2639 1743/1601/2642
f 1742/1600/2643 1741/1599/2640 2507/1982/2639
f 2508/2013/2641 1741/1599/2640 1740/1598/2572
f 1696/1554/2644 1695/1553/2645 2509/1857/2646
f 2510/1856/2647 2509/1857/2646 1695/1553/2645
f 2510/1856/2647 1695/1553/2645 1688/1546/2648
f 1688/1546/2648 1687/1545/2649 2510/1856/2647
f 2509/1857/2646 2510/1856/2647 1687/1545/2649
f 2511/1924/2650 1754/1612/2651 2512/1919/2652
f 1749/1607/2653 2512/1919/2652 1754/1612/2651
f 2512/1919/2652 1749/1607/2653 2513/1916/2654
f 1750/1608/2655 2513/1916/2654 1749/1607/2653
f 2513/1916/2654 1750/1608/2655 2514/1915/2656
f 1751/1609/2657 2514/1915/2656 1750/1608/2655
f 1751/1609/2657 1752/1610/2658 2514/1915/2656
f 2515/1917/2659 2514/1915/2656 1752/1610/2658
f 1752/1610/2658 1753/1611/2660 2515/1917/2659
f 2516/1920/2661 2515/1917/2659 1753/1611/2660
f 2515/1917/2659 2516/1920/2661 2517/1918/2662
f 2518/1921/2663 2517/1918/2662 2516/1920/2661
f 2519/1922/2664 2517/1918/2662 2518/1921/2663
f 2517/1918/2662 2519/1922/2664 2520/1923/2665
f 2521/1926/2666 2520/1923/2665 2519/1922/2664
f 2520/1923/2665 2521/1926/2666 2522/1925/2667
f 1748/1606/2668 2522/1925/2667 2521/1926/2666
f 2522/1925/2667 1748/1606/2668 1747/1605/2669
f 2514/1915/2656 2515/1917/2659 2513/1916/2654
f 2517/1918/2662 2513/1916/2654 2515/1917/2659
f 2513/1916/2654 2517/1918/2662 2512/1919/2652
f 2520/1923/2665 2512/1919/2652 2517/1918/2662
f 2512/1919/2652 2520/1923/2665 2511/1924/2650
f 2522/1925/2667 2511/1924/2650 2520/1923/2665
f 2511/1924/2650 2522/1925/2667 1754/1612/2651
f 1747/1605/2669 1754/1612/2651 2522/1925/2667
f 1650/1513/2670 2523/1659/2671 1648/1511/2672
f 1654/1517/2673 1648/1511/2672 2523/1659/2671
f 2523/1659/2671 2524/1657/2674 1654/1517/2673
f 2525/1656/2675 1654/1517/2673 2524/1657/2674
f 2524/1657/2674 2526/1658/2676 2525/1656/2675
f 1653/1516/2677 2525/1656/2675 2526/1658/2676
f 2526/1658/2676 1652/1515/2678 1653/1516/2677
f 2525/1656/2675 1653/1516/2677 1654/1517/2673
f 2527/2014/2679 2528/2015/2680 2529/2016/2681
f 2530/2017/2682 2529/2016/2681 2531/2018/2683
f 2529/2016/2681 2530/2017/2682 2527/2014/2679
f 2532/2019/2684 2527/2014/2679 2530/2017/2682
f 2527/2014/2679 2532/2019/2684 2528/2015/2680
f 2533/2020/2685 2528/2015/2680 2532/2019/2684
f 2528/2015/2680 2533/2020/2685 2534/2021/2686
f 2534/2021/2686 2529/2016/2681 2528/2015/2680
f 2529/2016/2681 2534/2021/2686 2535/2022/2687
f 2535/2022/2687 2531/2018/2683 2529/2016/2681
f 2531/2018/2683 2535/2022/2687 2536/2023/2688
f 2536/2023/2688 2537/2024/2689 2531/2018/2683
f 2537/2024/2689 2536/2023/2688 2538/2025/2690
f 2539/2026/2691 2538/2025/2690 2536/2023/2688
f 2538/2025/2690 2539/2026/2691 2540/2027/2692
f 2541/2028/2693 2540/2027/2692 2539/2026/2691
f 2540/2027/2692 2541/2028/2693 2542/2029/2694
f 2543/2030/2695 2542/2029/2694 2541/2028/2693
f 2542/2029/2694 2543/2030/2695 2544/2031/2696
f 2533/2020/2685 2544/2031/2696 2543/2030/2695
f 2544/2031/2696 2533/2020/2685 2545/2032/2697
f 2532/2019/2684 2545/2032/2697 2533/2020/2685
f 2545/2032/2697 2532/2019/2684 2546/2033/2698
f 2530/2017/2682 2546/2033/2698 2532/2019/2684
f 2546/2033/2698 2530/2017/2682 2547/2034/2699
f 2531/2018/2683 2547/2034/2699 2530/2017/2682
f 2547/2034/2699 2531/2018/2683 2548/2035/2700
f 2548/2035/2700 2531/2018/2683 2537/2024/2689
f 2543/2030/2695 2534/2021/2686 2533/2020/2685
f 2534/2021/2686 2543/2030/2695 2549/2036/2701
f 2549/2036/2701 2535/2022/2687 2534/2021/2686
f 2535/2022/2687 2549/2036/2701 2550/2037/2702
f 2550/2037/2702 2536/2023/2688 2535/2022/2687
f 2536/2023/2688 2550/2037/2702 2539/2026/2691
f 2551/2038/2703 2539/2026/2691 2550/2037/2702
f 2539/2026/2691 2551/2038/2703 2541/2028/2693
f 2551/2038/2703 2550/2037/2702 2549/2036/2701
f 2549/2036/2701 2541/2028/2693 2551/2038/2703
f 2541/2028/2693 2549/2036/2701 2543/2030/2695
f 2552/2024/2704 2553/2025/2705 2554/2023/2706
f 2554/2023/2706 2555/2018/2707 2552/2024/2704
f 2556/2035/2708 2552/2024/2704 2555/2018/2707
f 2555/2018/2707 2557/2034/2709 2556/2035/2708
f 2555/2018/2707 2558/2017/2710 2557/2034/2709
f 2559/2033/2711 2557/2034/2709 2558/2017/2710
f 2558/2017/2710 2560/2019/2712 2559/2033/2711
f 2561/2032/2713 2559/2033/2711 2560/2019/2712
f 2560/2019/2712 2562/2020/2714 2561/2032/2713
f 2563/2031/2715 2561/2032/2713 2562/2020/2714
f 2562/2020/2714 2564/2030/2716 2563/2031/2715
f 2565/2029/2717 2563/2031/2715 2564/2030/2716
f 2564/2030/2716 2566/2028/2718 2565/2029/2717
f 2567/2027/2719 2565/2029/2717 2566/2028/2718
f 2566/2028/2718 2568/2026/2720 2567/2027/2719
f 2553/2025/2705 2567/2027/2719 2568/2026/2720
f 2568/2026/2720 2554/2023/2706 2553/2025/2705
f 2554/2023/2706 2568/2026/2720 2569/2037/2721
f 2569/2037/2721 2570/2022/2722 2554/2023/2706
f 2570/2022/2722 2569/2037/2721 2571/2036/2723
f 2571/2036/2723 2572/2021/2724 2570/2022/2722
f 2573/2038/2725 2571/2036/2723 2569/2037/2721
f 2555/2018/2707 2554/2023/2706 2570/2022/2722
f 2570/2022/2722 2574/2016/2726 2555/2018/2707
f 2558/2017/2710 2555/2018/2707 2574/2016/2726
f 2574/2016/2726 2575/2014/2727 2558/2017/2710
f 2560/2019/2712 2558/2017/2710 2575/2014/2727
f 2575/2014/2727 2576/2015/2728 2560/2019/2712
f 2562/2020/2714 2560/2019/2712 2576/2015/2728
f 2576/2015/2728 2572/2021/2724 2562/2020/2714
f 2564/2030/2716 2562/2020/2714 2572/2021/2724
f 2572/2021/2724 2571/2036/2723 2564/2030/2716
f 2566/2028/2718 2564/2030/2716 2571/2036/2723
f 2571/2036/2723 2573/2038/2725 2566/2028/2718
f 2568/2026/2720 2566/2028/2718 2573/2038/2725
f 2573/2038/2725 2569/2037/2721 2568/2026/2720
f 2575/2014/2727 2574/2016/2726 2576/2015/2728
f 2572/2021/2724 2576/2015/2728 2574/2016/2726
f 2574/2016/2726 2570/2022/2722 2572/2021/2724
f 2577/1968/2729 2578/1967/2730 2579/1969/2731
f 2580/1964/2732 2581/1960/2733 2582/1963/2734
f 2583/1961/2735 2582/1963/2734 2581/1960/2733
f 2581/1960/2733 2584/1962/2736 2583/1961/2735
f 2577/1968/2729 2583/1961/2735 2584/1962/2736
f 2583/1961/2735 2577/1968/2729 2579/1969/2731
f 2582/1963/2734 2583/1961/2735 2579/1969/2731
f 2579/1969/2731 2585/1970/2737 2582/1963/2734
f 2580/1964/2732 2582/1963/2734 2585/1970/2737
f 2585/1970/2737 2586/1965/2738 2580/1964/2732
f 2581/1960/2733 2580/1964/2732 2586/1965/2738
f 2586/1965/2738 2587/1966/2739 2581/1960/2733
f 2584/1962/2736 2581/1960/2733 2587/1966/2739
f 2587/1966/2739 2578/1967/2730 2584/1962/2736
f 2577/1968/2729 2584/1962/2736 2578/1967/2730
f 2588/1976/2740 2589/1981/2741 2590/1977/2742
f 2591/1971/2743 2592/1973/2744 2593/1972/2745
f 2594/1974/2746 2593/1972/2745 2592/1973/2744
f 2592/1973/2744 2595/1975/2747 2594/1974/2746
f 2595/1975/2747 2592/1973/2744 2596/1980/2748
f 2597/1979/2749 2596/1980/2748 2592/1973/2744
f 2592/1973/2744 2591/1971/2743 2597/1979/2749
f 2598/1978/2750 2597/1979/2749 2591/1971/2743
f 2591/1971/2743 2593/1972/2745 2598/1978/2750
f 2590/1977/2742 2598/1978/2750 2593/1972/2745
f 2593/1972/2745 2594/1974/2746 2590/1977/2742
f 2594/1974/2746 2588/1976/2740 2590/1977/2742
f 2588/1976/2740 2594/1974/2746 2595/1975/2747
f 2588/1976/2740 2595/1975/2747 2589/1981/2741
f 2596/1980/2748 2589/1981/2741 2595/1975/2747
f 2599/1939/2751 2600/1938/2752 2601/1936/2753
f 2602/1937/2754 2601/1936/2753 2600/1938/2752
f 2602/1937/2754 2603/1935/2755 2601/1936/2753
f 2603/1935/2755 2602/1937/2754 2604/1944/2756
f 2605/1945/2757 2604/1944/2756 2602/1937/2754
f 2605/1945/2757 2606/1928/2758 2604/1944/2756
f 2607/1930/2759 2606/1928/2758 2608/1929/2760
f 2609/1927/2761 2608/1929/2760 2606/1928/2758
f 2610/1948/2762 2611/1947/2763 2612/1952/2764
f 2611/1947/2763 2610/1948/2762 2613/1934/2765
f 2601/1936/2753 2613/1934/2765 2610/1948/2762
f 2613/1934/2765 2601/1936/2753 2603/1935/2755
f 2603/1935/2755 2614/1946/2766 2613/1934/2765
f 2604/1944/2756 2614/1946/2766 2603/1935/2755
f 2615/1942/2767 2614/1946/2766 2604/1944/2756
f 2616/1943/2768 2615/1942/2767 2604/1944/2756
f 2616/1943/2768 2604/1944/2756 2606/1928/2758
f 2616/1943/2768 2606/1928/2758 2617/1931/2769
f 2607/1930/2759 2617/1931/2769 2606/1928/2758
f 2617/1931/2769 2607/1930/2759 2618/1932/2770
f 2619/1933/2771 2618/1932/2770 2607/1930/2759
f 2618/1932/2770 2619/1933/2771 2620/1940/2772
f 2262/1895/2370 2620/1940/2772 2619/1933/2771
f 2262/1895/2370 2263/1896/2371 2620/1940/2772
f 2621/1941/2773 2620/1940/2772 2263/1896/2371
f 2621/1941/2773 2263/1896/2371 2265/1898/2373
f 2265/1898/2373 2268/1901/2376 2621/1941/2773
f 2622/1950/2774 2621/1941/2773 2268/1901/2376
f 2622/1950/2774 2268/1901/2376 2271/1865/2379
f 2617/1931/2769 2615/1942/2767 2616/1943/2768
f 2618/1932/2770 2615/1942/2767 2617/1931/2769
f 2618/1932/2770 2621/1941/2773 2615/1942/2767
f 2618/1932/2770 2620/1940/2772 2621/1941/2773
f 2613/1934/2765 2614/1946/2766 2611/1947/2763
f 2623/1861/2775 2247/1860/2355 2204/1858/2312
f 2623/1861/2775 2624/1862/2776 2247/1860/2355
f 2274/1863/2382 2247/1860/2355 2624/1862/2776
f 2624/1862/2776 2625/1864/2777 2274/1863/2382
f 2271/1865/2379 2274/1863/2382 2625/1864/2777
f 2625/1864/2777 2626/1949/2778 2271/1865/2379
f 2622/1950/2774 2271/1865/2379 2626/1949/2778
f 2626/1949/2778 2627/1951/2779 2622/1950/2774
f 2621/1941/2773 2622/1950/2774 2627/1951/2779
f 2627/1951/2779 2628/1953/2780 2621/1941/2773
f 2615/1942/2767 2621/1941/2773 2628/1953/2780
f 2628/1953/2780 2629/1844/2781 2615/1942/2767
f 2614/1946/2766 2615/1942/2767 2629/1844/2781
f 2630/1843/2782 2614/1946/2766 2629/1844/2781
f 2611/1947/2763 2614/1946/2766 2630/1843/2782
f 2611/1947/2763 2630/1843/2782 2631/1954/2783
f 2631/1954/2783 2612/1952/2764 2611/1947/2763
f 2612/1952/2764 2631/1954/2783 2632/1955/2784
f 2612/1952/2764 2632/1955/2784 2633/1956/2785
f 2634/1957/2786 2633/1956/2785 2632/1955/2784
f 2635/1834/2787 2636/1835/2788 2637/1830/2789
f 2635/1834/2787 2637/1830/2789 2638/1833/2790
f 2639/1829/2791 2638/1833/2790 2637/1830/2789
f 2637/1830/2789 2640/1827/2792 2639/1829/2791
f 2641/1828/2793 2639/1829/2791 2640/1827/2792
f 2629/1844/2781 2641/1828/2793 2630/1843/2782
f 2641/1828/2793 2640/1827/2792 2642/1826/2794
f 2642/1826/2794 2630/1843/2782 2641/1828/2793
f 2643/1842/2795 2630/1843/2782 2642/1826/2794
f 2644/1959/2796 2630/1843/2782 2643/1842/2795
f 2644/1959/2796 2631/1954/2783 2630/1843/2782
f 2644/1959/2796 2632/1955/2784 2631/1954/2783
f 2632/1955/2784 2644/1959/2796 2645/1958/2797
f 2643/1842/2795 2645/1958/2797 2644/1959/2796
f 2645/1958/2797 2643/1842/2795 2646/1841/2798
f 2647/1824/2799 2646/1841/2798 2643/1842/2795
f 2643/1842/2795 2642/1826/2794 2647/1824/2799
f 2648/1825/2800 2647/1824/2799 2642/1826/2794
f 2648/1825/2800 2642/1826/2794 2640/1827/2792
f 2648/1825/2800 2640/1827/2792 2649/1831/2801
f 2640/1827/2792 2637/1830/2789 2649/1831/2801
f 2650/1832/2802 2649/1831/2801 2637/1830/2789
f 2650/1832/2802 2637/1830/2789 2636/1835/2788
f 2636/1835/2788 2651/1836/2803 2650/1832/2802
f 2652/1846/2804 2653/1845/2805 2654/1838/2806
f 2655/1839/2807 2654/1838/2806 2653/1845/2805
f 2654/1838/2806 2655/1839/2807 2649/1831/2801
f 2654/1838/2806 2649/1831/2801 2656/1837/2808
f 2650/1832/2802 2656/1837/2808 2649/1831/2801
f 2656/1837/2808 2650/1832/2802 2651/1836/2803
f 2649/1831/2801 2655/1839/2807 2648/1825/2800
f 2657/1840/2809 2648/1825/2800 2655/1839/2807
f 2648/1825/2800 2657/1840/2809 2647/1824/2799
f 2646/1841/2798 2647/1824/2799 2657/1840/2809
f 2658/2039/2810 2659/2040/2811 2660/2041/2812
f 2659/2040/2811 2658/2039/2810 2661/2042/2813
f 2662/2043/2814 2661/2042/2813 2658/2039/2810
f 2661/2042/2813 2662/2043/2814 2663/2044/2815
f 2664/2045/2816 2663/2044/2815 2662/2043/2814
f 2665/2046/2817 2663/2044/2815 2666/2047/2818
f 2665/2046/2817 2661/2042/2813 2663/2044/2815
f 2665/2046/2817 2667/2048/2819 2661/2042/2813
f 2667/2048/2819 2659/2040/2811 2661/2042/2813
f 2667/2048/2819 2668/2049/2820 2659/2040/2811
f 2668/2049/2820 2660/2041/2812 2659/2040/2811
f 2668/2049/2820 2669/2050/2821 2660/2041/2812
f 2670/2051/2822 2660/2041/2812 2669/2050/2821
f 2670/2051/2822 2671/2052/2823 2660/2041/2812
f 2672/2053/2824 2660/2041/2812 2671/2052/2823
f 2660/2041/2812 2672/2053/2824 2658/2039/2810
f 2673/2054/2825 2658/2039/2810 2672/2053/2824
f 2667/2048/2819 2669/2050/2821 2668/2049/2820
f 2674/2055/2826 2675/2056/2827 2676/2057/2828
f 2664/2045/2816 2676/2057/2828 2675/2056/2827
f 2664/2045/2816 2675/2056/2827 2663/2044/2815
f 2675/2056/2827 2677/2058/2829 2663/2044/2815
f 2666/2047/2818 2663/2044/2815 2677/2058/2829
f 2677/2058/2829 1720/1578/2830 2666/2047/2818
f 1717/1575/2831 2666/2047/2818 1720/1578/2830
f 1715/1573/2832 2666/2047/2818 1717/1575/2831
f 2665/2046/2817 2666/2047/2818 1715/1573/2832
f 1715/1573/2832 1714/1572/2833 2665/2046/2817
f 2678/2059/2834 2665/2046/2817 1714/1572/2833
f 2678/2059/2834 2667/2048/2819 2665/2046/2817
f 2667/2048/2819 2678/2059/2834 2679/2060/2835
f 2667/2048/2819 2679/2060/2835 2669/2050/2821
f 2680/2061/2836 2669/2050/2821 2679/2060/2835
f 2669/2050/2821 2680/2061/2836 2670/2051/2822
f 2681/2062/2837 2670/2051/2822 2680/2061/2836
f 2680/2061/2836 2682/2063/2838 2681/2062/2837
f 2683/2064/2839 2681/2062/2837 2682/2063/2838
f 2682/2063/2838 2684/2065/2840 2683/2064/2839
f 2685/2066/2841 2683/2064/2839 2684/2065/2840
f 2686/2067/2842 2687/2068/2843 2688/2069/2844
f 2687/2068/2843 2686/2067/2842 2689/2070/2845
f 2690/2071/2846 2689/2070/2845 2686/2067/2842
f 2689/2070/2845 2690/2071/2846 2691/2072/2847
f 2692/2073/2848 2691/2072/2847 2690/2071/2846
f 2691/2072/2847 2692/2073/2848 2693/2074/2849
f 2688/2069/2844 2693/2074/2849 2692/2073/2848
f 2693/2074/2849 2688/2069/2844 2687/2068/2843
f 2694/2075/2850 2695/2076/2851 2696/2077/2852
f 2695/2076/2851 2694/2075/2850 2697/2078/2853
f 2698/2079/2854 2697/2078/2853 2694/2075/2850
f 2697/2078/2853 2698/2079/2854 2699/2080/2855
f 2700/2081/2856 2699/2080/2855 2698/2079/2854
f 2699/2080/2855 2700/2081/2856 2701/2082/2857
f 2702/2083/2858 2701/2082/2857 2700/2081/2856
f 2701/2082/2857 2702/2083/2858 2703/2084/2859
f 2704/2085/2860 2703/2084/2859 2702/2083/2858
f 2703/2084/2859 2704/2085/2860 2705/2086/2861
f 2696/2077/2852 2705/2086/2861 2704/2085/2860
f 2705/2086/2861 2696/2077/2852 2695/2076/2851
f 2705/2086/2861 2695/2076/2851 2706/2087/2862
f 2707/2088/2863 2706/2087/2862 2695/2076/2851
f 2706/2087/2862 2707/2088/2863 2682/2063/2838
f 2684/2065/2840 2682/2063/2838 2707/2088/2863
f 2708/2089/2864 2701/2082/2857 2709/2090/2865
f 2701/2082/2857 2708/2089/2864 2699/2080/2855
f 2710/2091/2866 2699/2080/2855 2708/2089/2864
f 2699/2080/2855 2710/2091/2866 2687/2068/2843
f 2711/2092/2867 2687/2068/2843 2710/2091/2866
f 2687/2068/2843 2711/2092/2867 2693/2074/2849
f 2709/2090/2865 2693/2074/2849 2711/2092/2867
f 2693/2074/2849 2709/2090/2865 2701/2082/2857
f 2693/2074/2849 2701/2082/2857 2712/2093/2868
f 2701/2082/2857 2703/2084/2859 2712/2093/2868
f 2712/2093/2868 2703/2084/2859 2713/2094/2869
f 2705/2086/2861 2713/2094/2869 2703/2084/2859
f 2705/2086/2861 2706/2087/2862 2713/2094/2869
f 2713/2094/2869 2706/2087/2862 2682/2063/2838
f 2682/2063/2838 2680/2061/2836 2713/2094/2869
f 2679/2060/2835 2713/2094/2869 2680/2061/2836
f 2713/2094/2869 2679/2060/2835 2714/2095/2870
f 2714/2095/2870 2679/2060/2835 2678/2059/2834
f 2713/2094/2869 2714/2095/2870 2712/2093/2868
f 2715/2096/2871 2712/2093/2868 2714/2095/2870
f 2712/2093/2868 2715/2096/2871 2716/2097/2872
f 2717/2098/2873 2716/2097/2872 2715/2096/2871
f 2717/2098/2873 2718/2098/2874 2716/2097/2872
f 2719/2097/2875 2716/2097/2872 2718/2098/2874
f 2718/2098/2874 2720/2096/2876 2719/2097/2875
f 2721/2093/2877 2719/2097/2875 2720/2096/2876
f 2720/2096/2876 2722/2095/2878 2721/2093/2877
f 2723/2099/2879 2724/2099/2880 2725/2100/2881
f 2726/2100/2882 2725/2100/2881 2724/2099/2880
f 2726/2100/2882 2724/2099/2880 2691/2072/2847
f 2727/2101/2883 2691/2072/2847 2724/2099/2880
f 2691/2072/2847 2727/2101/2883 2689/2070/2845
f 2728/2102/2884 2689/2070/2845 2727/2101/2883
f 2689/2070/2845 2728/2102/2884 2729/2103/2885
f 2730/2104/2886 2729/2103/2885 2728/2102/2884
f 2730/2104/2886 2731/2104/2887 2729/2103/2885
f 2732/2103/2888 2729/2103/2885 2731/2104/2887
f 2731/2104/2887 2733/2102/2889 2732/2103/2888
f 2734/2070/2890 2732/2103/2888 2733/2102/2889
f 2733/2102/2889 2735/2101/2891 2734/2070/2890
f 2736/2072/2892 2734/2070/2890 2735/2101/2891
f 2735/2101/2891 2723/2099/2879 2736/2072/2892
f 2725/2100/2881 2736/2072/2892 2723/2099/2879
f 2736/2072/2892 2725/2100/2881 2719/2097/2875
f 2725/2100/2881 2726/2100/2882 2719/2097/2875
f 2716/2097/2872 2719/2097/2875 2726/2100/2882
f 2726/2100/2882 2691/2072/2847 2716/2097/2872
f 2716/2097/2872 2691/2072/2847 2712/2093/2868
f 2693/2074/2849 2712/2093/2868 2691/2072/2847
f 2737/2073/2893 2738/2071/2894 2736/2072/2892
f 2736/2072/2892 2739/2074/2895 2737/2073/2893
f 2740/2069/2896 2737/2073/2893 2739/2074/2895
f 2739/2074/2895 2741/2068/2897 2740/2069/2896
f 2742/2067/2898 2740/2069/2896 2741/2068/2897
f 2741/2068/2897 2734/2070/2890 2742/2067/2898
f 2738/2071/2894 2742/2067/2898 2734/2070/2890
f 2734/2070/2890 2736/2072/2892 2738/2071/2894
f 2743/2089/2899 2744/2090/2900 2745/2082/2901
f 2745/2082/2901 2746/2080/2902 2743/2089/2899
f 2747/2091/2903 2743/2089/2899 2746/2080/2902
f 2746/2080/2902 2741/2068/2897 2747/2091/2903
f 2748/2092/2904 2747/2091/2903 2741/2068/2897
f 2749/2075/2905 2750/2077/2906 2751/2076/2907
f 2751/2076/2907 2752/2078/2908 2749/2075/2905
f 2753/2079/2909 2749/2075/2905 2752/2078/2908
f 2752/2078/2908 2746/2080/2902 2753/2079/2909
f 2754/2081/2910 2753/2079/2909 2746/2080/2902
f 2746/2080/2902 2745/2082/2901 2754/2081/2910
f 2755/2083/2911 2754/2081/2910 2745/2082/2901
f 2745/2082/2901 2756/2084/2912 2755/2083/2911
f 2757/2051/2913 2758/2041/2914 2759/2052/2915
f 2760/2053/2916 2759/2052/2915 2758/2041/2914
f 2761/2049/2917 2758/2041/2914 2762/2050/2918
f 2757/2051/2913 2762/2050/2918 2758/2041/2914
f 2762/2050/2918 2757/2051/2913 2763/2061/2919
f 2764/2062/2920 2763/2061/2919 2757/2051/2913
f 2763/2061/2919 2764/2062/2920 2765/2063/2921
f 2766/2064/2922 2765/2063/2921 2764/2062/2920
f 2765/2063/2921 2766/2064/2922 2767/2065/2923
f 2768/2066/2924 2767/2065/2923 2766/2064/2922
f 2767/2065/2923 2769/2088/2925 2765/2063/2921
f 2770/2085/2926 2755/2083/2911 2756/2084/2912
f 2756/2084/2912 2771/2086/2927 2770/2085/2926
f 2750/2077/2906 2770/2085/2926 2771/2086/2927
f 2771/2086/2927 2751/2076/2907 2750/2077/2906
f 2771/2086/2927 2772/2087/2928 2751/2076/2907
f 2769/2088/2925 2751/2076/2907 2772/2087/2928
f 2772/2087/2928 2765/2063/2921 2769/2088/2925
f 2772/2087/2928 2773/2094/2929 2765/2063/2921
f 2765/2063/2921 2773/2094/2929 2763/2061/2919
f 2774/2060/2930 2763/2061/2919 2773/2094/2929
f 2763/2061/2919 2774/2060/2930 2762/2050/2918
f 2775/2048/2931 2762/2050/2918 2774/2060/2930
f 2762/2050/2918 2775/2048/2931 2761/2049/2917
f 2761/2049/2917 2775/2048/2931 2776/2040/2932
f 2761/2049/2917 2776/2040/2932 2758/2041/2914
f 2777/2039/2933 2758/2041/2914 2776/2040/2932
f 2758/2041/2914 2777/2039/2933 2760/2053/2916
f 2778/2054/2934 2760/2053/2916 2777/2039/2933
f 2739/2074/2895 2736/2072/2892 2721/2093/2877
f 2719/2097/2875 2721/2093/2877 2736/2072/2892
f 2772/2087/2928 2771/2086/2927 2773/2094/2929
f 2771/2086/2927 2756/2084/2912 2773/2094/2929
f 2779/2043/2935 2777/2039/2933 2780/2042/2936
f 2776/2040/2932 2780/2042/2936 2777/2039/2933
f 2776/2040/2932 2775/2048/2931 2780/2042/2936
f 2741/2068/2897 2739/2074/2895 2748/2092/2904
f 2744/2090/2900 2748/2092/2904 2739/2074/2895
f 2739/2074/2895 2745/2082/2901 2744/2090/2900
f 2745/2082/2901 2739/2074/2895 2721/2093/2877
f 2756/2084/2912 2745/2082/2901 2721/2093/2877
f 2721/2093/2877 2773/2094/2929 2756/2084/2912
f 2773/2094/2929 2721/2093/2877 2722/2095/2878
f 2774/2060/2930 2773/2094/2929 2722/2095/2878
f 2722/2095/2878 2781/2059/2937 2774/2060/2930
f 2775/2048/2931 2774/2060/2930 2781/2059/2937
f 2775/2048/2931 2781/2059/2937 2782/2046/2938
f 2775/2048/2931 2782/2046/2938 2780/2042/2936
f 2780/2042/2936 2782/2046/2938 2783/2044/2939
f 2780/2042/2936 2783/2044/2939 2779/2043/2935
f 2784/2045/2940 2779/2043/2935 2783/2044/2939
f 2785/2056/2941 2784/2045/2940 2783/2044/2939
f 2784/2045/2940 2785/2056/2941 2786/2057/2942
f 2787/2055/2943 2786/2057/2942 2785/2056/2941
f 2788/1580/2944 2789/1579/2945 2790/1577/2946
f 2791/1578/2947 2790/1577/2946 2789/1579/2945
f 2790/1577/2946 2791/1578/2947 2792/1575/2948
f 2790/1577/2946 2792/1575/2948 2793/1576/2949
f 2785/2056/2941 2783/2044/2939 2794/2058/2950
f 2795/2047/2951 2794/2058/2950 2783/2044/2939
f 2794/2058/2950 2795/2047/2951 2791/1578/2947
f 2792/1575/2948 2791/1578/2947 2795/2047/2951
f 2781/2059/2937 2796/1572/2952 2782/2046/2938
f 2797/1573/2953 2782/2046/2938 2796/1572/2952
f 2798/1571/2954 2797/1573/2953 2796/1572/2952
f 2799/1574/2955 2797/1573/2953 2798/1571/2954
f 2799/1574/2955 2798/1571/2954 2800/1585/2956
f 2800/1585/2956 2801/1581/2957 2799/1574/2955
f 2793/1576/2949 2799/1574/2955 2801/1581/2957
f 2799/1574/2955 2793/1576/2949 2792/1575/2948
f 2792/1575/2948 2797/1573/2953 2799/1574/2955
f 2795/2047/2951 2797/1573/2953 2792/1575/2948
f 2795/2047/2951 2782/2046/2938 2797/1573/2953
f 2783/2044/2939 2782/2046/2938 2795/2047/2951
f 2802/1818/2958 2803/1817/2959 2804/1816/2960
f 2805/1814/2961 2804/1816/2960 2803/1817/2959
f 2804/1816/2960 2805/1814/2961 2806/1815/2962
f 2807/1813/2963 2806/1815/2962 2805/1814/2961
f 2796/1572/2952 2808/1569/2964 2798/1571/2954
f 2809/1561/2965 2810/1563/2966 2811/1562/2967
f 2802/1818/2958 2811/1562/2967 2810/1563/2966
f 2804/1816/2960 2811/1562/2967 2802/1818/2958
f 2804/1816/2960 2812/1570/2968 2811/1562/2967
f 2804/1816/2960 2806/1815/2962 2812/1570/2968
f 2813/1820/2969 2812/1570/2968 2806/1815/2962
f 2806/1815/2962 2807/1813/2963 2813/1820/2969
f 2814/1819/2970 2813/1820/2969 2807/1813/2963
f 2815/1582/2971 2816/1584/2972 2817/1583/2973
f 2801/1581/2957 2817/1583/2973 2816/1584/2972
f 2817/1583/2973 2801/1581/2957 2800/1585/2956
f 2817/1583/2973 2800/1585/2956 2814/1819/2970
f 2813/1820/2969 2814/1819/2970 2800/1585/2956
f 2800/1585/2956 2798/1571/2954 2813/1820/2969
f 2813/1820/2969 2798/1571/2954 2812/1570/2968
f 2812/1570/2968 2798/1571/2954 2808/1569/2964
f 2808/1569/2964 2811/1562/2967 2812/1570/2968
f 2808/1569/2964 2818/1568/2974 2811/1562/2967
f 2809/1561/2965 2811/1562/2967 2818/1568/2974
f 2818/1568/2974 2819/1567/2975 2809/1561/2965
f 2819/1567/2975 2820/1565/2976 2809/1561/2965
f 2810/1563/2966 2809/1561/2965 2820/1565/2976
f 2810/1563/2966 2820/1565/2976 2821/1566/2977
f 2810/1563/2966 2821/1566/2977 2802/1818/2958
f 2822/1821/2978 2802/1818/2958 2821/1566/2977
f 2822/1821/2978 2803/1817/2959 2802/1818/2958
f 2803/1817/2959 2822/1821/2978 2823/1822/2979
f 2824/1823/2980 2823/1822/2979 2822/1821/2978
f 2825/1564/2981 2821/1566/2977 2820/1565/2976
